t,Heart.heart_rate_measured,Heart.cardiac_cycle_state,Heart.ecg_signal,LV.pres,LV.vol,RV.pres,RV.vol,AA.pres,AA.vol,PA.pres,PA.vol,AA.ph,AA.pco2,AA.po2
489.0005,120.60301507537679,0,0.0,63.54810945932543,0.0067136822301416795,36.33177681666781,0.008274165399630502,58.89000061833328,0.006242910633789581,32.73751823521923,0.008155151156065944,7.628024943008108,22.522289967026502,121.55054933274413
489.01049999999975,59.97001499250375,0,0.0,67.86841361622535,0.005889036180749739,38.90447111882399,0.007664061801178016,64.0210396876083,0.00644993808689462,35.968773871463405,0.008534302793801926,7.628024943008108,22.522289967026502,121.55054933274413
489.0204999999995,59.97001499250375,0,0.0,71.13888143460946,0.005157536804443006,40.26870601063182,0.00711294547720565,67.8435460314456,0.006638323898721867,37.735687352708204,0.00883410009156799,7.628024943008108,22.522289967026502,121.55054933274413
489.0304999999993,59.97001499250375,0,0.0,72.3660356516204,0.004649726849212627,40.41657517177511,0.006720773393476165,70.4873252286292,0.006740979068145667,38.52417118581667,0.008964154495403803,7.628024943008108,22.522289967026502,121.55054933274413
489.04049999999904,59.97001499250375,0,0.0,73.57533792667836,0.004280156337146279,40.20126085625251,0.006419060170449091,71.76466661331018,0.006804848386822161,38.737896737147956,0.009004683915408842,7.628024943008108,22.522289967026502,121.55054933274413
489.0504999999988,59.97001499250375,0,0.0,73.93903341684026,0.003981198916292278,39.74557710233513,0.006183271683503466,72.52810190752409,0.0068436792557606775,38.595595719320734,0.008985537155397058,7.628024943008108,22.522289967026502,121.55054933274413
489.06049999999857,59.97001499250375,0,0.0,73.89517551587402,0.0037567683141179723,39.103090763348035,0.006004010417176977,72.78406718423898,0.006857759856963068,38.17486419268544,0.008919635486932,7.628024943008108,22.522289967026502,121.55054933274413
489.07049999999833,59.97001499250375,0,0.0,73.35232745082219,0.003593812947202465,38.21668278988134,0.005869767774011966,72.59200309918009,0.006851772015191467,37.55774430967789,0.008820831671150045,7.628024943008108,22.522289967026502,121.55054933274413
489.0804999999981,59.97001499250375,0,0.0,72.56371558767869,0.0034861940818657158,37.24660458104903,0.005775453096544678,72.0762080729627,0.006828623249902195,36.78670688462084,0.008695812391771378,7.628024943008108,22.522289967026502,121.55054933274413
489.09049999999786,59.97001499250375,0,0.0,71.4311452247833,0.0034309394330170485,36.158873476274735,0.005718098641342265,71.22245898261187,0.0067893644713927425,35.883851359964126,0.008548563844551507,7.628024943008108,22.522289967026502,121.55054933274413
489.1004999999976,59.97001499250375,0,0.0,69.84404599276827,0.00342297733521289,34.94260480862619,0.005696130758547558,70.07960302996108,0.006736925207365437,34.861887928693655,0.008381457258184847,7.628024943008108,22.522289967026502,121.55054933274413
489.1104999999974,59.97001499250375,0,0.0,66.59447801452177,0.00342297733521289,33.26638266305013,0.005695918925035647,69.00492352527844,0.006685366979576854,33.80714043826351,0.00820848682077877,7.628024943008108,22.522289967026502,121.55054933274413
489.12049999999715,59.97001499250375,0,0.0,61.32934205589127,0.00342297733521289,30.570613355019127,0.005695918925035647,67.96927238761103,0.006635660303062213,32.83913217157278,0.008049775691224946,7.628024943008108,22.522289967026502,121.55054933274413
489.1304999999969,59.97001499250375,0,0.0,54.18107015550513,0.00342297733521289,26.912947724025965,0.005695918925035647,66.94557292851214,0.006587699832943405,31.9471624280166,0.007903764884853991,7.628024943008108,22.522289967026502,121.55054933274413
489.1404999999967,59.97001499250375,0,0.0,44.868988668389356,0.00342297733521289,22.150027740344083,0.005695918925035647,65.98076576695966,0.006541356868438665,31.124403754476923,0.007768921934941506,7.628024943008108,22.522289967026502,121.55054933274413
489.15049999999644,59.97001499250375,0,0.0,33.57912985276181,0.00342297733521289,16.376838417314197,0.005695918925035647,65.04822883519893,0.006496550532904212,30.361605044410346,0.007643927603093825,7.628024943008108,22.522289967026502,121.55054933274413
489.1604999999962,59.97001499250375,0,0.0,20.772548135478104,0.00342297733521289,9.828944713965708,0.005695918925035647,64.1233186166885,0.0064532233041594165,29.65073287625622,0.0075276431904280055,7.628024943008108,22.522289967026502,121.55054933274413
489.17049999999597,59.97001499250375,0,0.0,5.995853956677035,0.00342297733521289,2.4285800607828656,0.005783839389533487,63.25102330139317,0.006411281468445638,28.988048590384984,0.007419079323349998,7.628024943008108,22.522289967026502,121.55054933274413
489.18049999999573,59.97001499250375,0,0.0,1.4351738314410651,0.003935459909991854,0.795887200598917,0.006791863874917005,62.40654179727691,0.006370672607825872,28.367066575285573,0.007317382454694899,7.628024943008108,22.522289967026502,121.55054933274413
489.1904999999955,59.97001499250375,0,0.0,1.9395053991512947,0.004376497775304196,1.4141355713630266,0.007352026910025433,61.56762567743649,0.006331337193103745,27.7834735034662,0.007221813007630185,7.628024943008108,22.522289967026502,121.55054933274413
489.20049999999526,59.97001499250375,0,0.0,2.289426860069244,0.00468355175991099,1.7520780447652622,0.00766201820342438,60.77704592932547,0.006293195454924582,27.23536529126233,0.007131721730050512,7.628024943008108,22.522289967026502,121.55054933274413
489.210499999995,59.97001499250375,0,0.0,2.540202222426711,0.004904252168961634,1.9715224572447023,0.007865482378263199,60.011318494461094,0.006256210587309743,26.717822422425797,0.007046539954448785,7.628024943008108,22.522289967026502,121.55054933274413
489.2204999999948,59.97001499250375,0,0.0,2.727799367591291,0.0050691466900823125,2.1376295224780275,0.00801991001914341,59.24841912324698,0.006220356479013864,26.226492110339898,0.006965765966203975,7.628024943008108,22.522289967026502,121.55054933274413
489.23049999999455,59.97001499250375,0,0.0,2.8727562110779195,0.005197872687455669,2.2748020001499807,0.008148772799857543,58.529190044448555,0.006185570859555238,25.76043950049781,0.006888953817911738,7.628024943008108,22.522289967026502,121.55054933274413
489.2404999999943,59.97001499250375,0,0.0,2.990518401334603,0.005303031083932013,2.3949321526516933,0.00826203396228084,57.831646063786096,0.006151821495166049,25.31618385039079,0.006815713877437747,7.628024943008108,22.522289967026502,121.55054933274413
489.2504999999941,59.97001499250375,0,0.0,3.091443615085023,0.005392704828922477,2.5039210520208233,0.008364205448341743,57.13503370975861,0.006119083648294959,24.890658341841927,0.006745704544946093,7.628024943008108,22.522289967026502,121.55054933274413
489.26049999999384,59.97001499250375,0,0.0,3.179425466382483,0.005472102207764682,2.602412427532048,0.00845757964943453,56.478478705084285,0.006087299634656293,24.483861506238725,0.0066786233841524545,7.628024943008108,22.522289967026502,121.55054933274413
489.2704999999936,59.97001499250375,0,0.0,3.2593895164705695,0.005544569762927134,2.6928456067391005,0.008543530260026272,55.841196169650175,0.006056440998555622,24.093253734101843,0.006614208036397045,7.628024943008108,22.522289967026502,121.55054933274413
489.28049999999337,59.97001499250375,0,0.0,3.33491609745328,0.005612251157017508,2.7772178563958043,0.008622986677787858,55.20344228830641,0.006026485477639116,23.71656170269975,0.0065522290507774115,7.628024943008108,22.522289967026502,121.55054933274413
489.29049999999313,59.97001499250375,0,0.0,3.4054312725680718,0.005676536907710869,2.8543510900726177,0.008696663123370852,54.60267466339338,0.00599738062116404,23.35431578659029,0.006492482602463568,7.628024943008108,22.522289967026502,121.55054933274413
489.3004999999929,59.97001499250375,0,0.0,3.473081996187473,0.0057383233681048956,2.9259106638291175,0.008765175450897717,54.019131557068235,0.005969102081987823,23.00456727252235,0.00643479224511918,7.628024943008108,22.522289967026502,121.55054933274413
489.31049999999266,59.97001499250375,0,0.0,3.5396623933821694,0.005798180884512676,2.9934783003610708,0.008829039906045295,53.43394870947439,0.005941630225614596,22.665548564682457,0.006379003203716652,7.628024943008108,22.522289967026502,121.55054933274413
489.3204999999924,59.97001499250375,0,0.0,3.6033674356498757,0.00585648757565053,3.0555179815676903,0.008888705482772838,52.88303422816997,0.005914917490009766,22.338097336407905,0.006324976703744614,7.628024943008108,22.522289967026502,121.55054933274413
489.3304999999922,59.97001499250375,0,0.0,3.6656211071198785,0.00591348963276334,3.1135204414538644,0.008944595641301407,52.34754270261564,0.005888943270482622,22.020652155686413,0.006272592543618614,7.628024943008108,22.522289967026502,121.55054933274413
489.34049999999195,59.97001499250375,0,0.0,3.7277568928174487,0.005969339852821264,3.1689230596186526,0.008997074048795465,51.80940508104311,0.005863690289727021,21.711779384186528,0.006221744613726784,7.628024943008108,22.522289967026502,121.55054933274413
489.3504999999917,59.97001499250375,0,0.0,3.7876030722763434,0.006024147151556138,3.219993682844796,0.0090464588638554,51.303103500388445,0.005839115342833651,21.412489805565652,0.006172336463878356,7.628024943008108,22.522289967026502,121.55054933274413
489.3604999999915,59.97001499250375,0,0.0,3.8464065591221273,0.006077984815513655,3.2681232698120013,0.009093060193993016,50.81062548521896,0.00581520112271303,21.121482639027025,0.006124284412609768,7.628024943008108,22.522289967026502,121.55054933274413
489.37049999999124,59.97001499250375,0,0.0,3.905392210821716,0.00613089481559627,3.314656021501634,0.009137142387219086,50.31462904811525,0.005791932410229337,20.83755023033425,0.0060775139491752485,7.628024943008108,22.522289967026502,121.55054933274413
489.380499999991,59.97001499250375,0,0.0,3.9622556729619585,0.00618291432918815,3.35772148477952,0.009178933649796394,49.848283817511685,0.005769269861855055,20.561793922537255,0.006031956173699903,7.628024943008108,22.522289967026502,121.55054933274413
489.39049999999077,59.97001499250375,0,0.0,4.018211450203512,0.006234070701610462,3.398640472964564,0.009218663983801011,49.394338751028684,0.005747199065282216,20.29309289852001,0.005987551189410228,7.628024943008108,22.522289967026502,121.55054933274413
489.40049999999053,59.97001499250375,0,0.0,4.07446907359571,0.006284376782073246,3.438690821483584,0.009256526537033698,48.93611985424029,0.005725706594801983,20.030396483794515,0.005944245115417699,7.628024943008108,22.522289967026502,121.55054933274413
489.4104999999903,59.97001499250375,0,0.0,4.128657426393349,0.006333850705913836,3.475901067454057,0.009292684498673607,48.50558668700421,0.005704756534294045,19.774845853336476,0.005901987132053961,7.628024943008108,22.522289967026502,121.55054933274413
489.42049999999006,59.97001499250375,0,0.0,4.181996552586578,0.006382507812235471,3.5115415442084394,0.009327309712725787,48.086187637247505,0.005684337015121995,19.5254482507977,0.005860732980874264,7.628024943008108,22.522289967026502,121.55054933274413
489.4304999999898,59.97001499250375,0,0.0,4.235705150333683,0.006430353690764882,3.5468425478119436,0.00936054351220019,47.661860403299976,0.005664436179916795,19.28126529583173,0.005820442401124256,7.628024943008108,22.522289967026502,121.55054933274413
489.4404999999896,59.97001499250375,0,0.08857854689963715,4.287365763561702,0.006478975966787325,3.579757986796276,0.00939523924163799,47.26345101908639,0.0056450211586968856,19.04344735209655,0.005781076599080972,7.628024943008108,22.522289967026502,121.55054933274413
489.45049999998935,59.97001499250375,0,0.997006992097695,4.651588026253492,0.006826355156319109,4.0538061942861265,0.009869548709334512,46.87521248055168,0.005626079336716398,18.81132147406385,0.00574260179904271,7.628024943008108,22.522289967026502,121.55054933274413
489.4604999999891,59.97001499250375,0,1.941297560004184,5.355569231106213,0.007458586008932774,4.807210776770209,0.01057293219716035,46.480928669457086,0.005607620335758334,18.582916880717523,0.00570499034692379,7.628024943008108,22.522289967026502,121.55054933274413
489.4704999999889,59.97001499250375,0,2.913107289311129,6.0794513437665145,0.00809915175099443,5.387428964859181,0.011106612063264003,46.11081590745993,0.005589610137516633,18.35995729501969,0.005668232239282258,7.628024943008108,22.522289967026502,121.55054933274413
489.48049999998864,59.97001499250375,0,3.903294921723681,6.645666033237088,0.008595770887944493,5.718198143550792,0.011408955049113205,45.74969389325108,0.005572036707124051,18.142089765811576,0.00563234013999428,7.628024943008108,22.522289967026502,121.55054933274413
489.4904999999884,59.97001499250375,0,4.902177449414032,7.00273909419667,0.008905240249379848,5.8534942414457465,0.011530205792165684,45.38266293067449,0.005554887466985243,17.928946474559766,0.005597333785757844,7.628024943008108,22.522289967026502,121.55054933274413
489.50049999998816,59.97001499250375,0,5.899813190259538,7.158428361940338,0.009038939514081853,5.8613162686423035,0.011538941006563502,45.0385976068952,0.005538133168783083,17.721930579748236,0.005563228794639099,7.628024943008108,22.522289967026502,121.55054933274413
489.5104999999879,59.97001499250375,1,6.88629764663861,7.169474272983478,0.009049257488145843,5.857631085770831,0.011538941006563502,44.702761143089674,0.00552176568560016,17.520563756492887,0.005530035814897428,7.628024943008108,22.522289967026502,121.55054933274413
489.5204999999877,59.97001499250375,1,7.852057522018123,7.168133474068247,0.009049257488145843,5.8562902868556,0.011538941006563502,44.36056662788496,0.005505775488864452,17.32418058305015,0.005497754076572048,7.628024943008108,22.522289967026502,121.55054933274413
489.53049999998746,59.97001499250375,1,8.788128396917815,7.167421943537237,0.009049257488145843,5.8558212190524745,0.011538941006563502,44.04041987334508,0.005490128576703404,17.134466522471723,0.005466364726501048,7.628024943008108,22.522289967026502,121.55054933274413
489.5404999999872,59.97001499250375,1,9.598485993824486,7.170127379408383,0.009049257488145843,5.858768069845739,0.011538941006563502,43.72843849920449,0.00547480516464782,16.951331250959196,0.005435830687732979,7.628024943008108,22.522289967026502,121.55054933274413
489.550499999987,38.94839337877463,1,9.598485993824486,9.039566631428533,0.009049257488145843,7.234250930066278,0.011538941006563502,43.41108009380048,0.005459781058394405,16.774706136787568,0.005406092355206105,7.628024943008108,22.522289967026502,121.55054933274413
489.56049999998675,38.94839337877463,1,9.598485993824486,14.976108012743392,0.009049257488145843,11.597694608971125,0.011538941006563502,43.114253614750666,0.005445053480945782,16.603599247503297,0.005377067079639308,7.628024943008108,22.522289967026502,121.55054933274413
489.5704999999865,38.94839337877463,1,9.598485993824486,24.800048393511823,0.009049257488145843,18.692449565871456,0.011476230039152985,42.823813532385415,0.005430632384371738,16.81056883205815,0.005410722732948008,7.628024943008108,22.522289967026502,121.55054933274413
489.5804999999863,38.94839337877463,1,9.598485993824486,38.133591043867796,0.009049257488145843,25.60120518984349,0.010756019104050028,42.525959024473536,0.005416516516806072,20.806106555064353,0.006072704427568799,7.628024943008108,22.522289967026502,121.55054933274413
489.59049999998604,38.94839337877463,1,9.598485993824486,51.79497362582127,0.008593225925307382,31.003446567142813,0.009787113017550053,46.961495705477176,0.00559450992252564,25.917356399242216,0.006920545661129004,7.628024943008108,22.522289967026502,121.55054933274413
489.6004999999858,38.94839337877463,1,9.598485993824486,60.114708796306935,0.007520617837496256,34.8414812464046,0.00887380272080722,54.44125710217839,0.005939027279816982,30.319900617116524,0.007653164397027126,7.628024943008108,22.522289967026502,121.55054933274413
489.61049999998556,38.94839337877463,1,9.598485993824486,65.34401200112661,0.0065142577804238495,37.28440464819065,0.008102584992786597,60.577469317770856,0.006233372773995937,33.5971509457469,0.008199643318290532,7.628024943008108,22.522289967026502,121.55054933274413
489.6204999999853,38.94839337877463,1,9.598485993824486,68.92688128252964,0.0057003180389943965,38.749364135198135,0.007482731654635537,65.14249548172302,0.006453807316330248,35.79879325314757,0.008567289798642009,7.628024943008108,22.522289967026502,121.55054933274413
489.6304999999851,38.94839337877463,1,9.598485993824486,71.36166155838072,0.005065784865721156,39.47848190697045,0.006996317341039066,68.36548104683544,0.0066099808863963,37.11483694588461,0.008787718330315435,7.628024943008108,22.522289967026502,121.55054933274413
489.64049999998485,38.94839337877463,1,9.598485993824486,72.80757224941829,0.004574068061317054,39.58898993840635,0.006616287042466651,70.51980615425641,0.006716052990380037,37.768723027163595,0.008898224988188319,7.628024943008108,22.522289967026502,121.55054933274413
489.6504999999846,38.94839337877463,1,9.598485993824486,73.66199063065021,0.004196123409293776,39.3534168164972,0.006322015893104726,71.8946443518795,0.006783366915403991,37.93102972147697,0.008926740242988819,7.628024943008108,22.522289967026502,121.55054933274413
489.6604999999844,38.94839337877463,1,9.598485993824486,74.00079389451942,0.003910195544890865,38.85413111765006,0.006097279279252448,72.6280563941932,0.00681977693198945,37.72782045206615,0.008894397455673587,7.628024943008108,22.522289967026502,121.55054933274413
489.67049999998414,38.94839337877463,1,9.598485993824486,73.8107675139137,0.0036984215479919065,38.094821170086064,0.00592749441164471,72.82274115219997,0.006831622042354781,37.2650844378482,0.008818994576125528,7.628024943008108,22.522289967026502,121.55054933274413
489.6804999999839,38.94839337877463,1,9.598485993824486,73.29644535123798,0.003550228439335266,37.21136355217967,0.005804151088159788,72.61574765315554,0.0068231537164002275,36.60898656391932,0.008711128946819077,7.628024943008108,22.522289967026502,121.55054933274413
489.6904999999837,38.94839337877463,1,9.598485993824486,72.42284697238588,0.003459426961059809,36.20460139271234,0.005721816132602716,72.02753680619792,0.006796633953840666,35.798766054523526,0.008577510761560964,7.628024943008108,22.522289967026502,121.55054933274413
489.70049999998344,38.94839337877463,1,9.598485993824486,71.17170262938625,0.003423358888407995,35.05993412395336,0.005676864101571038,71.06011663581702,0.0067532683410936,34.86031511690003,0.008422612350698954,7.628024943008108,22.522289967026502,121.55054933274413
489.7104999999832,38.94839337877463,0,9.598485993824486,69.01110629851803,0.0034227097590733184,33.758079985785486,0.005667852887028977,69.96769187928557,0.006701698587352569,33.80838253826924,0.008248546133059002,7.628024943008108,22.522289967026502,121.55054933274413
489.72049999998296,38.94839337877463,0,9.598485993824486,64.79792919688649,0.0034227097590733184,31.640446999777623,0.005667852887028977,68.93367902160514,0.0066524246166156705,32.80114197613566,0.008081819773716763,7.628024943008108,22.522289967026502,121.55054933274413
489.7304999999827,38.94839337877463,0,9.598485993824486,58.50560262701314,0.0034227097590733184,28.477884927333598,0.005667852887028977,67.91591193900788,0.006604844680694824,31.88014454505587,0.00792949673682594,7.628024943008108,22.522289967026502,121.55054933274413
489.7404999999825,38.94839337877463,0,9.598485993824486,50.00192779454129,0.0034227097590733184,24.204017066073497,0.005667852887028977,66.95089289015354,0.006558834632086887,31.036421765929816,0.0077897691449598854,7.628024943008108,22.522289967026502,121.55054933274413
489.75049999998225,38.94839337877463,0,9.598485993824486,39.37840437748973,0.0034227097590733184,18.864790385267188,0.005667852887028977,66.01726086385854,0.006514312565020412,30.25957316662815,0.007661082603936906,7.628024943008108,22.522289967026502,121.55054933274413
489.760499999982,38.94839337877463,0,9.598485993824486,26.90798896624686,0.0034227097590733184,12.597389323538742,0.005667852887028977,65.09521559444902,0.006471214383915633,29.54060284606977,0.007542098419598727,7.628024943008108,22.522289967026502,121.55054933274413
489.7704999999818,38.94839337877463,0,9.598485993824486,12.451417111166222,0.0034227097590733184,5.331812316986616,0.005667852887028977,64.2199392245659,0.006429454831221448,28.87430642507701,0.007431658374289049,7.628024943008108,22.522289967026502,121.55054933274413
489.78049999998154,38.94839337877463,0,0.0,0.922691168304548,0.0037040123911724772,0.1467211829402002,0.006426896579462617,63.371594610227355,0.006388982348735906,28.253524273168516,0.007328764886008219,7.628024943008108,22.522289967026502,121.55054933274413
489.7904999999813,38.94839337877463,0,0.0,1.5450917904342925,0.004244567711419148,1.0283341672979724,0.007220700060579011,62.53238588444735,0.006349743378082218,27.67300584410983,0.007232556576477057,7.628024943008108,22.522289967026502,121.55054933274413
489.80049999998107,38.94839337877463,0,0.0,1.9766895728894123,0.004618131792265941,1.4851402584473283,0.007632798443701912,61.7361686389928,0.006311655673687595,27.13046427836288,0.007142283742296636,7.628024943008108,22.522289967026502,121.55054933274413
489.81049999998083,38.94839337877463,0,0.0,2.284981373779703,0.004883654164531648,1.7642444807623154,0.007884526519237526,60.96423491629583,0.006274683194890788,26.620706766251505,0.007057293388279447,7.628024943008108,22.522289967026502,121.55054933274413
489.8204999999806,38.94839337877463,0,0.0,2.5138442002368344,0.005079082074326354,1.9650163446390274,0.008064679815022359,60.19897327677715,0.006238797268645668,26.139099447111292,0.006977012212702167,7.628024943008108,22.522289967026502,121.55054933274413
489.83049999998036,38.94839337877463,0,0.0,2.6895477060477804,0.005228892127314695,2.1261151138269465,0.00820942185759088,59.472296576853665,0.006203945164879686,25.683876596110686,0.00690093380908901,7.628024943008108,22.522289967026502,121.55054933274413
489.8404999999801,38.94839337877463,0,0.0,2.8308193626217455,0.005348853938444654,2.2649315495633977,0.008333913419920146,58.76675712981826,0.006170096891494689,25.251413234232903,0.006828616100082401,7.628024943008108,22.522289967026502,121.55054933274413
489.8504999999799,38.94839337877463,0,0.0,2.9501034386081515,0.005449129860849683,2.389552027095165,0.008444844041794077,58.06585884956937,0.006137225361372876,24.838546957164994,0.006759672761217478,7.628024943008108,22.522289967026502,121.55054933274413
489.86049999997965,38.94839337877463,0,0.4019672239808142,3.0948236433830916,0.005583349668147515,2.567072830059719,0.008622345327840246,57.40048887654136,0.006105277949592473,24.444983495427458,0.0066937642286917,7.628024943008108,22.522289967026502,121.55054933274413
489.8704999999794,38.94839337877463,0,1.3238369404965855,3.6015945733779335,0.006047146585656685,3.196823694723322,0.009223557133931831,56.753331455336266,0.006074238214717118,24.067130046685875,0.0066305965521712635,7.628024943008108,22.522289967026502,121.55054933274413
489.8804999999792,38.94839337877463,0,2.278754123164132,4.286638299346823,0.006657062722469521,3.8576304250769486,0.009834925824858865,56.10880656927748,0.0060440971549146705,23.702448108969232,0.006569920389403215,7.628024943008108,22.522289967026502,121.55054933274413
489.89049999997894,38.94839337877463,0,3.258069404641916,4.907371284459302,0.007203921874674678,4.308470752515405,0.010247709036671852,55.49656907006622,0.006014800735579013,23.351686396280954,0.00651153737765416,7.628024943008108,22.522289967026502,121.55054933274413
489.9004999999787,38.94839337877463,0,4.252421100422787,5.359571990759654,0.007599082245342823,4.551589962423252,0.010468283548654618,54.90122722364471,0.005986319610168051,23.013583159756642,0.0064552987840260515,7.628024943008108,22.522289967026502,121.55054933274413
489.91049999997847,38.94839337877463,0,5.252002509226238,5.633469808364904,0.007835035806958698,4.642066137018375,0.010546765368339607,54.307963048875955,0.005958627945462009,22.686951704014007,0.006401085217153587,7.628024943008108,22.522289967026502,121.55054933274413
489.92049999997823,38.94839337877463,0,6.246851091822776,5.74773373376283,0.007930871710224439,4.64469532173127,0.010548704928767253,53.74487597311434,0.005931682912718875,22.372543123602217,0.006348787520220128,7.628024943008108,22.522289967026502,121.55054933274413
489.930499999978,38.94839337877463,1,7.2271453638073035,5.7541864502998195,0.007935000434124017,4.644711628748571,0.010548704928767253,53.19710344500388,0.00590546350926775,22.0690853926242,0.00629830073538165,7.628024943008108,22.522289967026502,121.55054933274413
489.94049999997776,38.94839337877463,1,8.183494805030453,5.756987330303316,0.007935000434124017,4.647512508752067,0.010548704928767253,52.65067784815351,0.005879942577415395,21.775779895393953,0.006249518479468276,7.628024943008108,22.522289967026502,121.55054933274413
489.9504999999775,38.94839337877463,1,9.10720857082078,5.761038109563026,0.007935000434124017,4.651735252068217,0.010548704928767253,52.132800611177586,0.005855073155553006,21.49370760575398,0.006202329187122762,7.628024943008108,22.522289967026502,121.55054933274413
489.9604999999773,144.0576230492196,1,9.598485993824486,5.935800983922034,0.007935000434124017,4.782622040672244,0.010548704928767253,51.62966571781598,0.005830827325478727,21.222148569040026,0.006156616819465347,7.628024943008108,22.522289967026502,121.55054933274413
489.97049999997705,144.0576230492196,1,9.598485993824486,8.908271960982553,0.007935000434124017,6.9759565416148845,0.010548704928767253,51.12734789762001,0.005807181317608355,20.959683823322955,0.0061122559814750415,7.628024943008108,22.522289967026502,121.55054933274413
489.9804999999768,144.0576230492196,1,9.598485993824486,15.489845955034564,0.007935000434124017,11.828948896645606,0.010548704928767253,50.650889623508576,0.005784123983763917,20.7053764600333,0.006069112280269966,7.628024943008108,22.522289967026502,121.55054933274413
489.9904999999766,144.0576230492196,1,9.598485993824486,25.457048726121176,0.007935000434124017,19.17698698158887,0.010548704928767253,50.18646873652803,0.005761649052653678,20.457423452612723,0.006027058310778756,7.628024943008108,22.522289967026502,121.55054933274413
490.00049999997634,144.0576230492196,1,9.598485993824486,38.4244142432325,0.007935000434124017,26.859868371615192,0.010113755778292469,49.72085834977261,0.0057397448006817385,22.768193245445175,0.0064090851413542505,7.609909483644224,23.5515746314137,119.39904302705764
490.0104999999761,144.0576230492196,1,9.598485993824486,53.39057691023983,0.00783347577145849,32.01093996180849,0.009243362494370572,50.71760377345185,0.00577098957210284,27.386880128021776,0.007173614945618944,7.609909483644224,23.5515746314137,119.39904302705764
490.02049999997587,144.0576230492196,1,9.598485993824486,62.1891522206543,0.006978525829780579,35.408269985343075,0.00841933770713073,57.220924892736186,0.0060566171633494505,31.375450110246334,0.007835950204491543,7.609909483644224,23.5515746314137,119.39904302705764
490.03049999997563,144.0576230492196,1,9.598485993824486,66.96701337964707,0.00608090028380267,37.51108212520519,0.007736188499938224,62.693499224924544,0.006316266016188283,34.2629922725154,0.008316734211970328,7.609909483644224,23.5515746314137,119.39904302705764
490.0404999999754,144.0576230492196,1,9.598485993824486,70.07342679686963,0.005354366862725345,38.731403588117956,0.007193428592300282,66.70227203013572,0.006508685226548938,36.154716970949345,0.008632139876340381,7.609909483644224,23.5515746314137,119.39904302705764
490.05049999997516,144.0576230492196,1,9.598485993824486,72.12502423885827,0.00479134188210438,39.298521584290114,0.006769990417705524,69.48500563138529,0.00664283942118033,37.25293181473985,0.008815743331383512,7.609909483644224,23.5515746314137,119.39904302705764
490.0604999999749,144.0576230492196,1,9.598485993824486,73.31337262849677,0.004358307225836904,39.33664833520093,0.00644117275986513,71.29944127873881,0.006731731614541272,37.76096924939237,0.00890144102778343,7.609909483644224,23.5515746314137,119.39904302705764
490.0704999999747,144.0576230492196,1,9.598485993824486,73.93749569015304,0.00402862402461581,39.05389759337939,0.006188305985942341,72.39902380029062,0.006785524415153621,37.83256147051917,0.008914416131407834,7.609909483644224,23.5515746314137,119.39904302705764
490.08049999997445,144.0576230492196,1,9.598485993824486,74.07322610602262,0.003782839838653216,38.5262734653991,0.005997181833078949,72.9109728181085,0.006811276588874915,37.5789878760817,0.008873298009531055,7.609909483644224,23.5515746314137,119.39904302705764
490.0904999999742,144.0576230492196,1,9.598485993824486,73.73828231545998,0.0036063121201994107,37.77308677127738,0.0058560641613808395,72.92395534323074,0.0068142851569737515,37.08782772933329,0.008792778400957808,7.609909483644224,23.5515746314137,119.39904302705764
490.100499999974,144.0576230492196,1,9.598485993824486,73.06102960080021,0.0034905220344972447,36.88506231350652,0.005758070908411141,72.54529083196587,0.006797918374097989,36.414460468542146,0.008681724008591196,7.609909483644224,23.5515746314137,119.39904302705764
490.11049999997374,144.0576230492196,1,9.598485993824486,72.00951953465253,0.0034312563843781553,35.86225766846529,0.005699311788410784,71.78735680156292,0.006763811481844856,35.58942702109904,0.008545358458815717,7.609909483644224,23.5515746314137,119.39904302705764
490.1204999999735,144.0576230492196,0,9.598485993824486,70.43557602577268,0.003422713325519034,34.692020952263626,0.005678355704600193,70.71503285514677,0.006715158761508726,34.62666444715963,0.008386136139451189,7.609909483644224,23.5515746314137,119.39904302705764
490.13049999997327,144.0576230492196,0,9.598485993824486,67.06296050608259,0.003422713325519034,32.98343222700079,0.005678328512485262,69.69848762513804,0.006667129591676876,33.632047771345135,0.008221399289609554,7.609909483644224,23.5515746314137,119.39904302705764
490.14049999997303,144.0576230492196,0,9.598485993824486,61.51157263156531,0.003422713325519034,30.176299373009424,0.005678328512485262,68.71644638009073,0.006620718880763833,32.72174310481629,0.00807058467023144,7.609909483644224,23.5515746314137,119.39904302705764
490.1504999999728,144.0576230492196,0,9.598485993824486,53.80133832664637,0.003422713325519034,26.277282296172736,0.005678328512485262,67.75084431669637,0.0065758258581325646,31.88456673530084,0.007931976974345561,7.609909483644224,23.5515746314137,119.39904302705764
490.16049999997256,144.0576230492196,0,9.598485993824486,43.86682721152218,0.003422713325519034,21.253333466623907,0.005678328512485262,66.8312860808545,0.006532349440637978,31.11303602697791,0.007804072139145477,7.609909483644224,23.5515746314137,119.39904302705764
490.1704999999723,144.0576230492196,0,9.598485993824486,31.831712180128637,0.003422713325519034,15.166975481335129,0.005678328512485262,65.94037988601846,0.006490220942839012,30.398495638890843,0.007685575733214758,7.609909483644224,23.5515746314137,119.39904302705764
490.1804999999721,144.0576230492196,0,9.598485993824486,17.9595578093603,0.003422713325519034,8.151522668460807,0.005678328512485262,65.06195207588945,0.0064493843221923195,29.733448312774637,0.007575371857207604,7.609909483644224,23.5515746314137,119.39904302705764
490.19049999997185,144.0576230492196,0,9.598485993824486,2.2890271484662303,0.0034662861778600924,0.5809741770115968,0.005973806110651093,64.22445889371058,0.006409768606355448,29.113469463090105,0.007472494384056583,7.609909483644224,23.5515746314137,119.39904302705764
490.2004999999716,144.0576230492196,0,0.0,1.3030512856836927,0.004070274253770396,0.721605875596671,0.006978013497730481,63.41195699260159,0.0063713272985212385,28.53284550511617,0.007376110283454975,7.609909483644224,23.5515746314137,119.39904302705764
490.2104999999714,144.0576230492196,0,0.0,1.78860856301278,0.004491648885131367,1.2773982746660701,0.007479930883149795,62.61008526575897,0.006333999451938892,27.987675217934694,0.0072854988236073035,7.609909483644224,23.5515746314137,119.39904302705764
490.22049999997114,144.0576230492196,0,0.0,2.1335177687971796,0.004789631244682031,1.5976750469776024,0.007769056103314371,61.84583705076678,0.0062977286555229,27.475255370656775,0.007200029330531857,7.609909483644224,23.5515746314137,119.39904302705764
490.2304999999709,144.0576230492196,0,0.0,2.387170267003719,0.005007462806150608,1.8157596743338598,0.007965366003124006,61.10390203786247,0.006262484310723113,26.991143321480582,0.007119149398104752,7.609909483644224,23.5515746314137,119.39904302705764
490.24049999997067,144.0576230492196,0,0.0,2.581788239664293,0.005173042330640977,1.9860059685977585,0.008117575976541586,60.36987941406947,0.006228238982223328,26.531447427038025,0.007042373176362804,7.609909483644224,23.5515746314137,119.39904302705764
490.25049999997043,144.0576230492196,0,0.0,2.736497816150931,0.00530440485997244,2.1295030706599674,0.008245917737973452,59.66968325814358,0.006194946999185672,26.094683241383898,0.006969271753802648,7.609909483644224,23.5515746314137,119.39904302705764
490.2604999999702,144.0576230492196,0,0.13303057135290006,2.866731830186429,0.005417335590921331,2.258929583862146,0.008366132740657003,58.989123171163186,0.006162580580335978,25.677874639431636,0.006899470853011118,7.609909483644224,23.5515746314137,119.39904302705764
490.27049999996996,144.0576230492196,0,1.043435353305308,3.274896523094835,0.005796391340684154,2.7705019179267634,0.008865414361121975,58.31467010448644,0.006131109550891863,25.27843271393859,0.006832643603142837,7.609909483644224,23.5515746314137,119.39904302705764
490.2804999999697,144.0576230492196,0,1.9893076167945407,3.9478357803986617,0.00640077769138811,3.453391283664982,0.009503105785277174,57.67029513401421,0.006100521100531854,24.8943094889687,0.006768506201019825,7.609909483644224,23.5515746314137,119.39904302705764
490.2904999999695,144.0576230492196,0,2.9622589436707094,4.611897452454688,0.00698885673889648,3.9635740030888904,0.009972383113486225,57.04314401319392,0.006070780680584405,24.524257736856097,0.006706829422805009,7.609909483644224,23.5515746314137,119.39904302705764
490.30049999996925,144.0576230492196,0,3.953114622585078,5.1255035287114925,0.007438716331075549,4.259554990337904,0.010241133649930604,56.42065696856252,0.006041857930730799,24.167025063650136,0.006647437421262392,7.609909483644224,23.5515746314137,119.39904302705764
490.310499999969,144.0576230492196,0,4.952171824730427,5.455496312328273,0.0077256452816561105,4.389745271195407,0.010357133014505677,55.82677619648004,0.006013709714173164,23.823160813582508,0.0065901894961125085,7.609909483644224,23.5515746314137,119.39904302705764
490.3204999999688,144.0576230492196,0,5.949483655982983,5.620371948001178,0.007866023659272529,4.407681474910424,0.01037092525525856,55.24878960700521,0.005986311731958938,23.491463768759342,0.0065349648161407425,7.609909483644224,23.5515746314137,119.39904302705764
490.33049999996854,144.0576230492196,1,6.935155274035003,5.651139678650156,0.00788817494553913,4.40930548629535,0.01037092525525856,54.674484677493815,0.005959641488037875,23.170742121122718,0.00648164901616345,7.609909483644224,23.5515746314137,119.39904302705764
490.3404999999683,144.0576230492196,1,7.899637426884546,5.6530828819902155,0.00788817494553913,4.411408826954283,0.01037092525525856,54.12688924482359,0.005933658808631863,22.86173110485299,0.006430126985533998,7.609909483644224,23.5515746314137,119.39904302705764
490.35049999996806,144.0576230492196,1,8.834002947301594,5.657248627101943,0.00788817494553913,4.415733681396755,0.01037092525525856,53.59412810633915,0.005908335238328884,22.563684289779,0.006380283644453371,7.609909483644224,23.5515746314137,119.39904302705764
490.36049999996783,148.88337468982618,1,9.598485993824486,5.665309647214747,0.00788817494553913,4.42379470150956,0.01037092525525856,53.06472165602831,0.005883643814012717,22.27575949454813,0.006332000216302239,7.609909483644224,23.5515746314137,119.39904302705764
490.3704999999676,148.88337468982618,1,9.598485993824486,7.562662924187844,0.00788817494553913,5.795961052072892,0.01037092525525856,52.56094522312717,0.005859538042019853,21.998932647633023,0.006285149065847829,7.609909483644224,23.5515746314137,119.39904302705764
490.38049999996736,148.88337468982618,1,9.598485993824486,13.172049727029574,0.00788817494553913,9.847123640034795,0.01037092525525856,52.070065749307915,0.005836022424955947,21.73033779718388,0.006239595654250439,7.609909483644224,23.5515746314137,119.39904302705764
490.3904999999671,148.88337468982618,1,9.598485993824486,22.286416516388012,0.00788817494553913,16.427842619428258,0.01037092525525856,51.58058772486912,0.005813091160873204,21.468130173754897,0.0061952072423320965,7.609909483644224,23.5515746314137,119.39904302705764
490.4004999999669,148.88337468982618,1,9.598485993824486,34.58894277966423,0.00788817494553913,24.824371403190444,0.010232476475640939,51.11344776864513,0.005790720200631212,22.036539659333883,0.006288322892152302,7.609909483644224,23.5515746314137,119.39904302705764
490.41049999996665,148.88337468982618,1,9.598485993824486,49.62015038659939,0.00788817494553913,30.871112533146235,0.009451332121763316,50.65750484499464,0.005768897435397207,26.264173229400498,0.006987425807587728,7.609909483644224,23.5515746314137,119.39904302705764
490.4204999999664,148.88337468982618,1,9.598485993824486,61.09407572901575,0.007253091138030303,34.73543576810158,0.008602241835184207,56.298479424691436,0.006000231397454406,30.542239976399195,0.00769647082160278,7.609909483644224,23.5515746314137,119.39904302705764
490.4304999999662,148.88337468982618,1,9.598485993824486,66.81295561753728,0.00632450357194506,37.19610569293742,0.007881529342083344,62.27015698013134,0.006277778391757042,33.758371789542295,0.008231123273920646,7.609909483644224,23.5515746314137,119.39904302705764
490.44049999996594,148.88337468982618,1,9.598485993824486,70.34708730906632,0.005546465192714867,38.65848610047155,0.007306542022050812,66.71391291345363,0.006489474046659237,35.915381387207894,0.008590290482598743,7.609909483644224,23.5515746314137,119.39904302705764
490.4504999999657,148.88337468982618,1,9.598485993824486,72.62073893469515,0.004940329923566846,39.36055012516398,0.006856350775402832,69.81632191665611,0.006639000240365328,37.22230453321734,0.008808503380212827,7.609909483644224,23.5515746314137,119.39904302705764
490.46049999996546,148.88337468982618,1,9.598485993824486,74.06480660406548,0.004474877503873791,39.55240806356389,0.00650749533821372,71.903402893803,0.006739583524324612,37.883791347915135,0.008919410377275627,7.609909483644224,23.5515746314137,119.39904302705764
490.4704999999652,148.88337468982618,1,9.598485993824486,74.84914210618942,0.00412093594481025,39.36881645676029,0.006239777003082568,73.18846374359924,0.006802026237164566,38.06437291193517,0.008950428478111632,7.609909483644224,23.5515746314137,119.39904302705764
490.480499999965,148.88337468982618,1,9.598485993824486,75.06111115851017,0.0038558177807084533,38.879649426428,0.006036360158085332,73.82687269821247,0.0068345669068084385,37.894740087752176,0.00892336706187658,7.609909483644224,23.5515746314137,119.39904302705764
490.49049999996475,148.88337468982618,1,9.598485993824486,74.85453644738337,0.003664185590854208,38.19614862429753,0.0058857976355137,73.9696430351682,0.006842957284445961,37.465897895459676,0.008853049587568341,7.609909483644224,23.5515746314137,119.39904302705764
490.5004999999645,148.88337468982618,1,9.598485993824486,74.2517741594203,0.0035361341923826036,37.3516116125367,0.005780342824035667,73.67638370430144,0.006830855693794968,36.837290017363514,0.00874946628010075,7.609909483644224,23.5515746314137,119.39904302705764
490.5104999999643,148.88337468982618,1,9.598485993824486,73.2556044495722,0.003466237327452027,36.35048071801094,0.005714839790706465,72.97563559988558,0.006800405541015265,36.048525995638215,0.008619305172378806,7.609909483644224,23.5515746314137,119.39904302705764
490.52049999996404,148.88337468982618,0,9.598485993824486,71.82814930608593,0.0034515328325753682,35.21332917383847,0.005687831394746357,71.93887493622934,0.006753363134371325,35.11690979641422,0.00846517528454473,7.609909483644224,23.5515746314137,119.39904302705764
490.5304999999638,148.88337468982618,0,9.598485993824486,68.75003865855815,0.0034515328325753682,33.64091831081234,0.005687146526846624,70.91371242221796,0.0067053273267415085,34.11907743048842,0.008299975035496157,7.609909483644224,23.5515746314137,119.39904302705764
490.5404999999636,148.88337468982618,0,9.598485993824486,63.46914132820995,0.0034515328325753682,30.985032149740487,0.005687146526846624,69.91049766074498,0.006658920542211716,33.2016249550131,0.008148152247045575,7.609909483644224,23.5515746314137,119.39904302705764
490.55049999996334,148.88337468982618,0,9.598485993824486,55.918308668074594,0.0034515328325753682,27.18726408010902,0.005687146526846624,68.95246762998948,0.006613998698040472,32.35941254903065,0.008008631265370226,7.609909483644224,23.5515746314137,119.39904302705764
490.5604999999631,148.88337468982618,0,9.598485993824486,46.122837597762704,0.0034515328325753682,22.260315331034928,0.005687146526846624,68.0244838078717,0.006570480030646364,31.582554922655973,0.00787989546065178,7.609909483644224,23.5515746314137,119.39904302705764
490.57049999996286,148.88337468982618,0,9.598485993824486,34.21507525847011,0.0034515328325753682,16.2707631461101,0.005687146526846624,67.11258751999523,0.0065282981853344866,30.862508793703913,0.007760638108261711,7.609909483644224,23.5515746314137,119.39904302705764
490.5804999999626,148.88337468982618,0,9.598485993824486,20.25125744629247,0.0034515328325753682,9.246902993790354,0.005687146526846624,66.24032219505638,0.006487378031176128,30.193700389379263,0.007649729557820039,7.609909483644224,23.5515746314137,119.39904302705764
490.5904999999624,148.88337468982618,0,9.598485993824486,4.479582977732706,0.003453625746985321,1.5454219583258206,0.005831382571294759,65.3939189738867,0.00644766705524015,29.569562682347527,0.00754619600987037,7.609909483644224,23.5515746314137,119.39904302705764
490.60049999996215,148.88337468982618,0,0.0,1.2412977329571246,0.004031893722958974,0.5796214566635363,0.006861636568296751,64.56049440461247,0.006409122498359654,28.984311462658532,0.0074491964729059956,7.609909483644224,23.5515746314137,119.39904302705764
490.6104999999619,148.88337468982618,0,0.0,1.7509646875958929,0.004476272841786993,1.1760823768856024,0.0074022614756578285,63.76342148994504,0.0063716671103879775,28.43592124116989,0.007358001106536878,7.609909483644224,23.5515746314137,119.39904302705764
490.6204999999617,148.88337468982618,0,0.0,2.112604816200034,0.0047898343263094055,1.5127327511087616,0.007706981525820722,62.989718732495604,0.006335259914164003,27.91980112324882,0.007271975765251456,7.609909483644224,23.5515746314137,119.39904302705764
490.63049999996144,148.88337468982618,0,0.0,2.3782511716386354,0.005018302516470866,1.7375639900694981,0.007909424925327094,62.22709245281179,0.006299871116316466,27.4316422904153,0.007190564054853486,7.609909483644224,23.5515746314137,119.39904302705764
490.6404999999612,148.88337468982618,0,0.0,2.580219909884989,0.0051912543487704285,1.9094792054141658,0.008063919359715501,61.49688882507622,0.0062654577145034186,26.969256306770895,0.007113274494752532,7.609909483644224,23.5515746314137,119.39904302705764
490.65049999996097,148.88337468982618,0,0.0,2.740602644684128,0.005327810489375092,2.0536167400526524,0.008193000564339551,60.78699520455537,0.006231991265479161,26.529280505633626,0.007039676417571068,7.609909483644224,23.5515746314137,119.39904302705764
490.66049999996073,148.88337468982618,0,0.5378260239643384,2.928505488475399,0.005525784180205062,2.2716229965413177,0.008435594862956631,60.06233323381862,0.006199737973113002,26.079953436934563,0.006969392571669803,7.609909483644224,23.5515746314137,119.39904302705764
490.6704999999605,148.88337468982618,0,1.4651694662658632,3.4367559865088038,0.006054827366971919,2.854016244893042,0.009057744151867362,59.34371532359202,0.006169233093398567,25.605865888708976,0.006902092103450504,7.609909483644224,23.5515746314137,119.39904302705764
490.68049999996026,148.88337468982618,0,2.424317993400163,4.073356505745826,0.006686104410569744,3.4012044401336907,0.009630561985588369,58.64535389051736,0.006139641218210759,25.14876087673916,0.006837495857079984,7.609909483644224,23.5515746314137,119.39904302705764
490.69049999996,148.88337468982618,0,3.406499578208817,4.6189441389938075,0.007227751692072174,3.7379591797228557,0.01000143384255938,57.95647356702894,0.006110918112758219,24.707288562375346,0.006775382801694473,7.609909483644224,23.5515746314137,119.39904302705764
490.7004999999598,148.88337468982618,0,4.402268056085009,4.986974974418425,0.007608494818685484,3.883756172667358,0.010193919872355722,57.296723972392236,0.00608301992494117,24.281477893961387,0.0067155797993211485,7.609909483644224,23.5515746314137,119.39904302705764
490.71049999995955,148.88337468982618,0,5.401774561386472,5.177161976658624,0.007829718005089312,3.8908170283983856,0.01025628492655343,56.65513170295805,0.00605592259632337,23.869760395903395,0.0066579449438406695,7.609909483644224,23.5515746314137,119.39904302705764
490.7204999999593,148.88337468982618,0,6.395058790734988,5.214991791867371,0.007912848753604422,3.830117597259861,0.010257103563975195,56.02176439305166,0.006029588887986583,23.471574168948276,0.006602350232729936,7.609909483644224,23.5515746314137,119.39904302705764
490.7304999999591,148.88337468982618,1,7.372345784925995,5.157289991713807,0.007914421081479873,3.769534480276374,0.010257103563975195,55.415339961108586,0.006003983247268612,23.0869726151668,0.006548671162668227,7.609909483644224,23.5515746314137,119.39904302705764
490.74049999995884,148.88337468982618,1,8.324333539827757,5.099400257810574,0.007914421081479873,3.7117897254177983,0.010257103563975195,54.82564248178635,0.005979081329687292,22.714842532588893,0.006496785461194787,7.609909483644224,23.5515746314137,119.39904302705764
490.7504999999586,148.88337468982618,1,9.242457389857302,5.046940638910836,0.007914421081479873,3.6593301065180612,0.010257103563975195,54.24367027343504,0.005954834356059708,22.355467046194597,0.006446569942298946,7.609909483644224,23.5515746314137,119.39904302705764
490.76049999995837,151.70670037926664,1,9.598485993824486,5.3886967709792,0.007914421081479873,3.8866841777382404,0.010257103563975195,53.68784221290892,0.005931200446266108,22.00946209531132,0.006397895977061035,7.609909483644224,23.5515746314137,119.39904302705764
490.77049999995813,151.70670037926664,1,9.598485993824486,8.979734976029622,0.007914421081479873,6.409558079932274,0.010257103563975195,53.14738041364862,0.005908168209218891,21.67446678548734,0.006350628333103724,7.609909483644224,23.5515746314137,119.39904302705764
490.7804999999579,151.70670037926664,1,9.598485993824486,16.269036833320747,0.007914421081479873,11.545004195837882,0.010257103563975195,52.61271692645052,0.005885721452053068,21.349034316109456,0.0063046274955703575,7.609909483644224,23.5515746314137,119.39904302705764
490.79049999995766,151.70670037926664,1,9.598485993824486,26.992025958815276,0.007914421081479873,19.10568801420839,0.010257103563975195,52.100568828746056,0.005863849308156649,21.0320864091247,0.0062597613173878165,7.609909483644224,23.5515746314137,119.39904302705764
490.8004999999574,151.70670037926664,1,9.598485993824486,40.74655638614499,0.007914421081479873,27.00390539765293,0.009866573696224193,51.60091122676881,0.0058425527691229285,23.021414481809963,0.006596539959636031,7.609909483644224,23.5515746314137,119.39904302705764
490.8104999999572,151.70670037926664,1,9.598485993824486,56.08403744462142,0.0077746069037701706,31.953017660048328,0.00901861566517158,52.99438147719963,0.00589166813094219,27.467041566119256,0.007339907464941004,7.609909483644224,23.5515746314137,119.39904302705764
490.82049999995695,151.70670037926664,1,9.598485993824486,64.48685870932403,0.006892414579377125,35.07408145204874,0.008225159676155638,59.56215774434494,0.006182820418653291,31.2382691516987,0.007974588327009813,7.609909483644224,23.5515746314137,119.39904302705764
490.8304999999567,151.70670037926664,1,9.598485993824486,69.0705625811433,0.0060118453475315175,36.98173506164549,0.007576833101058334,64.90087593517713,0.006436284138466552,33.893877355345445,0.008425415904136278,7.609909483644224,23.5515746314137,119.39904302705764
490.8404999999565,151.70670037926664,1,9.598485993824486,71.97970282454519,0.005308716290034557,38.00659533040634,0.007065775170650845,68.72591704748886,0.006621542669471583,35.58276502663572,0.008715623974418694,7.609909483644224,23.5515746314137,119.39904302705764
490.85049999995624,151.70670037926664,1,9.598485993824486,73.86838264917354,0.004766619669656293,38.414520494257665,0.006668587375455657,71.3568243779135,0.006749933049778963,36.519946815945254,0.00888065566207527,7.609909483644224,23.5515746314137,119.39904302705764
490.860499999956,151.70670037926664,1,9.598485993824486,74.98284040952709,0.004352766068090527,38.37191495131304,0.006362627488466274,73.05353027634382,0.006834070359664987,36.89292763658334,0.008951892523637062,7.609909483644224,23.5515746314137,119.39904302705764
490.87049999995577,151.70670037926664,1,9.598485993824486,75.46643547519395,0.004040344740017752,37.985561155007815,0.006128866636355253,74.01157550632183,0.0068837466196446425,36.85480403325114,0.00895447838699309,7.609909483644224,23.5515746314137,119.39904302705764
490.88049999995553,151.70670037926664,1,9.598485993824486,75.46912201308669,0.0038103045883272684,37.36598169943831,0.005953553279945746,74.40170649571854,0.006905994203190254,36.51398076586521,0.00890635140925751,7.609909483644224,23.5515746314137,119.39904302705764
490.8904999999553,151.70670037926664,1,9.598485993824486,75.04169904949475,0.0036497509044114283,36.56294015593654,0.005827013678059927,74.30916346676736,0.0069055717422391825,35.943813683987365,0.008819993565582092,7.609909483644224,23.5515746314137,119.39904302705764
490.90049999995506,151.70670037926664,1,9.598485993824486,74.21030605084367,0.00355088140578427,35.5986932021727,0.0057426186769385735,73.78476797133312,0.006885417339029213,35.197601444389576,0.0087039301724013,7.609909483644224,23.5515746314137,119.39904302705764
490.9104999999548,151.70670037926664,1,9.598485993824486,72.99538349143842,0.003510856694112656,34.49872442594829,0.005697289927730792,72.8739956897837,0.006846773161396954,34.30220698361873,0.008562590958786706,7.609909483644224,23.5515746314137,119.39904302705764
490.9204999999546,151.70670037926664,0,9.598485993824486,70.82120232405603,0.0035099688941620365,33.20387597345265,0.005688717640416276,71.7880225124732,0.006798605524159692,33.2758505627326,0.008399360863268169,7.609909483644224,23.5515746314137,119.39904302705764
490.93049999995435,151.70670037926664,0,9.598485993824486,66.45430748787042,0.0035099688941620365,31.033153872455017,0.005688717640416276,70.7517596267404,0.006752586345025091,32.288857538532326,0.008242260829010651,7.609909483644224,23.5515746314137,119.39904302705764
490.9404999999541,151.70670037926664,0,9.598485993824486,59.778329188020535,0.0035099688941620365,27.72478346062921,0.005688717640416276,69.76002560578118,0.006708065061797488,31.3822161068921,0.00809812822958673,7.609909483644224,23.5515746314137,119.39904302705764
490.9504999999539,151.70670037926664,0,9.598485993824486,50.77950659224409,0.0035099688941620365,23.271194875730163,0.005688717640416276,68.79885027170722,0.006664976823168155,30.544084731435134,0.00796535272127962,7.609909483644224,23.5515746314137,119.39904302705764
490.96049999995364,151.70670037926664,0,9.598485993824486,39.533055898841326,0.0035099688941620365,17.71094365971009,0.005688717640416276,67.85818020787177,0.006623201434418224,29.768463802798777,0.007842546920438441,7.609909483644224,23.5515746314137,119.39904302705764
490.9704999999534,151.70670037926664,0,9.598485993824486,26.127195980773283,0.0035099688941620365,11.086798332569462,0.005688717640416276,66.95619908690436,0.006582685072851423,29.04767860473072,0.007728512254653229,7.609909483644224,23.5515746314137,119.39904302705764
490.98049999995317,151.70670037926664,0,9.598485993824486,10.759127050430795,0.0035099688941620365,3.4951327246492667,0.005688717640416276,66.08023344384523,0.006543398196401762,28.37331658308961,0.007622215357809761,7.609909483644224,23.5515746314137,119.39904302705764
490.99049999995293,151.70670037926664,0,0.0,-0.7124513860812414,0.0038135119040816627,-1.5110041178185543,0.0065138758791864985,65.22110881964542,0.0065052465849088975,27.742188843880328,0.0075227639538549725,7.609909483644224,23.5515746314137,119.39904302705764
491.0004999999527,151.70670037926664,0,0.0,-0.14292909067242432,0.004337785084038262,-0.6730672023017972,0.007301964089291955,64.39756204819999,0.00646817854067966,27.15069217222182,0.00742938489483589,7.609909483644224,23.5515746314137,119.39904302705764
491.01049999995246,151.70670037926664,0,0.0,0.2484574750067372,0.004703575153431166,-0.24348246991861577,0.007718342371343494,63.59813338276226,0.006432155284369075,26.593552642616096,0.007341408473207845,7.632200027137131,22.291468218699755,123.03215688530302
491.0204999999522,151.70670037926664,0,0.0,0.5272854775001639,0.004966274162323854,0.016933286630012923,0.00797694987086714,62.814286951272976,0.006397094141446588,26.069357892241516,0.007258249082468672,7.632200027137131,22.291468218699755,123.03215688530302
491.030499999952,151.70670037926664,0,0.0,0.731008507464737,0.0051617402773863185,0.20074440988697528,0.008164464112329593,62.06208298164662,0.006362984877665794,25.573496791567212,0.007179390177154528,7.632200027137131,22.291468218699755,123.03215688530302
491.04049999995175,151.70670037926664,0,0.0,0.8840275136691877,0.005313178834126134,0.3452461767593613,0.008316514437753317,61.32997278951552,0.006329831942046653,25.10044285572875,0.007104378389013408,7.632200027137131,22.291468218699755,123.03215688530302
491.0504999999515,151.70670037926664,0,0.35688398638771346,1.0394932829421188,0.0054736922499373656,0.5209171184433883,0.008510089633151193,60.6110178553136,0.006297547668203635,24.651159739771067,0.007032816049423863,7.632200027137131,22.291468218699755,123.03215688530302
491.0604999999513,151.70670037926664,0,1.2768903536481322,1.5446310783525252,0.005958135661229884,1.1441979823601942,0.00913012161847101,59.91913164044064,0.006266135627193798,24.220589081188248,0.006964354063169384,7.632200027137131,22.291468218699755,123.03215688530302
491.07049999995104,151.70670037926664,0,2.2303536056828164,2.2327027015409584,0.006597558461553636,1.8038422846025055,0.009768096378401125,59.24310006602967,0.006235645762342668,23.802933871070753,0.006898694293896685,7.632200027137131,22.291468218699755,123.03215688530302
491.0804999999508,151.70670037926664,0,3.2086664365397803,2.8599876114623903,0.007173137291107422,2.2531806284193134,0.010201914937284751,58.57725781830258,0.006205969614242756,23.40148739888198,0.006835597041121886,7.632200027137131,22.291468218699755,123.03215688530302
491.09049999995057,151.70670037926664,0,4.2024966682602045,3.3142380676958405,0.0075915752627252935,2.490406152464666,0.010437766272994736,57.93705098137052,0.006177087327117937,23.014884938018337,0.006774874849569901,7.632200027137131,22.291468218699755,123.03215688530302
491.10049999995033,151.70670037926664,0,5.20205310860598,3.5829591368123372,0.007845214619875224,2.5707333072037732,0.010528728156463527,57.3124991912894,0.006148999113074241,22.640256984116782,0.006716375981615697,7.632200027137131,22.291468218699755,123.03215688530302
491.1104999999501,151.70670037926664,0,6.197373963662349,3.6942585208376,0.007955232693353449,2.560747886178154,0.01053511648821986,56.697699619915475,0.006121614659985344,22.280547996821817,0.006659965963564581,7.632200027137131,22.291468218699755,123.03215688530302
491.12049999994986,151.70670037926664,1,7.178623693654546,3.688175762153577,0.007963259437961608,2.5431557201853225,0.01053511648821986,56.10695673690838,0.006094927502407526,21.93404205484589,0.006605515986741134,7.632200027137131,22.291468218699755,123.03215688530302
491.1304999999496,151.70670037926664,1,8.13638361724442,3.671477191157556,0.007963259437961608,2.5265523672912957,0.01053511648821986,55.531089515767086,0.006068935685200284,21.59849542583506,0.006552900294872941,7.632200027137131,22.291468218699755,123.03215688530302
491.1404999999494,151.70670037926664,1,9.061922001505257,3.661681193801634,0.007963259437961608,2.516756369935374,0.01053511648821986,54.965037136936445,0.006043536483998425,21.27770358443062,0.006501993178742177,7.632200027137131,22.291468218699755,123.03215688530302
491.15049999994915,153.0612244897958,1,9.598485993824486,3.7791264637079163,0.007963259437961608,2.6016555851855188,0.01053511648821986,54.42325400445733,0.006018710738340565,20.97100204064113,0.006452664938806104,7.632200027137131,22.291468218699755,123.03215688530302
491.1604999999489,153.0612244897958,1,9.598485993824486,6.693896049062193,0.007963259437961608,4.736766533824877,0.01053511648821986,53.89596949717833,0.005994454442307838,20.675312688494756,0.006404779917818293,7.632200027137131,22.291468218699755,123.03215688530302
491.1704999999487,153.0612244897958,1,9.598485993824486,13.434697033470014,0.007963259437961608,9.686087735160653,0.01053511648821986,53.41443279680428,0.005970335024191581,20.435331417714806,0.006358196802272691,7.632200027137131,22.291468218699755,123.03215688530302
491.18049999994844,153.0612244897958,1,9.598485993824486,23.80845495913474,0.007963259437961608,17.3221376475662,0.01053511648821986,52.999330356192026,0.005945065942692852,20.288921037672313,0.00631277945927201,7.632200027137131,22.291468218699755,123.03215688530302
491.1904999999482,153.0612244897958,1,9.598485993824486,37.32635798364061,0.007963259437961608,25.895013478060807,0.01021416438907207,52.58529672151801,0.005920410562124213,22.034198264815423,0.0065822749333743005,7.632200027137131,22.291468218699755,123.03215688530302
491.20049999994797,153.0612244897958,1,9.598485993824486,53.44775464031889,0.007948836187735947,31.53921339352513,0.00934134838207927,52.45322558295416,0.005905470186743379,26.806340177369556,0.007354290712942512,7.632200027137131,22.291468218699755,123.03215688530302
491.21049999994773,153.0612244897958,1,9.598485993824486,63.973803070919224,0.007181930009076999,35.163911211252014,0.008493324898711307,59.022019926473426,0.006176115451003537,31.04670556294196,0.008043412140670367,7.632200027137131,22.291468218699755,123.03215688530302
491.2204999999475,153.0612244897958,1,9.598485993824486,69.30007489066831,0.00626055110262559,37.43705519815732,0.0077935273168592304,64.87825123363332,0.006445097709694376,34.11365746510939,0.008541540964893957,7.632200027137131,22.291468218699755,123.03215688530302
491.23049999994726,153.0612244897958,1,9.598485993824486,72.63274431189186,0.005508646281322217,38.74766351406056,0.007240619134857246,69.15213112656816,0.006645014755894517,36.13219702500436,0.00886645101860807,7.632200027137131,22.291468218699755,123.03215688530302
491.240499999947,153.0612244897958,1,9.598485993824486,74.82150439709443,0.004927175661587154,39.3719744690713,0.0068106486180469885,72.13331189387387,0.006784163127845345,37.32898070132724,0.009055196086388507,7.632200027137131,22.291468218699755,123.03215688530302
491.2504999999468,153.0612244897958,1,9.598485993824486,76.169150169984,0.004482500359114004,39.49881254450677,0.006479118519816093,74.1074494615437,0.006875903602935548,37.90921509639328,0.009141850200558337,7.632200027137131,22.291468218699755,123.03215688530302
491.26049999994655,153.0612244897958,1,9.598485993824486,76.85280228652822,0.004145961868995034,39.25578907499574,0.006225565877169816,75.28851215577498,0.006930828142510982,38.035210717630974,0.009153594028578068,7.632200027137131,22.291468218699755,123.03215688530302
491.2704999999463,153.0612244897958,1,9.598485993824486,77.0117754444008,0.0038966009998941285,38.75071265511194,0.006034721403240605,75.85588493513934,0.006956578075498834,37.82810115460438,0.0091102873793567,7.632200027137131,22.291468218699755,123.03215688530302
491.2804999999461,153.0612244897958,1,9.598485993824486,76.71646048891452,0.003719999722536928,38.045701605718165,0.005895704064547617,75.91140439392514,0.006958453661853999,37.37209618054895,0.009025886889871139,7.632200027137131,22.291468218699755,123.03215688530302
491.29049999994584,153.0612244897958,1,9.598485993824486,76.00590734334124,0.0036073459362936833,37.17057847059405,0.005801141913932797,75.51441751179696,0.006939814970573434,36.722612359625394,0.008909822005631991,7.632200027137131,22.291468218699755,123.03215688530302
491.3004999999456,153.0612244897958,1,9.598485993824486,74.898161284544,0.0035546966012023084,36.150362725283216,0.0057471654175213,74.71437682332798,0.00690224605409329,35.91329711660826,0.008767393729523372,7.632200027137131,22.291468218699755,123.03215688530302
491.31049999994536,153.0612244897958,0,9.598485993824486,73.0613356580699,0.003550453014302066,34.97004620639146,0.005732736757930414,73.64750688180409,0.006851430380211993,34.95734673460219,0.008600762109793193,7.632200027137131,22.291468218699755,123.03215688530302
491.3204999999451,153.0612244897958,0,9.598485993824486,69.1124206083049,0.003550453014302066,33.02655760007077,0.005732736757930414,72.62637910576932,0.006802311654803633,34.00502164129206,0.008435250809294217,7.632200027137131,22.291468218699755,123.03215688530302
491.3304999999449,153.0612244897958,0,9.598485993824486,62.82565208333316,0.003550453014302066,29.916299498673805,0.005732736757930414,71.64504912682355,0.006754740408838733,33.13463740812311,0.008283586982561663,7.632200027137131,22.291468218699755,123.03215688530302
491.34049999994465,153.0612244897958,0,9.598485993824486,54.175927855992825,0.003550453014302066,25.627182217143066,0.005732736757930414,70.69340984343445,0.006708614696322242,32.33613749264614,0.00814404426220278,7.632200027137131,22.291468218699755,123.03215688530302
491.3504999999444,153.0612244897958,0,9.598485993824486,43.20350469007406,0.003550453014302066,20.178669849552733,0.005732736757930414,69.76091036104626,0.006663878866080845,31.59889191537667,0.008015135054971465,7.632200027137131,22.291468218699755,123.03215688530302
491.3604999999442,153.0612244897958,0,9.598485993824486,30.02713757485487,0.003550453014302066,13.630381337236672,0.005732736757930414,68.86283297895741,0.006620448173586082,30.916738636003146,0.007895574651550358,7.632200027137131,22.291468218699755,123.03215688530302
491.37049999994395,153.0612244897958,0,9.598485993824486,14.822485244217662,0.003550453014302066,6.070318241752325,0.005732736757930414,67.99042897008499,0.006578256524714746,30.28340435885355,0.007784255053650844,7.632200027137131,22.291468218699755,123.03215688530302
491.3804999999437,153.0612244897958,0,0.0,0.17493209760205586,0.0037349440168965298,-0.7706069849165367,0.006293810753343543,67.1338670412466,0.006537277557513011,29.6911122447858,0.007680219448801384,7.632200027137131,22.291468218699755,123.03215688530302
491.3904999999435,153.0612244897958,0,0.0,0.8465140315536512,0.004294704121681486,0.20809001618692102,0.007153361538515314,66.3085755537595,0.006497439502661964,29.137202649336267,0.007582639294593105,7.632200027137131,22.291468218699755,123.03215688530302
491.40049999994324,153.0612244897958,0,0.0,1.326369668250869,0.00468407724842182,0.7230594979063034,0.007590661226388547,65.50728489611917,0.006458662992051952,28.619106293512832,0.007490797331858015,7.632200027137131,22.291468218699755,123.03215688530302
491.410499999943,153.0612244897958,0,0.0,1.6797801073609469,0.004962571705932368,1.0413094881840887,0.007849689685385816,64.72049022611417,0.00642093880161977,28.130598365887725,0.007404067541687288,7.632200027137131,22.291468218699755,123.03215688530302
491.42049999994276,153.0612244897958,0,0.0,1.9498785624074246,0.005168737336628361,1.2713991362563606,0.008029349147553112,63.96182285978622,0.0063842204271693905,27.66923058406246,0.007321898780581257,7.632200027137131,22.291468218699755,123.03215688530302
491.4304999999425,153.0612244897958,0,0.0,2.16567458100214,0.005327543179762897,1.458711549395968,0.008170260381650021,63.223681466190875,0.006348470916712305,27.23214009819182,0.007243807217216254,7.632200027137131,22.291468218699755,123.03215688530302
491.4404999999423,153.0612244897958,0,0.26702742788765577,2.3599878837880377,0.005476179874169322,1.6445039582013905,0.008322721176953865,62.49770032163115,0.006313683875057221,26.814993389746387,0.007169368411544531,7.632200027137131,22.291468218699755,123.03215688530302
491.45049999994205,153.0612244897958,0,1.183249725882545,2.882925442076298,0.005935731890740154,2.2498156972755115,0.008884035338221092,61.796381232979165,0.006279813749006567,26.416100881345145,0.0070982099423836,7.632200027137131,22.291468218699755,123.03215688530302
491.4604999999418,153.0612244897958,0,2.1337405241813343,3.6235369874427423,0.006580002474082202,2.9423121621192916,0.009508644030572116,61.11231176419467,0.006246858791854784,26.032564015623294,0.007030011936033457,7.632200027137131,22.291468218699755,123.03215688530302
491.4704999999416,153.0612244897958,0,3.1099783714050067,4.316799810778351,0.007175456015040552,3.4386972847036836,0.009945038676971711,60.438164346275286,0.006214798511367053,25.662072081518847,0.006964514490220894,7.632200027137131,22.291468218699755,123.03215688530302
491.48049999994134,153.0612244897958,0,4.102692100820896,4.838919859540134,0.007616059246159471,3.724629795591688,0.010185765828357387,59.78708350261989,0.006183577414700983,25.3054268307248,0.006901513463704624,7.632200027137131,22.291468218699755,123.03215688530302
491.4904999999411,153.0612244897958,0,5.102123708233254,5.173451138400459,0.007888584912248612,3.855302951839511,0.010281803691151314,59.152887178359734,0.0061531536714805515,24.962502608128446,0.006840843842909262,7.632200027137131,22.291468218699755,123.03215688530302
491.50049999994087,153.0612244897958,0,6.098315125836364,5.341962657558748,0.008013753369079444,3.886701073217788,0.010288868442832909,58.52793371977969,0.006123523430454847,24.63071222471972,0.006782360665042556,7.632200027137131,22.291468218699755,123.03215688530302
491.51049999994063,153.0612244897958,1,7.081404893279695,5.381433596028497,0.008027283302936275,3.9078006050182004,0.010288868442832909,57.92447343238899,0.006094641689841138,24.310765767044053,0.006725926724694517,7.632200027137131,22.291468218699755,123.03215688530302
491.5204999999404,153.0612244897958,1,8.041920043993349,5.403975618677599,0.008027283302936275,3.9304363047677087,0.010288868442832909,57.336827401465904,0.006066468222203032,24.002881159702156,0.006671408930706065,7.632200027137131,22.291468218699755,123.03215688530302
491.53049999994016,153.0612244897958,1,8.971048855492757,5.42800778286535,0.008027283302936275,3.95446846895546,0.010288868442832909,56.758011537796314,0.0060389923285542576,23.70508108550388,0.006618675294240923,7.632200027137131,22.291468218699755,123.03215688530302
491.5404999999399,153.45268542199477,1,9.598485993824486,5.498649620774302,0.008027283302936275,4.011820302894453,0.010288868442832909,56.200084888892036,0.006012163256321529,23.418583133400908,0.006567591150110964,7.632200027137131,22.291468218699755,123.03215688530302
491.5504999999397,153.45268542199477,1,9.598485993824486,8.085033636909698,0.008027283302936275,5.828208188328125,0.010288868442832909,55.65742510483998,0.005985935859880736,23.14349084554372,0.006518016614484698,7.632200027137131,22.291468218699755,123.03215688530302
491.56049999993945,153.45268542199477,1,9.598485993824486,14.513250458050095,0.008027283302936275,10.329189205795801,0.010288868442832909,55.12167136571306,0.005960344638077742,22.87512867252118,0.0064698060117119255,7.632200027137131,22.291468218699755,123.03215688530302
491.5704999999392,153.45268542199477,1,9.598485993824486,24.54587229201327,0.008027283302936275,17.348800443963817,0.010288868442832909,54.60361548923754,0.005935364732890008,22.613351641070132,0.006422818122343567,7.632200027137131,22.291468218699755,123.03215688530302
491.580499999939,153.45268542199477,1,9.598485993824486,37.81031783491568,0.008027283302936275,26.08748039392065,0.010145166111474044,54.097783215798685,0.005910973293817551,23.214137015657624,0.006518559978103626,7.632200027137131,22.291468218699755,123.03215688530302
491.59049999993874,153.45268542199477,1,9.598485993824486,53.80238852076317,0.00802564488212782,32.09405648152584,0.009354170726930879,53.63313604318064,0.0058882606850971944,27.49988126481255,0.007224163765072696,7.632200027137131,22.291468218699755,123.03215688530302
491.6004999999385,153.45268542199477,1,9.598485993824486,64.98179872168198,0.007301103364886042,35.83461983825208,0.008514619434571628,60.013523337906726,0.006149248070902571,31.71652329284204,0.007920622282637508,7.632200027137131,22.291468218699755,123.03215688530302
491.61049999993827,153.45268542199477,1,9.598485993824486,70.5279798280935,0.0063628414628367795,38.16849517030389,0.007811572441083457,65.99830187109409,0.006425555412613157,34.827053069880975,0.008435821355513372,7.632200027137131,22.291468218699755,123.03215688530302
491.62049999993803,153.45268542199477,1,9.598485993824486,73.96605863873181,0.005590125999032667,39.52531972483794,0.0072541230001876575,70.38304499347349,0.006632775885690475,36.88576865237022,0.008777028050591232,7.632200027137131,22.291468218699755,123.03215688530302
491.6304999999378,153.45268542199477,1,9.598485993824486,76.20521631075755,0.004991563824121688,40.175521141367724,0.006819906204463752,73.43582653313209,0.006777717853907439,38.11130184806315,0.008979958719354579,7.632200027137131,22.291468218699755,123.03215688530302
491.64049999993756,153.45268542199477,1,9.598485993824486,77.57639294340942,0.004533319287323987,40.31490266204356,0.006484573174767867,75.45441144376557,0.0068740149794511785,38.710451553018615,0.009078819650276595,7.632200027137131,22.291468218699755,123.03215688530302
491.6504999999373,153.45268542199477,1,9.598485993824486,78.27970583659051,0.004186072408988125,40.08304114316604,0.006227833113604199,76.66266244600456,0.006932550142541031,38.84568484842408,0.009100867372271051,7.632200027137131,22.291468218699755,123.03215688530302
491.6604999999371,153.45268542199477,1,9.598485993824486,78.44020351290575,0.003927987152541577,39.57895717859372,0.00603416595103864,77.24035143987177,0.006961213809457516,38.64102321534017,0.00906641115861286,7.632200027137131,22.291468218699755,123.03215688530302
491.67049999993685,153.45268542199477,1,9.598485993824486,78.139910646669,0.0037439060029116835,38.87013864318114,0.005892418111999792,77.29817391022004,0.006965571802930702,38.183633629338594,0.008989844157009895,7.632200027137131,22.291468218699755,123.03215688530302
491.6804999999366,153.45268542199477,1,9.598485993824486,77.4289571374528,0.0036245650381789784,37.99363633695093,0.005795141310490373,76.90160464534857,0.006949155549805388,37.529801810110776,0.00888079897670085,7.632200027137131,22.291468218699755,123.03215688530302
491.6904999999364,153.45268542199477,1,9.598485993824486,76.31874604648424,0.003565435444860315,36.970351027225014,0.005738176682175172,76.09902072496742,0.006913724956292759,36.71532313642926,0.00874495589290822,7.632200027137131,22.291468218699755,123.03215688530302
491.70049999993614,153.45268542199477,0,9.598485993824486,74.5872306453195,0.0035583700654733775,35.7970000261671,0.005720633172244471,74.99229011815576,0.006863488950048305,35.75306828623292,0.008584391297383354,7.632200027137131,22.291468218699755,123.03215688530302
491.7104999999359,153.45268542199477,0,9.598485993824486,70.84076339432953,0.0035583700654733775,33.952394898311404,0.005720633172244471,73.92724924406883,0.006814338697201467,34.77535375034389,0.008421413121223204,7.632200027137131,22.291468218699755,123.03215688530302
491.72049999993567,153.45268542199477,0,9.598485993824486,64.76553118706913,0.0035583700654733775,30.957935127768003,0.005720633172244471,72.90252578823566,0.0067667558661181244,33.88000038092073,0.008272014285896596,7.632200027137131,22.291468218699755,123.03215688530302
491.73049999993543,153.45268542199477,0,9.598485993824486,56.32845044517747,0.0035583700654733775,26.7976420777619,0.005720633172244471,71.90988726361688,0.006720631745981401,33.05711414051448,0.008134502172560128,7.632200027137131,22.291468218699755,123.03215688530302
491.7404999999352,153.45268542199477,0,9.598485993824486,45.547504196112726,0.0035583700654733775,21.47969807584104,0.005720633172244471,70.94072779523799,0.006675909805519938,32.29617717103866,0.008007418075076916,7.632200027137131,22.291468218699755,123.03215688530302
491.75049999993496,153.45268542199477,0,9.598485993824486,32.56106142032177,0.0035583700654733775,15.07278366015057,0.005720633172244471,70.00598009968041,0.006632505261525177,31.59087054203767,0.007889502565112567,7.632200027137131,22.291468218699755,123.03215688530302
491.7604999999347,153.45268542199477,0,9.598485993824486,17.525736383422064,0.0035583700654733775,7.654558274465,0.005720633172244471,69.09877755537508,0.006590350097585294,30.934974749477067,0.007779669172862112,7.632200027137131,22.291468218699755,123.03215688530302
491.7704999999345,153.45268542199477,0,0.0,0.7274766791646536,0.0036624041198708287,-0.35589919371073764,0.006085710985386555,68.21140679321597,0.006549413609949326,30.32109503442248,0.007676979572539838,7.632200027137131,22.291468218699755,123.03215688530302
491.78049999993425,153.45268542199477,0,0.0,1.4081682387213061,0.004256418577392481,0.6319146691703494,0.00698081980929075,67.35465277174035,0.006509631214952041,29.74575201561413,0.007580621569918045,7.632200027137131,22.291468218699755,123.03215688530302
491.790499999934,153.45268542199477,0,0.0,1.8850533195167398,0.004668491795225684,1.1325697366739034,0.007431121650238591,66.52304402059417,0.006470929181552886,29.206203733258153,0.007489892103353993,7.632200027137131,22.291468218699755,123.03215688530302
491.8004999999338,153.45268542199477,0,0.0,2.2281451698105035,0.004962105152266827,1.4281532296843156,0.007694366730807748,65.70928258724625,0.00643328944092774,28.69685079173561,0.0074041778549200415,7.632200027137131,22.291468218699755,123.03215688530302
491.81049999993354,153.45268542199477,0,0.0,2.4836389373307646,0.005178404831435431,1.6333910782150833,0.00787504536719871,64.92313964167438,0.006396664597013457,28.21516008280345,0.007322939024348613,7.632200027137131,22.291468218699755,123.03215688530302
491.8204999999333,153.45268542199477,0,0.0,2.682217791512074,0.0053440615871458985,1.7958606567373048,0.008016019115967154,64.15877392645648,0.006361015923043398,27.75829876031362,0.007245701157948865,7.632200027137131,22.291468218699755,123.03215688530302
491.83049999993307,153.45268542199477,0,0.04423474230943946,2.8423070608213568,0.005476372211553366,1.9340853547359336,0.008135267691876393,63.409576446397395,0.006326332081436871,27.322092795791615,0.007172047649453985,7.632200027137131,22.291468218699755,123.03215688530302
491.84049999993283,153.45268542199477,0,0.9506684987523173,3.237531477885036,0.005844697887118201,2.387067288550927,0.008581499471665274,62.685250875379836,0.006292562439988447,26.905665937223834,0.007101612856736733,7.632200027137131,22.291468218699755,123.03215688530302
491.8504999999326,153.45268542199477,0,1.8933564680900827,3.9373912490570735,0.006474873349637962,3.060153364148908,0.009211672537631645,61.97927369730417,0.006259702482533382,26.505419055114665,0.0070340803033033744,7.632200027137131,22.291468218699755,123.03215688530302
491.86049999993236,153.45268542199477,0,2.8640016930344108,4.645238176145039,0.00710324737669311,3.5789615536748145,0.009688799007054666,61.286256981301975,0.006227732906337792,26.119226303633404,0.0069691894217818314,7.632200027137131,22.291468218699755,123.03215688530302
491.8704999999321,153.45268542199477,0,3.8534970122142056,5.200005389016726,0.007590571410426911,3.8856831718472433,0.009966597678645944,60.61555514665556,0.0061966044609977075,25.747348192592273,0.00690673665431893,7.632200027137131,22.291468218699755,123.03215688530302
491.8804999999319,153.45268542199477,0,4.852179949351533,5.564277760688356,0.007905963356595679,4.029334155413043,0.010091702463505332,59.962462131659926,0.006166278134150048,25.389420301059168,0.006846560913282374,7.632200027137131,22.291468218699755,123.03215688530302
491.89049999993165,153.45268542199477,0,5.850114777039626,5.755304873094064,0.008066540166499343,4.058712269215314,0.010111604559962446,59.321329963474255,0.006136742403799453,25.043422210450107,0.006788523734359457,7.632200027137131,22.291468218699755,123.03215688530302
491.9004999999314,153.45268542199477,1,6.837388080425498,5.800842906536182,0.008098499192590014,4.063635775138033,0.010111604559962446,58.700805930996104,0.00610795734714009,24.70964362555639,0.006732495477875013,7.632200027137131,22.291468218699755,123.03215688530302
491.9104999999312,153.45268542199477,1,7.804403215439145,5.8072674719950665,0.008098499192590014,4.070139713128,0.010111604559962446,58.09649246961109,0.006079888232795421,24.387902433147392,0.0066783501232017825,7.632200027137131,22.291468218699755,123.03215688530302
491.92049999993094,153.45268542199477,1,8.742159132633734,5.81551001939562,0.008098499192590014,4.078382260528553,0.010111604559962446,57.50331291471072,0.006052518434530917,24.076725702162836,0.00662596224492759,7.632200027137131,22.291468218699755,123.03215688530302
491.9304999999307,153.45268542199477,1,9.598485993824486,5.826038159467938,0.008098499192590014,4.088988895088393,0.010111604559962446,56.92964276907415,0.00602580519279736,23.77664720664811,0.00657520393338483,7.632200027137131,22.291468218699755,123.03215688530302
491.94049999993047,152.86624203821646,1,9.598485993824486,7.448298420696504,0.008098499192590014,5.184758617817724,0.010111604559962446,56.37171751921872,0.005999705663620992,23.488031328967168,0.006525941999249412,7.632200027137131,22.291468218699755,123.03215688530302
491.95049999993023,152.86624203821646,1,9.598485993824486,12.960806601282044,0.008098499192590014,8.897128681376794,0.010111604559962446,55.82324425107701,0.00597423248193584,23.207301144211577,0.00647803577546732,7.632200027137131,22.291468218699755,123.03215688530302
491.96049999993,152.86624203821646,1,9.598485993824486,22.178090585364167,0.008098499192590014,15.101236998446979,0.010111604559962446,55.291683258438596,0.00594936742726509,22.933839461558396,0.006431345224716316,7.632200027137131,22.291468218699755,123.03215688530302
491.97049999992976,152.86624203821646,1,9.598485993824486,34.75887793424854,0.008098499192590014,23.55209031381752,0.010100200269410777,54.77283669494295,0.005925090832853514,22.73552298924653,0.006397088652433126,7.632200027137131,22.291468218699755,123.03215688530302
491.9804999999295,152.86624203821646,1,9.598485993824486,50.23180136140428,0.008098499192590014,30.456752988029873,0.009476813899852167,54.26184452407316,0.005901400641143215,26.109693038026354,0.006953746947527414,7.632200027137131,22.291468218699755,123.03215688530302
491.9904999999293,152.86624203821646,1,9.598485993824486,63.66462608313276,0.007598697918062586,34.632263666008384,0.008640646811240287,58.94528879621787,0.006086071332590792,30.427156117778665,0.007667553426079073,7.632200027137131,22.291468218699755,123.03215688530302
492.00049999992905,152.86624203821646,1,9.598485993824486,70.1370518157755,0.006637773510167832,37.24235923789079,0.007914117700440863,65.35507912507177,0.006377957248942546,33.77672366369772,0.008223341841407127,7.632200027137131,22.291468218699755,123.03215688530302
492.0104999999288,152.86624203821646,1,9.598485993824486,74.01869178235786,0.005811866502137639,38.80955643053816,0.007332498762657083,70.17302541738796,0.0066048380504802025,36.05433525643286,0.008601981696907922,7.658369378072949,20.89718712480797,124.22269722609758
492.0204999999286,152.86624203821646,1,9.598485993824486,76.54554867066142,0.005167343916060935,39.61743638415889,0.006877645953419845,73.56402865835965,0.006765774834254009,37.4574647674703,0.00883561959362464,7.658369378072949,20.89718712480797,124.22269722609758
492.03049999992834,152.86624203821646,1,9.598485993824486,78.12928424460299,0.004672467871373461,39.87625351748453,0.00652532552980221,75.8424395357079,0.006874569691817431,38.19648258474405,0.008959038014284331,7.658369378072949,20.89718712480797,124.22269722609758
492.0404999999281,152.86624203821646,1,9.598485993824486,79.00732708411024,0.004296089650701768,39.743672761541966,0.006254757974767894,77.2543299248048,0.0069428958463649765,38.44120362581566,0.009000555949369533,7.658369378072949,20.89718712480797,124.22269722609758
492.05049999992787,152.86624203821646,1,9.598485993824486,79.30282931224625,0.0040142680342848,39.31686905845866,0.006049515377511982,77.99033327086954,0.006979376715583143,38.32328754550174,0.008981825031888803,7.658369378072949,20.89718712480797,124.22269722609758
492.06049999992763,152.86624203821646,1,9.598485993824486,79.11478406088797,0.003810063301287172,38.67174256815767,0.0058975736670623625,78.1773918285177,0.006990228363893506,37.9369456993531,0.00891843004148955,7.658369378072949,20.89718712480797,124.22269722609758
492.0704999999274,152.86624203821646,1,9.598485993824486,78.51152452102427,0.0036728519346034077,37.85696748463048,0.005790851705702218,77.89464800558783,0.006979462902977105,37.34443562084873,0.008820858624027548,7.658369378072949,20.89718712480797,124.22269722609758
492.08049999992716,152.86624203821646,1,9.598485993824486,77.5039872549806,0.003596718005730514,36.89271036763598,0.005724396239875304,77.19583958566838,0.006949306783787599,36.58661503979442,0.008695720105871425,7.658369378072949,20.89718712480797,124.22269722609758
492.0904999999269,152.86624203821646,0,9.598485993824486,76.04927340500998,0.0035789044375427836,35.78437182010839,0.0056964850610478485,76.11560549441202,0.006901371801828812,35.68157755366378,0.00854598139759053,7.658369378072949,20.89718712480797,124.22269722609758
492.1004999999267,152.86624203821646,0,9.598485993824486,72.93432159096432,0.0035789044375427836,34.249448182418185,0.00569556280013084,75.0286769485635,0.006851659587544601,34.70270416953321,0.008384024674297276,7.658369378072949,20.89718712480797,124.22269722609758
492.11049999992645,152.86624203821646,0,9.598485993824486,67.50596741790946,0.0035789044375427836,31.628984737849734,0.00569556280013084,73.98264499705472,0.006803588579749106,33.80147870359823,0.008234833496614703,7.658369378072949,20.89718712480797,124.22269722609758
492.1204999999262,152.86624203821646,0,9.598485993824486,59.71336513472527,0.0035789044375427836,27.866767113040503,0.00569556280013084,72.96933005696614,0.0067570027555544565,32.97324377411751,0.008097620774189867,7.658369378072949,20.89718712480797,124.22269722609758
492.130499999926,152.86624203821646,0,9.598485993824486,49.54665465257968,0.0035789044375427836,22.957655798010375,0.00569556280013084,71.98232496528182,0.0067118314652397934,32.20811166232004,0.007970910484484327,7.658369378072949,20.89718712480797,124.22269722609758
492.14049999992574,152.86624203821646,0,9.598485993824486,37.14145872712986,0.0035789044375427836,16.96735862058989,0.00569556280013084,71.02857445999709,0.006667994054498014,31.49914385726955,0.007853428802446915,7.658369378072949,20.89718712480797,124.22269722609758
492.1504999999255,152.86624203821646,0,9.598485993824486,22.62772621482743,0.0035789044375427836,9.958818167745072,0.00569556280013084,70.10278305146997,0.006625424463626885,30.839810565572417,0.0077440767774321455,7.658369378072949,20.89718712480797,124.22269722609758
492.16049999992526,152.86624203821646,0,9.598485993824486,6.172182063786522,0.0035789044375427836,2.1197818029738054,0.005763314602857415,69.19947932075414,0.0065840793837650185,30.223468042991627,0.00764190539409644,7.658369378072949,20.89718712480797,124.22269722609758
492.170499999925,152.86624203821646,0,0.0,1.3469111330015928,0.004116667016700928,0.4698414915864335,0.0067410266217925,68.32532297329949,0.006543903048465435,29.645676504834825,0.007546093709304999,7.658369378072949,20.89718712480797,124.22269722609758
492.1804999999248,152.86624203821646,0,0.0,1.8715828614507144,0.004576693139261768,1.0679447897333612,0.007285991716580277,67.47649260399233,0.006504828149518671,29.10345048570297,0.007455931570171806,7.658369378072949,20.89718712480797,124.22269722609758
492.19049999992455,152.86624203821646,0,0.0,2.2442322680194198,0.004901500399370079,1.4023111643874184,0.007589836134178435,66.64793853329488,0.006466819959777329,28.59215583024523,0.007370800968914012,7.658369378072949,20.89718712480797,124.22269722609758
492.2004999999243,152.86624203821646,0,0.0,2.517425364233869,0.005138078890437555,1.6225951232644218,0.007789089120366617,65.84584083522853,0.006429835693846046,28.10879633784768,0.00729015892642248,7.658369378072949,20.89718712480797,124.22269722609758
492.2104999999241,152.86624203821646,0,0.0,2.7257003866511296,0.0053169007123170815,1.7901676725922915,0.007939558395801155,65.06581527362219,0.006393839494771886,27.650299701314445,0.007213527748035487,7.658369378072949,20.89718712480797,124.22269722609758
492.22049999992385,152.86624203821646,0,0.0,2.890755613831567,0.005457736906299196,1.9298182183144452,0.00806447727123355,64.30326353504003,0.006358809896865017,27.213144010969955,0.007140487478520247,7.658369378072949,20.89718712480797,124.22269722609758
492.2304999999236,152.86624203821646,0,0.447152577874474,3.082516554390604,0.0056354448190373005,2.1297975621885787,0.008264081043353967,63.56449546829772,0.006324704099297645,26.795966086912117,0.007070669370986736,7.658369378072949,20.89718712480797,124.22269722609758
492.2404999999234,152.86624203821646,0,1.3708663436648025,3.6507712843867823,0.006158632507006348,2.748851198038907,0.008858890968726102,62.84469008507773,0.006291500584793528,26.395704908169936,0.007003751592306283,7.658369378072949,20.89718712480797,124.22269722609758
492.25049999992314,152.86624203821646,0,2.327215784887949,4.380201614100987,0.006815126358290635,3.3682555323959216,0.009437937482109143,62.13981423062022,0.006259193471106812,26.009688213189712,0.006939460442944795,7.658369378072949,20.89718712480797,124.22269722609758
492.2604999999229,152.86624203821646,0,3.3075100568724776,5.02725077083922,0.007390663099741611,3.782790815874204,0.009820538708533793,61.45596035368105,0.006227737388650471,25.637740045317326,0.006877578468964328,7.658369378072949,20.89718712480797,124.22269722609758
492.27049999992266,152.86624203821646,0,4.302358639469016,5.49268743344128,0.0078005391287818615,4.0047305572203475,0.010022387669900866,60.789807750017836,0.006197095729520627,25.279304583219403,0.006817938655912655,7.658369378072949,20.89718712480797,124.22269722609758
492.2804999999224,152.86624203821646,0,5.301940048272467,5.771302502487737,0.008042668732174397,4.0863594098032,0.01009291256201782,60.13762538413724,0.006167246903931102,24.93306972576146,0.0067604050284813255,7.658369378072949,20.89718712480797,124.22269722609758
492.2904999999222,152.86624203821646,0,6.296291744053338,5.887859351426162,0.008139691938461776,4.090752171013277,0.010094640815669093,59.504848370895324,0.0061381565372923995,24.5989121785944,0.006704855283511965,7.658369378072949,20.89718712480797,124.22269722609758
492.30049999992195,152.86624203821646,1,7.275607025531121,5.896438645342565,0.00814348098904231,4.093286084650595,0.010094640815669093,58.888267556774025,0.006109794668199675,24.27636047092272,0.0066511718672359575,7.658369378072949,20.89718712480797,124.22269722609758
492.3104999999217,152.86624203821646,1,8.23052420819867,5.900509314808322,0.00814348098904231,4.097356754116352,0.010094640815669093,58.28455963317543,0.006082139045507683,23.964474665379388,0.006599237709474804,7.658369378072949,20.89718712480797,124.22269722609758
492.3204999999215,152.86624203821646,1,9.15239392471444,5.906680081760005,0.00814348098904231,4.103580066099459,0.010094640815669093,57.69906481729336,0.006055151580290937,23.66347438076592,0.006548933861658916,7.658369378072949,20.89718712480797,124.22269722609758
492.33049999992124,151.70670037926664,1,9.598485993824486,6.160164046905511,0.00814348098904231,4.275787800965078,0.010094640815669093,57.129123867348646,0.006028797061853157,23.373343639022977,0.006500137112167079,7.658369378072949,20.89718712480797,124.22269722609758
492.340499999921,151.70670037926664,1,9.598485993824486,9.538545484271749,0.00814348098904231,6.531789679367964,0.010094640815669093,56.57107904897973,0.006003057188260564,23.092532412461118,0.006452716152386349,7.658369378072949,20.89718712480797,124.22269722609758
492.35049999992077,151.70670037926664,1,9.598485993824486,16.75527172811077,0.00814348098904231,11.346736440102623,0.010094640815669093,56.02900501436733,0.005977925861782757,22.819468771983328,0.006406533497621993,7.658369378072949,20.89718712480797,124.22269722609758
492.36049999992053,151.70670037926664,1,9.598485993824486,27.543808169537833,0.00814348098904231,18.542929009252745,0.010094640815669093,55.49982013075633,0.005953388337560033,22.553070476919306,0.006361458649856709,7.658369378072949,20.89718712480797,124.22269722609758
492.3704999999203,151.70670037926664,1,9.598485993824486,41.510022000745245,0.00814348098904231,26.919947520539175,0.009873353437580865,54.98029385993087,0.005929435977824025,23.605983440591928,0.006534612297616409,7.658369378072949,20.89718712480797,124.22269722609758
492.38049999992006,151.70670037926664,1,9.598485993824486,57.77623762938971,0.008078809111764671,32.320704635781155,0.009074904735461875,55.51521080929405,0.005942220050349073,27.894698297899605,0.007242862386000122,7.658369378072949,20.89718712480797,124.22269722609758
492.3904999999198,151.70670037926664,1,9.598485993824486,67.42541963235286,0.007222752525549283,35.681781101347404,0.008279610697669613,62.35492960220713,0.0062337776394222185,31.819359213083466,0.007893095180503618,7.658369378072949,20.89718712480797,124.22269722609758
492.4004999999196,151.70670037926664,1,9.598485993824486,72.54137539551012,0.006296590679481211,37.778605158638825,0.007622384306949134,68.12830431561224,0.006501909883632561,34.65590129983819,0.008364375544648877,7.658369378072949,20.89718712480797,124.22269722609758
492.41049999991935,151.70670037926664,1,9.598485993824486,75.78084144645568,0.005548578079696461,38.971528669608276,0.007102768647018572,72.31570368176978,0.006699717943945836,36.50811051962532,0.008672642072931176,7.658369378072949,20.89718712480797,124.22269722609758
492.4204999999191,151.70670037926664,1,9.598485993824486,77.88143033780214,0.0049698309658487835,39.51111612236818,0.0066979244533090605,75.21317023664729,0.006837515499599767,37.58948665177283,0.008853091339057775,7.658369378072949,20.89718712480797,124.22269722609758
492.4304999999189,151.70670037926664,1,9.598485993824486,79.16938112279384,0.004526940777726493,39.59008640398558,0.006385343742265633,77.10889478482997,0.0069284564547207475,38.090141920938414,0.008937288932674812,7.658369378072949,20.89718712480797,124.22269722609758
492.44049999991864,151.70670037926664,1,9.598485993824486,79.78935086318481,0.004191442611736729,39.3184835269354,0.006146076056576235,78.22513003230789,0.006982859436223857,38.16250165529204,0.008950554791517268,7.658369378072949,20.89718712480797,124.22269722609758
492.4504999999184,151.70670037926664,1,9.598485993824486,79.87139068491847,0.003942446095532682,38.79075797601104,0.005965747019498622,78.72209416294227,0.007008390227797208,37.919827700479026,0.008911649299898926,7.658369378072949,20.89718712480797,124.22269722609758
492.46049999991817,151.70670037926664,1,9.598485993824486,79.51643298385875,0.0037661711134123763,38.07736844250749,0.005834408180391044,78.7069305655432,0.0070101666657164195,37.44089818728646,0.008833489955469944,7.658369378072949,20.89718712480797,124.22269722609758
492.47049999991793,151.70670037926664,1,9.598485993824486,78.74370399070352,0.0036537816582234072,37.2037555224867,0.005745263721608015,78.25038979724692,0.006991414426957033,36.77917656134082,0.008724876053721894,7.658369378072949,20.89718712480797,124.22269722609758
492.4804999999177,151.70670037926664,1,9.598485993824486,77.51479284629117,0.003601703212690627,36.12595733213123,0.005694715331269474,77.33043018710373,0.006954523389491994,35.897908998403004,0.00859082270137126,7.658369378072949,20.89718712480797,124.22269722609758
492.49049999991746,151.70670037926664,0,9.598485993824486,75.53980730974601,0.003597800859852455,34.88264686470787,0.005681648175378545,76.15108567522229,0.00690481748707274,34.87561135386321,0.008433564113152192,7.658369378072949,20.89718712480797,124.22269722609758
492.5004999999172,151.70670037926664,0,9.598485993824486,71.45142093423088,0.003597800859852455,32.90192517026294,0.005681648175378545,75.03576270078935,0.006856908091468028,33.864018530542666,0.008277713619219767,7.658369378072949,20.89718712480797,124.22269722609758
492.510499999917,151.70670037926664,0,9.598485993824486,65.02291402423376,0.003597800859852455,29.8082720285598,0.005681648175378545,73.9562093342391,0.006810574840586898,32.931860057411896,0.008134744351009615,7.658369378072949,20.89718712480797,124.22269722609758
492.52049999991675,151.70670037926664,0,9.598485993824486,56.20356835535711,0.003597800859852455,25.577696951366462,0.005681648175378545,72.9080161206261,0.006765716668975812,32.069571319140266,0.008003053588220099,7.658369378072949,20.89718712480797,124.22269722609758
492.5304999999165,151.70670037926664,0,9.598485993824486,45.091582984094934,0.003597800859852455,20.256846004353125,0.005681648175378545,71.89422280007878,0.00672225307599141,31.26883340694561,0.007881259026935322,7.658369378072949,20.89718712480797,124.22269722609758
492.5404999999163,151.70670037926664,0,9.598485993824486,31.774060931069343,0.003597800859852455,13.886978261364835,0.005681648175378545,70.91053179530496,0.006680119947384378,30.521922860961894,0.007768168335949636,7.658369378072949,20.89718712480797,124.22269722609758
492.55049999991604,151.70670037926664,0,9.598485993824486,16.368416105845267,0.003597800859852455,6.524307210829932,0.005681648175378545,69.9538211956072,0.006639246707948153,29.823131505723204,0.007662752189060315,7.658369378072949,20.89718712480797,124.22269722609758
492.5604999999158,151.70670037926664,0,0.0,0.32589089945778493,0.003737244121872112,-0.7933663308229981,0.006127003699519632,69.02703227342397,0.006599581590838028,29.16684323229369,0.007564120877148022,7.658369378072949,20.89718712480797,124.22269722609758
492.57049999991557,151.70670037926664,0,0.0,0.9202329109746303,0.004313861050103609,0.0922888105421662,0.006990731272363504,68.1267907517686,0.006561079708404709,28.54815340986651,0.0074715053006897585,7.658369378072949,20.89718712480797,124.22269722609758
492.58049999991533,151.70670037926664,0,0.0,1.3194451391742525,0.004714411647361979,0.5187615659050597,0.007432766297123295,67.25138170971005,0.0065236582085275285,27.96505336399437,0.007384238939111097,7.658369378072949,20.89718712480797,124.22269722609758
492.5904999999151,151.70670037926664,0,0.0,1.5914603470438529,0.005000221094659862,0.7530394320495586,0.007697129530833343,66.40334272876804,0.0064872805955541015,27.41344635608095,0.007301739450618954,7.658369378072949,20.89718712480797,124.22269722609758
492.60049999991486,151.70670037926664,0,0.0,1.7800818059291514,0.00521105870309931,0.9028507230976373,0.007882911070615296,65.57898361596902,0.006451921777238404,26.889070611025193,0.007223494946995084,7.658369378072949,20.89718712480797,124.22269722609758
492.6104999999146,151.70670037926664,0,0.0,1.915397112615731,0.005372729261051956,1.0137832561720432,0.008030820808359783,64.77622573072493,0.006417530689745366,26.389989143286442,0.007149054836778916,7.658369378072949,20.89718712480797,124.22269722609758
492.6204999999144,151.70670037926664,0,0.0,2.015359752975314,0.005501988796583717,1.1036136548670608,0.008157958914863142,63.99746212888637,0.006384081951788929,25.913170170691146,0.007078023012284115,7.658369378072949,20.89718712480797,124.22269722609758
492.63049999991415,151.70670037926664,0,0.447152577874474,2.147201402062788,0.005671861243048037,1.259171373283127,0.008364409790140925,63.23985578609289,0.006351549599740956,25.456031134420186,0.007010052621921752,7.658369378072949,20.89718712480797,124.22269722609758
492.6404999999139,151.70670037926664,0,1.3708663436648025,2.6605931220355923,0.006190566670646281,1.8472366563651703,0.0089773519973124,62.50054055579505,0.0063198969844277635,25.016359960747273,0.006944840905898733,7.658369378072949,20.89718712480797,124.22269722609758
492.6504999999137,151.70670037926664,0,2.327215784887949,3.3383071440751406,0.006844762159857549,2.4355680589208877,0.009573223705446809,61.78178562674738,0.006289125158320288,24.591479281273187,0.006882130672740108,7.658369378072949,20.89718712480797,124.22269722609758
492.66049999991344,151.70670037926664,0,3.3075100568724776,3.935028057287857,0.007418847646783228,2.8138306452033515,0.009967255558925286,61.081103224795434,0.006259204691170068,24.179982051083627,0.006821719514948786,7.658369378072949,20.89718712480797,124.22269722609758
492.6704999999132,151.70670037926664,0,4.302358639469016,4.352267432361032,0.007827380557803654,2.9966535040908577,0.010176035545080779,60.39777602232323,0.006230072922937716,23.78306826126411,0.006763453284305511,7.658369378072949,20.89718712480797,124.22269722609758
492.68049999991297,151.70670037926664,0,5.301940048272467,4.58372715012829,0.008067961812290787,3.0372347524835055,0.010250549456763808,59.73391824072505,0.006201708865466324,23.399538552388616,0.006707206988562644,7.658369378072949,20.89718712480797,124.22269722609758
492.69049999991273,151.70670037926664,0,6.296291744053338,4.653636311122716,0.008163246711525077,2.9984323853438384,0.01025350429639501,59.086771901865994,0.006174097753886718,23.02780731787533,0.006652868387720857,7.658369378072949,20.89718712480797,124.22269722609758
492.7004999999125,151.70670037926664,1,7.275607025531121,4.61917251726736,0.008166583068500433,2.958474256708039,0.01025350429639501,58.45574226557295,0.006147181010121831,22.669275186938496,0.006600328384602232,7.658369378072949,20.89718712480797,124.22269722609758
492.71049999991226,151.70670037926664,1,8.23052420819867,4.582359522913174,0.008166583068500433,2.9216859840948053,0.01025350429639501,57.8430164764071,0.006120936795572271,22.323147843444264,0.006549477016963695,7.658369378072949,20.89718712480797,124.22269722609758
492.720499999912,151.70670037926664,1,9.15239392471444,4.5486697963465605,0.008166583068500433,2.888020391875348,0.01025350429639501,57.2462052570339,0.006095345118381858,21.988213400626222,0.006500201932950749,7.658369378072949,20.89718712480797,124.22269722609758
492.7304999999118,149.9999999999999,1,9.598485993824486,4.764564828650707,0.008166583068500433,3.026651747828662,0.01025350429639501,56.66569494430865,0.006070332338319665,21.667011752876757,0.006452385347556241,7.658369378072949,20.89718712480797,124.22269722609758
492.74049999991155,149.9999999999999,1,9.598485993824486,8.092884319325824,0.008166583068500433,5.2890273284486415,0.01025350429639501,56.10249614441705,0.0060458830272258875,21.35761005364239,0.006405900443234336,7.658369378072949,20.89718712480797,124.22269722609758
492.7504999999113,149.9999999999999,1,9.598485993824486,15.242259580417324,0.008166583068500433,10.15721284011753,0.01025350429639501,55.55258306596423,0.006022029084610707,21.055776242371905,0.006360614047101992,7.658369378072949,20.89718712480797,124.22269722609758
492.7604999999111,149.9999999999999,1,9.598485993824486,25.957193460863635,0.008166583068500433,17.457540810287874,0.01025350429639501,55.01545849349641,0.00599872685778705,20.762369128901103,0.006316399159971175,7.658369378072949,20.89718712480797,124.22269722609758
492.77049999991084,149.9999999999999,1,9.598485993824486,39.82851888997474,0.008166583068500433,25.716009741489895,0.009976084677054641,54.49222883358872,0.005975980273563414,22.11881982854143,0.00654481904172273,7.658369378072949,20.89718712480797,124.22269722609758
492.7804999999106,149.9999999999999,1,9.598485993824486,56.20305107222687,0.008132872160365578,31.029737070525968,0.009148981955117706,54.58232812536054,0.005973909586400932,26.5222608762301,0.0072771735250324165,7.658369378072949,20.89718712480797,124.22269722609758
492.79049999991037,149.9999999999999,1,9.598485993824486,66.38499873883184,0.007317151295126412,34.383345965310795,0.008341197482555197,61.33247974294308,0.0062592482264758244,30.453052612376435,0.007934666903587932,7.658369378072949,20.89718712480797,124.22269722609758
492.80049999991013,149.9999999999999,1,9.598485993824486,71.62707388953878,0.006386661387005254,36.447927807174715,0.007674039870023764,67.17333788669401,0.006531654548229429,33.27486916121595,0.008410515747444367,7.658369378072949,20.89718712480797,124.22269722609758
492.8104999999099,149.9999999999999,1,9.598485993824486,74.92683649783653,0.005629410278773625,37.60416304517979,0.007145790553388954,71.4309588905075,0.006734503565141506,35.10523998070325,0.00872208262095265,7.658369378072949,20.89718712480797,124.22269722609758
492.82049999990966,149.9999999999999,1,9.598485993824486,77.10744678854967,0.005042843992802612,38.122599397063084,0.006734233838090591,74.38728867028927,0.00687669577898236,36.15782035817349,0.008904042580799361,7.658369378072949,20.89718712480797,124.22269722609758
492.8304999999094,149.9999999999999,1,9.598485993824486,78.42379579067618,0.00459314028580197,38.157310727541805,0.00641599234258978,76.33139040660805,0.006971412101802682,36.6273501523841,0.008988887036517821,7.658369378072949,20.89718712480797,124.22269722609758
492.8404999999092,149.9999999999999,1,9.598485993824486,79.06881032986668,0.0042515389647149095,37.8425348434381,0.006171791946693011,77.48838874733438,0.007029303943621026,36.66709429290876,0.009002318937775563,7.658369378072949,20.89718712480797,124.22269722609758
492.85049999990895,149.9999999999999,1,9.598485993824486,79.20187607649477,0.003997757896248536,37.28876467657548,0.00598755190132526,78.02025547615808,0.0070578358819980026,36.39149551133543,0.008962831178420467,7.658369378072949,20.89718712480797,124.22269722609758
492.8604999999087,149.9999999999999,1,9.598485993824486,78.86420727159872,0.0038173404854893026,36.536961809026884,0.0058527411102569276,78.03473337244988,0.007062211679890958,35.88057814467082,0.008883918695428135,7.658369378072949,20.89718712480797,124.22269722609758
492.8704999999085,149.9999999999999,1,9.598485993824486,78.10985339814899,0.0037011776036307937,35.62851894334729,0.00576035850703933,77.60223415784087,0.007045920496519095,35.186939716025584,0.008774583980664502,7.658369378072949,20.89718712480797,124.22269722609758
492.88049999990824,149.9999999999999,1,9.598485993824486,76.95872626150312,0.0036454033356995356,34.58607941504882,0.0057067542578337176,76.75655079053422,0.007010535232418448,34.34424401712413,0.008639868693222722,7.658369378072949,20.89718712480797,124.22269722609758
492.890499999908,149.9999999999999,0,9.598485993824486,75.12587721201145,0.003640012925566063,33.39730958319405,0.005690910303039007,75.62616155073256,0.006961056624808146,33.363720183581805,0.008481876991118749,7.658369378072949,20.89718712480797,124.22269722609758
492.90049999990777,149.9999999999999,0,9.598485993824486,71.21835532850965,0.003640012925566063,31.542536636990377,0.005690910303039007,74.54998447054083,0.00691302891907462,32.37661328809216,0.008322839803787459,7.658369378072949,20.89718712480797,124.22269722609758
492.91049999990753,149.9999999999999,0,9.598485993824486,64.9393434256212,0.003640012925566063,28.570777504043875,0.005690910303039007,73.50804393226582,0.006866494635345494,31.472292306462613,0.00817704762428718,7.658369378072949,20.89718712480797,124.22269722609758
492.9204999999073,149.9999999999999,0,9.598485993824486,56.30417788030154,0.003640012925566063,24.488400613551683,0.005690910303039007,72.49913906764236,0.0068213826102101706,30.639189605459755,0.008042849051077133,7.658369378072949,20.89718712480797,124.22269722609758
492.93049999990706,149.9999999999999,0,9.598485993824486,45.33412170649742,0.003640012925566063,19.30447431904753,0.005690910303039007,71.51924320687758,0.006777641218134938,29.866799874845974,0.007918820364903923,7.658369378072949,20.89718712480797,124.22269722609758
492.9404999999068,149.9999999999999,0,9.598485993824486,32.08037251146415,0.003640012925566063,13.045012924662307,0.005690910303039007,70.56845135100431,0.006735150489246154,29.15115595765465,0.007803733238248662,7.658369378072949,20.89718712480797,124.22269722609758
492.9504999999066,149.9999999999999,0,9.598485993824486,16.813819429756236,0.003640012925566063,5.836834452433113,0.005690910303039007,69.64601056196436,0.0066938779139603805,28.48416117012028,0.007696527021151603,7.658369378072949,20.89718712480797,124.22269722609758
492.96049999990635,149.9999999999999,0,9.598485993824486,-0.23026207862591352,0.0037020943520087446,-1.8308730646564597,0.006059298596834713,68.74839232691976,0.006653799786753485,27.858113666292116,0.0075962854115140185,7.658369378072949,20.89718712480797,124.22269722609758
492.9704999999061,149.9999999999999,0,0.0,-0.5670721544911976,0.004292206778270245,-1.2986500475618912,0.007063403264172829,67.87677861987274,0.00661481335864291,27.27222184099997,0.007502216117706021,7.658369378072949,20.89718712480797,124.22269722609758
492.9804999999059,149.9999999999999,0,0.0,-0.11579383297116763,0.004701779626350532,-0.7604751030388512,0.0075694474305514365,67.0319667441756,0.006576857550983977,26.72312405733328,0.007413632647094614,7.658369378072949,20.89718712480797,124.22269722609758
492.99049999990564,149.9999999999999,0,0.0,0.20308859096892729,0.004993305459163131,-0.45132188155894415,0.007865574408475249,66.21033243933462,0.0065399235103128575,26.204506894002893,0.007329936292882446,7.658369378072949,20.89718712480797,124.22269722609758
493.0004999999054,149.9999999999999,0,0.0,0.4385162080409222,0.005207718492339932,-0.23964945520208047,0.00806906938713893,65.41240670235214,0.006503928903488096,25.716019577687057,0.007250601014261778,7.658369378072949,20.89718712480797,124.22269722609758
493.01049999990516,149.9999999999999,0,0.0,0.6178103777330817,0.005371583555535605,-0.07529192174152932,0.008228092918841886,64.6368525388969,0.0064688772514937065,25.252335910297987,0.0071751637697631265,7.654081565111711,21.119565745414487,124.42344307705743
493.0204999999049,149.9999999999999,0,0.0,0.7580055428454759,0.005502148842807775,0.06143255075632137,0.008362857977839134,63.880645888616854,0.006434770721891052,24.808505140177697,0.007103217832136209,7.654081565111711,21.119565745414487,124.42344307705743
493.0304999999047,149.9999999999999,0,0.0,0.875425888188536,0.005610620562474623,0.18383614772160062,0.008482207824140069,63.15267310937879,0.006401522618481294,24.39354039663556,0.007034406816776355,7.654081565111711,21.119565745414487,124.42344307705743
493.04049999990445,149.9999999999999,0,0.81220201606152,1.3029531267757024,0.0059010615601048895,0.6987730660203182,0.008877217763798287,62.528603856733454,0.00636725390219544,24.119243779682048,0.006968419110270217,7.654081565111711,21.119565745414487,124.42344307705743
493.0504999999042,149.9999999999999,0,1.7499579332561088,2.073040775818632,0.006505649223597619,1.527692263260354,0.009562124524985689,61.90387056651764,0.006333749807452486,23.84537163938962,0.006904984463765095,7.654081565111711,21.119565745414487,124.42344307705743
493.060499999904,149.9999999999999,0,2.716973068269756,2.8844449945557002,0.007145891870569559,2.2146402906251526,0.01011103105137112,61.287666737284106,0.006301141964161702,23.574821267153567,0.006843880455228614,7.654081565111711,21.119565745414487,124.42344307705743
493.07049999990375,149.9999999999999,0,3.704246371655628,3.551543278189955,0.007658135247820096,2.6615389000861756,0.010439731182378403,60.68217481028137,0.006269370390589035,23.30936218845618,0.006784937499397825,7.654081565111711,21.119565745414487,124.42344307705743
493.0804999999035,149.9999999999999,0,4.7021811993437215,4.02126369321315,0.007997110295811688,2.9161031359663916,0.010593865192390169,60.08791241520065,0.006238387165589022,23.050150222918102,0.006728025818153344,7.654081565111711,21.119565745414487,124.42344307705743
493.0904999999033,149.9999999999999,0,5.700864136481049,4.307132723343509,0.008175950920502292,3.032748252634176,0.010624746249962553,59.50455615752728,0.006208164541837175,22.797082455381968,0.00667303614685389,7.654081565111711,21.119565745414487,124.42344307705743
493.10049999990304,149.9999999999999,1,6.690359455660843,4.436235838047796,0.008219039762486004,3.108022274542814,0.010624746249962553,58.93281458479895,0.006178671231539123,22.550378985689825,0.006619865847473365,7.654081565111711,21.119565745414487,124.42344307705743
493.1104999999028,149.9999999999999,1,7.661004680605171,4.50881493365703,0.008219039762486004,3.1806043213521153,0.010624746249962553,58.37279422134823,0.006149872622213059,22.31056738077392,0.006568412279859267,7.654081565111711,21.119565745414487,124.42344307705743
493.12049999990256,149.9999999999999,1,8.603692649942937,4.579943324407463,0.008219039762486004,3.2517327121025486,0.010624746249962553,57.82436998724646,0.0061217398321732125,22.077715307547358,0.00651857032657786,7.654081565111711,21.119565745414487,124.42344307705743
493.1304999999023,149.9999999999999,1,9.510126406385815,4.651312675403428,0.008219039762486004,3.3231046240811932,0.010624746249962553,57.28844971047943,0.006094229996027745,21.852593630415615,0.006470230410452735,7.654081565111711,21.119565745414487,124.42344307705743
493.1404999999021,147.78325123152698,1,9.598485993824486,5.835410930445261,0.008219039762486004,4.193304381543416,0.010624746249962553,56.765925360913236,0.00606729036755893,21.636748413752397,0.006423275231156872,7.654081565111711,21.119565745414487,124.42344307705743
493.15049999990185,147.78325123152698,1,9.598485993824486,10.797607010188528,0.008219039762486004,7.773138740639514,0.010624746249962553,56.25374525538459,0.0060409413176842576,21.426147970852885,0.006377577548443064,7.654081565111711,21.119565745414487,124.42344307705743
493.1604999999016,147.78325123152698,1,9.598485993824486,19.479379815927693,0.008219039762486004,14.020321594718252,0.010624746249962553,55.75139764311284,0.006015188606363454,21.219018134428165,0.0063330074183829636,7.654081565111711,21.119565745414487,124.42344307705743
493.1704999999014,147.78325123152698,1,9.598485993824486,31.56668377538667,0.008219039762486004,22.63780885443367,0.01059284500182669,55.25861479088786,0.005990016664349783,21.206412622783805,0.006321108139231487,7.654081565111711,21.119565745414487,124.42344307705743
493.18049999990114,147.78325123152698,1,9.598485993824486,46.626584971598184,0.008219039762486004,29.7177879936038,0.00989506845512391,54.77432269663342,0.005965427218358495,25.06193479607635,0.006949323376760578,7.654081565111711,21.119565745414487,124.42344307705743
493.1904999999009,147.78325123152698,1,9.598485993824486,61.823344480109036,0.007927817633367118,34.271637296294195,0.00899877441241936,57.719856546178974,0.006073118521675159,29.747625895029667,0.007716277098597104,7.654081565111711,21.119565745414487,124.42344307705743
493.20049999990067,147.78325123152698,1,9.598485993824486,69.44044491950098,0.006975452052052248,37.187059842679616,0.008212402311798737,64.47166381232941,0.006372779875687884,33.427681362859815,0.00832142488465789,7.654081565111711,21.119565745414487,124.42344307705743
493.21049999990043,147.78325123152698,1,9.598485993824486,73.84870457512528,0.0061006187271209775,38.9837604984446,0.007578108665506995,69.74323693831259,0.006617993275871186,35.972197557995635,0.008739478035701118,7.654081565111711,21.119565745414487,124.42344307705743
493.2204999999002,147.78325123152698,1,9.598485993824486,76.71742873651982,0.005408706562428054,39.94687033621212,0.007079531753667225,73.51214711353332,0.00679493822642081,37.577100987395944,0.009001732686624433,7.654081565111711,21.119565745414487,124.42344307705743
493.23049999989996,147.78325123152698,1,9.598485993824486,78.56393960713636,0.00487400849096822,40.30866714208689,0.0066915103059436345,76.09770088581797,0.006916653979526895,38.46395568883069,0.009144749623047886,7.654081565111711,21.119565745414487,124.42344307705743
493.2404999998997,147.78325123152698,1,9.598485993824486,79.672607861233,0.004464757713519956,40.25534445466144,0.00639214967181266,77.76446657530202,0.00699529661153199,38.81272770929647,0.00919861707910159,7.654081565111711,21.119565745414487,124.42344307705743
493.2504999998995,147.78325123152698,1,9.598485993824486,80.14954293088826,0.004155290523408414,39.877033915494366,0.006163335522634292,78.70503799452266,0.007040084316019413,38.76734078759022,0.009187120846385961,7.654081565111711,21.119565745414487,124.42344307705743
493.26049999989925,147.78325123152698,1,9.598485993824486,80.11674429972999,0.0039270034206687,39.263130799578796,0.005991517756912617,79.06597599197899,0.00705786375750049,38.43341697131757,0.009127665632856974,7.654081565111711,21.119565745414487,124.42344307705743
493.270499999899,147.78325123152698,1,9.598485993824486,79.66799495442177,0.003768028459208235,38.48031104372262,0.005867647081309445,78.94222775313098,0.007053127684514479,37.87965311309779,0.009031871659193235,7.654081565111711,21.119565745414487,124.42344307705743
493.2804999998988,147.78325123152698,1,9.598485993824486,78.80403668412704,0.0036709594887784007,37.54284042518678,0.005785573938014544,78.38762679360336,0.007028587851529781,37.15415002655442,0.00890759875003784,7.654081565111711,21.119565745414487,124.42344307705743
493.29049999989854,147.78325123152698,1,9.598485993824486,77.53856567716818,0.0036331668079232628,36.46818077462133,0.005742352869148353,77.42718087764752,0.006985448624441508,36.28284949000685,0.008759008092677403,7.654081565111711,21.119565745414487,124.42344307705743
493.3004999998983,147.78325123152698,0,9.598485993824486,75.22721208538125,0.0036326617806230724,35.180985843889346,0.005735037064887217,76.30829650379354,0.0069335948546396225,35.287647963107844,0.008590006426827104,7.654081565111711,21.119565745414487,124.42344307705743
493.31049999989807,147.78325123152698,0,9.598485993824486,70.68089118172637,0.0036326617806230724,32.99021872654105,0.005735037064887217,75.2466003910922,0.0068839486780930765,34.33894546704582,0.00842882539255963,7.654081565111711,21.119565745414487,124.42344307705743
493.32049999989783,147.78325123152698,0,9.598485993824486,63.803666320924904,0.0036326617806230724,29.668595055564374,0.005735037064887217,74.21776785567702,0.006835815224057844,33.4707576475073,0.008280966128173127,7.654081565111711,21.119565745414487,124.42344307705743
493.3304999998976,147.78325123152698,0,9.598485993824486,54.54748605286306,0.0036326617806230724,25.192067229760067,0.005735037064887217,73.21938140577815,0.0067891289061504856,32.67162127127428,0.008144773611909331,7.654081565111711,21.119565745414487,124.42344307705743
493.34049999989736,147.78325123152698,0,9.598485993824486,43.04346698250529,0.0036326617806230724,19.62465504427181,0.005735037064887217,72.24946404389217,0.0067438043557179,31.933631689538906,0.008018820537963633,7.654081565111711,21.119565745414487,124.42344307705743
493.3504999998971,147.78325123152698,0,9.598485993824486,29.38368762254018,0.0036326617806230724,13.011458001807728,0.005735037064887217,71.30762282500271,0.006699766156032178,31.2501665236584,0.007901875046890295,7.654081565111711,21.119565745414487,124.42344307705743
493.3604999998969,147.78325123152698,0,9.598485993824486,13.672972011374299,0.0036326617806230724,5.402554572030208,0.005735037064887217,70.3921855078195,0.006656980293300769,30.61330193629882,0.007792873235107793,7.654081565111711,21.119565745414487,124.42344307705743
493.37049999989665,147.78325123152698,0,0.0,0.5678463165144763,0.003880543904790671,-0.4529047872551848,0.006366128380016652,69.50126043634094,0.006615387065889323,30.017934224536923,0.007690895699976974,7.654081565111711,21.119565745414487,124.42344307705743
493.3804999998964,147.78325123152698,0,0.0,1.1997318537495167,0.004418891701631677,0.4008375674686051,0.007126979971156331,68.63570225300381,0.0065749195057365015,29.461008353488857,0.007595147095322257,7.654081565111711,21.119565745414487,124.42344307705743
493.3904999998962,147.78325123152698,0,0.0,1.6483539722510137,0.004794633743041525,0.8525320475710281,0.007521006193794888,67.79459424887298,0.006535536588735133,28.937738546045964,0.007504937457304125,7.654081565111711,21.119565745414487,124.42344307705743
493.40049999989594,147.78325123152698,0,0.0,1.9775565134518898,0.0050643678953246575,1.133925264470399,0.007759159923439995,66.97592006258874,0.006497192872683639,28.444656086374554,0.007419663753506852,7.654081565111711,21.119565745414487,124.42344307705743
493.4104999998957,147.78325123152698,0,0.0,2.2289396040789504,0.005264810003283342,1.3394490464017221,0.007927311841133943,66.17968095778966,0.006459847175737936,27.978858807826107,0.007338795736795101,7.654081565111711,21.119565745414487,124.42344307705743
493.42049999989547,147.78325123152698,0,0.0,2.4274532196941965,0.005419790109728379,1.5060019695866829,0.008060896639997414,65.40455020239304,0.006423492769578168,27.535660374237693,0.0072618670150212065,7.654081565111711,21.119565745414487,124.42344307705743
493.43049999989523,147.78325123152698,0,0.0,2.591234311828471,0.005544781909296053,1.6506516592518898,0.008174925973526552,64.64880804335307,0.006388088093193146,27.113093734979913,0.007188468334203765,7.654081565111711,21.119565745414487,124.42344307705743
493.440499999895,147.78325123152698,0,0.0,2.732312807125072,0.005649839975370342,1.7813518041520036,0.008276077191700254,63.91292763803618,0.0063535918153230005,26.709708646790624,0.007118241304452497,7.654081565111711,21.119565745414487,124.42344307705743
493.45049999989476,147.78325123152698,0,0.583312293202497,2.956773011540199,0.005847545269459913,2.0386686638457636,0.008520603370690319,63.19635957682543,0.006319989880149557,26.322626861173507,0.007050872752113423,7.654081565111711,21.119565745414487,124.42344307705743
493.4604999998945,147.78325123152698,0,1.5124411047019068,3.575272019788097,0.006402255593326529,2.708005979822039,0.009147269533434647,62.496024051700985,0.0062872677054619745,25.948912508716173,0.006986090228651374,7.654081565111711,21.119565745414487,124.42344307705743
493.4704999998943,147.78325123152698,0,2.4729562554155584,4.318087185431434,0.007057260453298654,3.3291664748139818,0.009713797233649344,61.81310085440199,0.0062553915441093825,25.588330272345445,0.006923665543231969,7.654081565111711,21.119565745414487,124.42344307705743
493.48049999989405,147.78325123152698,0,3.45604602285889,4.955913890629776,0.007612673929449106,3.7323368226881186,0.010073522946382543,61.14718062382339,0.0062243465470695255,25.238972305832576,0.006863423017421414,7.654081565111711,21.119565745414487,124.42344307705743
493.4904999998938,147.78325123152698,0,4.452237440462,5.405493015221152,0.00799740242604772,3.9441200263397285,0.010254342873117567,60.49690163587026,0.006194088132753487,24.90115551119049,0.006805230647724533,7.654081565111711,21.119565745414487,124.42344307705743
493.5004999998936,147.78325123152698,0,5.451669047874359,5.669688002728,0.00821535376322965,4.018048110443031,0.010305787791716795,59.86315604358356,0.00616457567558745,24.57526437896487,0.006748980653487131,7.654081565111711,21.119565745414487,124.42344307705743
493.51049999989334,147.78325123152698,0,6.444382777290247,5.772424475759138,0.00828948923788165,4.031481084829714,0.01030585091212491,59.24526290773994,0.006135804867052144,24.259327754319216,0.006694573838581344,7.654081565111711,21.119565745414487,124.42344307705743
493.5204999998931,147.78325123152698,1,7.420620624513918,5.786863979666725,0.008289738596062775,4.04499633906467,0.01030585091212491,58.64164154458374,0.006107739359091898,23.953528209978387,0.006641911431766852,7.654081565111711,21.119565745414487,124.42344307705743
493.53049999989287,147.78325123152698,1,8.37111142281271,5.8026007043935275,0.008289738596062775,4.060716711988277,0.01030585091212491,58.053525946323184,0.006080336321122911,23.658640083412926,0.006590891810156339,7.654081565111711,21.119565745414487,124.42344307705743
493.54049999989263,147.78325123152698,1,9.287333720807599,5.819911152080184,0.008289738596062775,4.078027159674934,0.01030585091212491,57.48063624182759,0.006053583682502883,23.37320453319825,0.006541408871540637,7.654081565111711,21.119565745414487,124.42344307705743
493.5504999998924,145.45454545454535,1,9.598485993824486,6.333767724791288,0.008289738596062775,4.432272930912761,0.01030585091212491,56.9218969365646,0.006027434792073759,23.098084098666654,0.0064933491831366714,7.654081565111711,21.119565745414487,124.42344307705743
493.56049999989216,145.45454545454535,1,9.598485993824486,10.274141695714228,0.008289738596062775,7.104965199980198,0.01030585091212491,56.3774676033733,0.006001861114359208,22.83256722627005,0.006446588791786801,7.654081565111711,21.119565745414487,124.42344307705743
493.5704999998919,145.45454545454535,1,9.598485993824486,17.99270379320319,0.008289738596062775,12.333007909695503,0.01030585091212491,55.84598859473765,0.005976888450240611,22.57310187781568,0.006400997633435898,7.654081565111711,21.119565745414487,124.42344307705743
493.5804999998917,145.45454545454535,1,9.598485993824486,29.206024421920997,0.008289738596062775,19.924807089978426,0.01030585091212491,55.32557454208808,0.005952495597834942,22.319159597304463,0.0063564531738099315,7.654081565111711,21.119565745414487,124.42344307705743
493.59049999989145,145.45454545454535,1,9.598485993824486,43.50798835977018,0.008289738596062775,28.00064039139597,0.009953490639782086,54.817092983511635,0.005928657528251643,24.151484491517245,0.006656811926171668,7.654081565111711,21.119565745414487,124.42344307705743
493.6004999998912,145.45454545454535,1,9.598485993824486,59.46685805523148,0.008146393161559164,33.108703963637204,0.009114304557955108,56.28761225354983,0.00597746354318287,28.62806567410424,0.007394805513367684,7.654081565111711,21.119565745414487,124.42344307705743
493.610499999891,145.45454545454535,1,9.598485993824486,68.3069433046894,0.00723326039475265,36.35134527899338,0.00831855265477714,63.1950258587037,0.00627793554991204,32.4944144581467,0.008034875876551016,7.654081565111711,21.119565745414487,124.42344307705743
493.62049999989074,145.45454545454535,1,9.598485993824486,73.19439044645837,0.0063143169076362035,38.37118086515602,0.007663511175982399,68.8567319612281,0.00654137901780598,35.26717423077322,0.008494784062490015,7.654081565111711,21.119565745414487,124.42344307705743
493.6304999998905,145.45454545454535,1,9.598485993824486,76.39154892640339,0.0055762212487463466,39.53626840010549,0.007144906701472491,72.96488274259353,0.006735161879778119,37.069973957751806,0.008794095427290753,7.654081565111711,21.119565745414487,124.42344307705743
493.64049999989027,145.45454545454535,1,9.598485993824486,78.46842528285417,0.0050037076589974855,40.05099627948417,0.006739766252036248,75.80924809209048,0.006870259196363203,38.11553572381332,0.00896783164590418,7.654081565111711,21.119565745414487,124.42344307705743
493.65049999989003,145.45454545454535,1,9.598485993824486,79.71717076937601,0.004563102707297543,40.097194777615044,0.006425341652890957,77.6788783493224,0.006959735702355355,38.59525168898445,0.00904757729880949,7.654081565111711,21.119565745414487,124.42344307705743
493.6604999998898,145.45454545454535,1,9.598485993824486,80.35578263661886,0.0042278966484956305,39.823512864973814,0.006183848479746207,78.78766334562397,0.007013477618637386,38.652772468072605,0.009057344685596871,7.654081565111711,21.119565745414487,124.42344307705743
493.67049999988956,145.45454545454535,1,9.598485993824486,80.44920291934343,0.003977926058903754,39.290249492311666,0.00600108355623814,79.28193980131232,0.007038674201606847,38.40001854112892,0.009015596799888023,7.654081565111711,21.119565745414487,124.42344307705743
493.6804999998893,145.45454545454535,1,9.598485993824486,80.09239847451447,0.0037991062906351037,38.56528504000056,0.005866773234528486,79.27504917172324,0.007040552516682879,37.91715249134689,0.008935493910317949,7.654081565111711,21.119565745414487,124.42344307705743
493.6904999998891,145.45454545454535,1,9.598485993824486,79.35009003414311,0.0036831728798788,37.69624159274768,0.0057745107923537695,78.8352620968561,0.007022311266785334,37.25337324281659,0.00882538455534456,7.654081565111711,21.119565745414487,124.42344307705743
493.70049999988885,145.45454545454535,1,9.598485993824486,78.20454700569391,0.0036259313753702308,36.684902651924304,0.005720436003263584,77.99036413131923,0.006985564234164573,36.44060718336374,0.008690472200277025,7.654081565111711,21.119565745414487,124.42344307705743
493.7104999998886,145.45454545454535,0,9.598485993824486,76.44794883129177,0.0036193316733990773,35.535050481515185,0.005703772373749759,76.85117124977003,0.006934502089719526,35.49062981115443,0.008532589632510516,7.654081565111711,21.119565745414487,124.42344307705743
493.7204999998884,145.45454545454535,0,9.598485993824486,72.7079231852487,0.0036193316733990773,33.74887271979427,0.005703772373749759,75.76340666808802,0.0068846154865831065,34.529110515452516,0.008372831906978562,7.654081565111711,21.119565745414487,124.42344307705743
493.73049999988814,145.45454545454535,0,9.598485993824486,66.70032505011606,0.0036193316733990773,30.87746541055287,0.005703772373749759,74.70827018962348,0.006836294789792164,33.64782343228442,0.008226338784405901,7.654081565111711,21.119565745414487,124.42344307705743
493.7404999998879,145.45454545454535,0,9.598485993824486,58.392023206970975,0.0036193316733990773,26.905306973533484,0.005703772373749759,73.68559162976939,0.0067894327710002105,32.83744279771371,0.008091457865265252,7.654081565111711,21.119565745414487,124.42344307705743
493.75049999988767,145.45454545454535,0,9.598485993824486,47.76475638459152,0.0036193316733990773,21.82303805230352,0.005703772373749759,72.69453809115697,0.006743968058507753,32.08820754560456,0.007966764283090198,7.654081565111711,21.119565745414487,124.42344307705743
493.76049999988743,145.45454545454535,0,9.598485993824486,35.006776331805405,0.0036193316733990773,15.721065085174683,0.005703772373749759,71.73066239532753,0.0066998248929848216,31.39310122616903,0.007851028932022639,7.654081565111711,21.119565745414487,124.42344307705743
493.7704999998872,145.45454545454535,0,9.598485993824486,20.2372323071281,0.0036193316733990773,8.656717976546716,0.005703772373749759,70.79473037034728,0.006656935013850374,30.74635330919506,0.007743190405393134,7.654081565111711,21.119565745414487,124.42344307705743
493.78049999988696,145.45454545454535,0,9.598485993824486,3.589479421087122,0.003634258270186836,0.9354881078689021,0.005879916486813178,69.88649251151998,0.00661526183293439,30.14128737435118,0.007642331524913395,7.654081565111711,21.119565745414487,124.42344307705743
493.7904999998867,145.45454545454535,0,0.0,1.3944116643982665,0.004237243387805358,0.4878274437084329,0.006836568139339203,69.00182764417883,0.006574751412066161,29.573444763134724,0.007547659460541602,7.654081565111711,21.119565745414487,124.42344307705743
493.8004999998865,145.45454545454535,0,0.0,1.8977222008617018,0.004675275017421935,1.0279385313857712,0.007325518650159448,68.14266620608073,0.006535329993713885,29.04056376249202,0.007458487310622273,7.654081565111711,21.119565745414487,124.42344307705743
493.81049999988625,145.45454545454535,0,0.0,2.2571393337723156,0.004985686511862218,1.338050813866435,0.007604338656546283,67.30885474125428,0.006496971426410032,28.537762942784425,0.007374216160284258,7.654081565111711,21.119565745414487,124.42344307705743
493.820499999886,145.45454545454535,0,0.0,2.522808696236653,0.005212766848193688,1.548105951891925,0.007791212544138099,66.49613908387296,0.006459635155131231,28.06183190660007,0.007294319902419264,7.654081565111711,21.119565745414487,124.42344307705743
493.8304999998858,145.45454545454535,0,0.0,2.72728903644013,0.005385254964720124,1.7113750048838776,0.007934580950879412,65.70560633153993,0.006423281361799785,27.61025886428185,0.007218334939677939,7.654081565111711,21.119565745414487,124.42344307705743
493.84049999988554,145.45454545454535,0,0.0,2.8903003222418815,0.0055218092113901805,1.8487087410474357,0.0080547034658313,64.93742454048515,0.0063878937862876205,27.179395197524162,0.007145853562587003,7.654081565111711,21.119565745414487,124.42344307705743
493.8504999998853,145.45454545454535,0,0.0,3.026149298558276,0.00563454804345962,1.970297423982478,0.008160384947438154,64.1876426388852,0.006353434508713151,26.767323064631476,0.007076518482904627,7.654081565111711,21.119565745414487,124.42344307705743
493.86049999988506,145.45454545454535,0,0.0,3.144113212638094,0.005731350064316959,2.0809833216988083,0.008255722793707758,63.45762954753279,0.006319865390400125,26.372676194769937,0.007010016996600521,7.654081565111711,21.119565745414487,124.42344307705743
493.8704999998848,145.45454545454535,0,0.583312293202497,3.3499597955654057,0.005924314228362699,2.3194118257977063,0.008494612818094624,62.74812487844404,0.006287165637631373,25.99328131241809,0.006946076041742786,7.654081565111711,21.119565745414487,124.42344307705743
493.8804999998846,145.45454545454535,0,1.5124411047019068,3.9566250396538645,0.006479355234374872,2.969152395625248,0.009114062512097378,62.054185521587485,0.006255320344720779,25.6265008193061,0.006884458438002097,7.654081565111711,21.119565745414487,124.42344307705743
493.89049999988436,145.45454545454535,0,2.4729562554155584,4.690849685590278,0.0071369709774169975,3.5729197688304892,0.009675086274273926,61.37766595196805,0.006224299215739157,25.271927209907886,0.00682496680954827,7.654081565111711,21.119565745414487,124.42344307705743
493.9004999998841,145.45454545454535,0,3.45604602285889,5.320796376839848,0.007694857556376695,3.9616680928873786,0.010031420630109653,60.71939754310563,0.0061940816281504,24.928245277982153,0.006767452593288902,7.654081565111711,21.119565745414487,124.42344307705743
493.9104999998839,145.45454545454535,0,4.452237440462,5.761637999733313,0.008080810996710831,4.161158353237129,0.010210390943977988,60.07582249317739,0.006164630025981579,24.595435390574842,0.006711807769914201,7.654081565111711,21.119565745414487,124.42344307705743
493.92049999988365,145.45454545454535,0,5.451669047874359,6.01552228500684,0.008298528163152977,4.223982978065022,0.010261047075755885,59.44855682069907,0.006135908923821834,24.273688690004896,0.006657945444983558,7.654081565111711,21.119565745414487,124.42344307705743
493.9304999998834,145.45454545454535,0,6.444382777290247,6.106977208230614,0.008371093949127625,4.2277367504826415,0.010261094449910444,58.83823672069846,0.006107905549815334,23.96174755177264,0.006605784545082971,7.654081565111711,21.119565745414487,124.42344307705743
493.9404999998832,145.45454545454535,1,7.420620624513918,6.1119589931208305,0.008371233671264673,4.232013498887152,0.010261094449910444,58.2412040532328,0.006080589455504384,23.659475420047023,0.006555242054830857,7.654081565111711,21.119565745414487,124.42344307705743
493.95049999988294,145.45454545454535,1,8.37111142281271,6.118400528347832,0.008371233671264673,4.238418540447524,0.010261094449910444,57.65933027990982,0.006053923620988839,23.367348623231802,0.006506229815488952,7.654081565111711,21.119565745414487,124.42344307705743
493.9604999998827,145.45454545454535,1,9.287333720807599,6.126747260167711,0.008371233671264673,4.246765272267403,0.010261094449910444,57.093580028928194,0.006027888711289245,23.084517867515494,0.0064586532367538205,7.654081565111711,21.119565745414487,124.42344307705743
493.97049999988246,142.85714285714275,1,9.598485993824486,6.630798494775403,0.008371233671264673,4.585581575456825,0.010261094449910444,56.54079738320801,0.0060024458192367534,22.811376783016872,0.0064124087706409994,7.654081565111711,21.119565745414487,124.42344307705743
493.9804999998822,142.85714285714275,1,9.598485993824486,10.555091924670387,0.008371233671264673,7.197597930990812,0.010261094449910444,56.001961397426925,0.005977569912810474,22.547142415799343,0.006367380741000134,7.654081565111711,21.119565745414487,124.42344307705743
493.990499999882,142.85714285714275,1,9.598485993824486,18.253131965543506,0.008371233671264673,12.316972508245371,0.010261094449910444,55.47713570159213,0.005953273310390374,22.289198048710684,0.0063234461061740235,7.654081565111711,21.119565745414487,124.42344307705743
494.00049999988175,142.85714285714275,1,9.598485993824486,29.44448517213993,0.008371233671264673,19.757434325830207,0.010261094449910444,54.962551157759634,0.0059295392205043875,22.036726062109018,0.006280488507699124,7.654081565111711,21.119565745414487,124.42344307705743
494.0104999998815,142.85714285714275,1,9.598485993824486,43.72791876655136,0.008371233671264673,27.6648193061136,0.009909727523796822,54.45971462209509,0.005906346571252389,23.86380030481481,0.006581330799116066,7.634487400988774,22.16600628851165,121.03655433653259
494.0204999998813,142.85714285714275,1,9.598485993824486,59.52588073656335,0.00820634774314714,32.70180242602615,0.00908167626163866,56.16460732801199,0.005964919170091613,28.277316415404773,0.007310171142927116,7.634487400988774,22.16600628851165,121.03655433653259
494.03049999988104,142.85714285714275,1,9.598485993824486,68.25810037306567,0.007278764961426894,35.92044554200721,0.008294769534330195,63.11231182843991,0.006268782238208091,32.1009575003182,0.007944023357813985,7.634487400988774,22.16600628851165,121.03655433653259
494.0404999998808,142.85714285714275,1,9.598485993824486,73.16393317386219,0.006354702968734959,37.93517592702317,0.007645178551980918,68.80164639953473,0.0065339797341683135,34.854077766334285,0.008401424872798147,7.634487400988774,22.16600628851165,121.03655433653259
494.05049999988057,142.85714285714275,1,9.598485993824486,76.39424745082998,0.0056116786709947365,39.10544702493599,0.007129714467162463,72.94162726666224,0.006729533748924688,36.6517240867928,0.008700606110378801,7.634487400988774,22.16600628851165,121.03655433653259
494.06049999988034,142.85714285714275,1,9.598485993824486,78.50036485882514,0.005034219603551094,39.6295443192833,0.0067262164872882915,75.81583750116626,0.006866347882191162,37.70039069719038,0.008875628992945913,7.634487400988774,22.16600628851165,121.03655433653259
494.0704999998801,142.85714285714275,1,9.598485993824486,79.77497087479904,0.004588857665899538,39.687346933255924,0.006412421423823348,77.7129464787354,0.006957433421952715,38.18789641826356,0.00895751312452668,7.634487400988774,22.16600628851165,121.03655433653259
494.08049999987986,142.85714285714275,1,9.598485993824486,80.43979082793315,0.004249135259461023,39.428664016843804,0.006170864716064864,78.84856886539279,0.0070126642852706145,38.2564806676952,0.0089699088918629,7.634487400988774,22.16600628851165,121.03655433653259
494.0904999998796,142.85714285714275,1,9.598485993824486,80.55710459346137,0.003994800147321295,38.911290885895724,0.005987467247594975,79.36719209194692,0.007039268903016966,38.01678955710061,0.00893113211250363,7.634487400988774,22.16600628851165,121.03655433653259
494.1004999998794,142.85714285714275,1,9.598485993824486,80.22469449034789,0.0038116032513918043,38.20332852052274,0.005851972384369219,79.38448260983397,0.007042540591946474,37.548572369054604,0.008854312223138048,7.634487400988774,22.16600628851165,121.03655433653259
494.11049999987915,142.85714285714275,1,9.598485993824486,79.51190857048064,0.003691067212990391,37.35524081769805,0.0057579518063703115,78.9721068928667,0.007025745575420057,36.90179180855623,0.008747806315632415,7.634487400988774,22.16600628851165,121.03655433653259
494.1204999998789,142.85714285714275,1,9.598485993824486,78.40053183917968,0.0036286832019735457,36.36793272560258,0.005701398387610563,78.15763388569803,0.00699060865080158,36.108713626724665,0.008616945023479582,7.634487400988774,22.16600628851165,121.03655433653259
494.1304999998787,142.85714285714275,0,9.598485993824486,76.76454765789649,0.0036190603692179478,35.24737168356169,0.00568130781395159,77.02192711343791,0.006940127636744367,35.182074082894346,0.008463756995045752,7.634487400988774,22.16600628851165,121.03655433653259
494.14049999987844,142.85714285714275,0,9.598485993824486,73.27927440180696,0.0036190603692179478,33.59845436439297,0.005681265882125268,75.9265810503202,0.006890066316025057,34.22294917652691,0.008305135143164097,7.634487400988774,22.16600628851165,121.03655433653259
494.1504999998782,142.85714285714275,0,9.598485993824486,67.56175384508293,0.0036190603692179478,30.899496519619397,0.005681265882125268,74.8634267039454,0.006841591392541115,33.343745059922895,0.00815970832834612,7.634487400988774,22.16600628851165,121.03655433653259
494.16049999987797,142.85714285714275,0,9.598485993824486,59.57399873512798,0.0036190603692179478,27.128549785647678,0.005681265882125268,73.83295476093663,0.006794592146849807,32.53512947385945,0.008025866637542657,7.634487400988774,22.16600628851165,121.03655433653259
494.17049999987773,142.85714285714275,0,9.598485993824486,49.29115442424794,0.0036190603692179478,22.273574004688527,0.005681265882125268,72.83576267730629,0.006748995826852501,31.78800953269439,0.007902185798882945,7.634487400988774,22.16600628851165,121.03655433653259
494.1804999998775,142.85714285714275,0,9.598485993824486,36.89087951922335,0.0036190603692179478,16.418626786579253,0.005681265882125268,71.86505747462854,0.006704731168789834,31.09495841155092,0.0077874375543023205,7.634487400988774,22.16600628851165,121.03655433653259
494.19049999987726,142.85714285714275,0,9.598485993824486,22.48196522154585,0.0036190603692179478,9.61523893009877,0.005681265882125268,70.92242544340404,0.006661732991763852,30.44995143489736,0.007680561245188105,7.634487400988774,22.16600628851165,121.03655433653259
494.200499999877,142.85714285714275,0,9.598485993824486,6.17810422552726,0.0036190603692179478,2.032077323308403,0.005752880606900943,70.0090362076434,0.006619954135103572,29.846996739155195,0.007580640414349292,7.634487400988774,22.16600628851165,121.03655433653259
494.2104999998768,142.85714285714275,0,0.0,1.386105972655261,0.004160120972176448,0.43889731895060224,0.006719367609835914,69.11843114626846,0.006579346226419772,29.281124283827037,0.007486883122016298,7.634487400988774,22.16600628851165,121.03655433653259
494.22049999987655,142.85714285714275,0,0.0,1.913219887685241,0.00462239484632613,1.0297984111730258,0.007257898923496158,68.25330153949454,0.006539842001745619,28.749722987205427,0.007398603428474293,7.634487400988774,22.16600628851165,121.03655433653259
494.2304999998763,142.85714285714275,0,0.0,2.286887721042083,0.004948310579761966,1.3601802104934229,0.007558295494098332,67.41493523245806,0.006501402601912961,28.248716029914874,0.007315203914796538,7.634487400988774,22.16600628851165,121.03655433653259
494.2404999998761,142.85714285714275,0,0.0,2.560557910664425,0.005185244089894736,1.5781305283545075,0.007755371116769051,66.59697414612424,0.006463991671812298,27.77455581038173,0.0072361602025913276,7.634487400988774,22.16600628851165,121.03655433653259
494.25049999987584,142.85714285714275,0,0.0,2.7687340363155855,0.0053639292374426046,1.7439794267388375,0.007904245806677528,65.80126113889807,0.006427572475971448,27.324506112667525,0.007161009937672158,7.634487400988774,22.16600628851165,121.03655433653259
494.2604999998756,142.85714285714275,0,0.0,2.9331308306060975,0.005504314136717553,1.8820895412190803,0.008027875386015175,65.02925862089451,0.006392119293548328,26.89553926017676,0.0070893462106216,7.634487400988774,22.16600628851165,121.03655433653259
494.27049999987537,142.85714285714275,0,0.0,3.068803686174247,0.0056193498035475254,2.003640930900967,0.008136160542806038,64.27498009794003,0.006357599060757165,26.485366227605702,0.007020812344893613,7.634487400988774,22.16600628851165,121.03655433653259
494.28049999987513,142.85714285714275,0,0.0,3.1853129086403227,0.005717453556719245,2.1136517114774724,0.008233650141163415,63.540505640868716,0.00632397698653235,26.092380526752002,0.0069550959506029,7.634487400988774,22.16600628851165,121.03655433653259
494.2904999998749,142.85714285714275,0,0.0,3.2882302229103084,0.005804102632240851,2.214036878751892,0.008322664744717535,62.82749586034871,0.0062912289204219716,25.71456606536887,0.006891924159802335,7.634487400988774,22.16600628851165,121.03655433653259
494.30049999987466,142.85714285714275,0,0.81220201606152,3.581000941638357,0.006083337028883663,2.565800721974788,0.008677014083868471,62.130410587617845,0.0062593191563439406,25.350792348771012,0.006831059343674497,7.634487400988774,22.16600628851165,121.03655433653259
494.3104999998744,142.85714285714275,0,1.7499579332561088,4.244578587845779,0.0066881135574073025,3.2390169257502563,0.009315323370463568,61.450406217943076,0.0062282402908252375,24.99862136695547,0.006772295863988037,7.634487400988774,22.16600628851165,121.03655433653259
494.3204999998742,142.85714285714275,0,2.716973068269756,4.964605029993917,0.0073330961724415765,3.793025564315902,0.009830489107141597,60.78967009904463,0.006197967628492157,24.657238246517615,0.006715468022195243,7.634487400988774,22.16600628851165,121.03655433653259
494.33049999987395,142.85714285714275,0,3.704246371655628,5.547868388268821,0.00784971374419135,4.128648121068916,0.010138652757206563,60.14283475248341,0.006168467696871911,24.326275983486944,0.006660456611978699,7.634487400988774,22.16600628851165,121.03655433653259
494.3404999998737,142.85714285714275,0,4.7021811993437215,5.936902302240043,0.008190497247327299,4.288008149573503,0.010281717062401895,59.512223581350014,0.006139707009662633,24.005785294045197,0.006607175822657456,7.634487400988774,22.16600628851165,121.03655433653259
494.3504999998735,142.85714285714275,0,5.700864136481049,6.143515982429427,0.00836810172139574,4.321934531478835,0.01030872359226741,58.899680265441134,0.006111663584572305,23.69519329784636,0.00655555461857074,7.634487400988774,22.16600628851165,121.03655433653259
494.36049999987324,142.85714285714275,1,6.690359455660843,6.195790224977184,0.008408180248844757,4.323744020877072,0.01030872359226741,58.29971770422105,0.006084311542970826,23.394077998743764,0.006505523650734953,7.634487400988774,22.16600628851165,121.03655433653259
494.370499999873,142.85714285714275,1,7.661004680605171,6.198740404439288,0.008408180248844757,4.326641826317187,0.01030872359226741,57.71457754251248,0.006057622646809024,23.102405706920248,0.006457008491579512,7.634487400988774,22.16600628851165,121.03655433653259
494.38049999987277,142.85714285714275,1,8.603692649942937,6.203253393235951,0.008408180248844757,4.331154815113849,0.01030872359226741,57.14640880129868,0.006031570850701675,22.819977398331062,0.006409927975415569,7.634487400988774,22.16600628851165,121.03655433653259
494.39049999987253,142.85714285714275,1,9.510126406385815,6.210701123424802,0.008408180248844757,4.338549953159347,0.01030872359226741,56.590086203959736,0.006006124907297075,22.54664777935463,0.006364193024318319,7.634487400988774,22.16600628851165,121.03655433653259
494.4004999998723,140.35087719298235,1,9.598485993824486,7.318387403346722,0.008408180248844757,5.080105588025359,0.01030872359226741,56.04827139877584,0.005981247343995706,22.282888051418077,0.006319703180160171,7.634487400988774,22.16600628851165,121.03655433653259
494.41049999987206,140.35087719298235,1,9.598485993824486,12.161951031336582,0.008408180248844757,8.31100258231907,0.01030872359226741,55.52186714197721,0.005956934136231553,22.026667223637006,0.006276345098823495,7.634487400988774,22.16600628851165,121.03655433653259
494.4204999998718,140.35087719298235,1,9.598485993824486,20.688629718657456,0.008408180248844757,13.995701669423589,0.01030872359226741,55.00455953977974,0.0059331884012960604,21.77564240337469,0.006234000723941873,7.634487400988774,22.16600628851165,121.03655433653259
494.4304999998716,140.35087719298235,1,9.598485993824486,32.59713110882548,0.008408180248844757,21.93321650041478,0.010305158169901676,54.49840538703355,0.005910009565399229,21.550277434661112,0.006196111922320397,7.634487400988774,22.16600628851165,121.03655433653259
494.44049999987135,140.35087719298235,1,9.598485993824486,47.47996440790435,0.008408180248844757,28.93589265589793,0.009728976654575878,54.00598829237594,0.005887361046818458,24.676785219577773,0.006712451436164299,7.634487400988774,22.16600628851165,121.03655433653259
494.4504999998711,140.35087719298235,1,9.598485993824486,61.97329489774033,0.008044371791312893,33.38352622995663,0.008887169814190281,57.57979010695409,0.006024144183720044,29.0728239150561,0.007439485456597135,7.634487400988774,22.16600628851165,121.03655433653259
494.4604999998709,140.35087719298235,1,9.598485993824486,69.34369457385671,0.007070222852075555,36.21634794597031,0.00813203714988857,64.32344164190856,0.006329464364092554,32.5850451509598,0.008029367332631038,7.634487400988774,22.16600628851165,121.03655433653259
494.47049999987064,140.35087719298235,1,9.598485993824486,73.73654965424049,0.0061870232675196625,37.94811873367923,0.007516746023164647,69.58185574091969,0.0065791043654134735,35.012790719705706,0.008444419504901962,7.634487400988774,22.16600628851165,121.03655433653259
494.4804999998704,140.35087719298235,1,9.598485993824486,76.61484342277306,0.005485344427545855,38.86885204323677,0.007029508903696211,73.35277367255378,0.006761079899192687,36.54333831184907,0.008710661285749686,7.634487400988774,22.16600628851165,121.03655433653259
494.49049999987017,140.35087719298235,1,9.598485993824486,78.47050049152918,0.004939931789605553,39.20002102880096,0.006647794971245905,75.94642993568853,0.006888058130366795,37.379853717678536,0.008861667772255107,7.634487400988774,22.16600628851165,121.03655433653259
494.50049999986993,140.35087719298235,1,9.598485993824486,79.59452690139358,0.004519836271056082,39.12803059034754,0.006351447747090607,77.62732527101346,0.00697192416621475,37.69307578755868,0.008925630439147387,7.634487400988774,22.16600628851165,121.03655433653259
494.5104999998697,140.35087719298235,1,9.598485993824486,80.08319798873003,0.004199556733412361,38.73382368983483,0.006123230359588387,78.57976139812611,0.0070218636850096225,37.6205529416771,0.008925404266962651,7.634487400988774,22.16600628851165,121.03655433653259
494.52049999986946,140.35087719298235,1,9.598485993824486,80.06523518646244,0.003960296412142843,38.106335929703604,0.005950000823212343,78.95511444303528,0.007044818807744135,37.26490492894537,0.00887798855427189,7.634487400988774,22.16600628851165,121.03655433653259
494.5304999998692,140.35087719298235,1,9.598485993824486,79.64655199694279,0.003789821234233594,37.31976671363836,0.005822941652533896,78.85652885458857,0.007045390289389831,36.695770052165564,0.008794793250055919,7.634487400988774,22.16600628851165,121.03655433653259
494.540499999869,140.35087719298235,1,9.598485993824486,78.8233682401136,0.003680081977532463,36.384292410680274,0.005735738700021272,78.3347853034568,0.007026515917627118,35.96114579810805,0.008683856126364181,7.634487400988774,22.16600628851165,121.03655433653259
494.55049999986875,140.35087719298235,1,9.598485993824486,77.62222259578321,0.0036274715732666787,35.321635974436354,0.00568495169159627,77.42523293473816,0.0069897471734672815,35.089010766540525,0.008549822476086634,7.634487400988774,22.16600628851165,121.03655433653259
494.5604999998685,140.35087719298235,0,9.598485993824486,75.76677822332702,0.003622454723213766,34.12525921713878,0.005669943441428786,76.25438437977073,0.0069398421160789476,34.08983075606092,0.00839426995214637,7.634487400988774,22.16600628851165,121.03655433653259
494.5704999998683,140.35087719298235,0,9.598485993824486,71.9485415610742,0.003622454723213766,32.307273813202336,0.005669943441428786,75.13602855907119,0.0068914433783473375,33.089133996024074,0.008238201397904989,7.634487400988774,22.16600628851165,121.03655433653259
494.58049999986804,140.35087719298235,0,9.598485993824486,65.91282681160202,0.003622454723213766,29.450777529661565,0.005669943441428786,74.0530598623503,0.006844619101314822,32.16789437256134,0.008095093927196975,7.634487400988774,22.16600628851165,121.03655433653259
494.5904999998678,140.35087719298235,0,9.598485993824486,57.59707804037993,0.003622454723213766,25.52696549917468,0.005669943441428786,73.00763739782246,0.006799256318172429,31.317422572293268,0.007963332617186564,7.634487400988774,22.16600628851165,121.03655433653259
494.60049999986757,140.35087719298235,0,9.598485993824486,47.10301293500106,0.003622454723213766,20.58325952950236,0.005669943441428786,71.9903689495377,0.006755284748071732,30.528479043006808,0.007841525781715335,7.634487400988774,22.16600628851165,121.03655433653259
494.61049999986733,140.35087719298235,0,9.598485993824486,34.49474025322212,0.003622454723213766,14.649395681742323,0.005669943441428786,71.00295954247387,0.006712641651418167,29.793372756278043,0.007728472314269459,7.634487400988774,22.16600628851165,121.03655433653259
494.6204999998671,140.35087719298235,0,9.598485993824486,19.844446892915066,0.003622454723213766,7.7597925499416505,0.005669943441428786,70.04848910850333,0.006671247861364679,29.107107914118725,0.007623135048392735,7.634487400988774,22.16600628851165,121.03655433653259
494.63049999986686,140.35087719298235,0,9.598485993824486,3.506341554981565,0.003625866704462233,0.3348246625825291,0.005831856131568476,69.11810440700549,0.006631060024882199,28.463312053881566,0.007524618462800768,7.634487400988774,22.16600628851165,121.03655433653259
494.6404999998666,140.35087719298235,0,0.0,0.3611092384756951,0.004211046233840252,-0.5174092212942574,0.006839206153251123,68.21376851253412,0.006592039333975159,27.85664961671845,0.007432147836626136,7.634487400988774,22.16600628851165,121.03655433653259
494.6504999998664,140.35087719298235,0,0.0,0.821862644455146,0.004655176079201112,0.017268685668074824,0.007368692358988286,67.34013730587763,0.006554091047930654,27.286296739813142,0.007345052091065381,7.634487400988774,22.16600628851165,121.03655433653259
494.66049999986615,140.35087719298235,0,0.0,1.1380731900446381,0.004968911227704156,0.3063032009636739,0.007671725736394316,66.48843767419734,0.006517182238060194,26.747541708619494,0.007262746831737371,7.634487400988774,22.16600628851165,121.03655433653259
494.6704999998659,140.35087719298235,0,0.0,1.3593508686718345,0.005197570481952201,0.4887143728521486,0.007876115384174473,65.66037306075378,0.006481288561847041,26.236118776572873,0.0071847179980853585,7.634487400988774,22.16600628851165,121.03655433653259
494.6804999998657,140.35087719298235,0,0.0,1.51975518249112,0.005370544509475978,0.6227988751359286,0.008034127869673838,64.85937099901639,0.006446355616838588,25.7504876095309,0.0071105124482162925,7.634487400988774,22.16600628851165,121.03655433653259
494.69049999986544,140.35087719298235,0,0.0,1.6401454155432393,0.005506896830704472,0.7316879337716191,0.008167545640124237,64.07695367872113,0.006412366360726238,25.286867803520927,0.007039731985195949,7.634487400988774,22.16600628851165,121.03655433653259
494.7004999998652,140.35087719298235,0,0.0,1.7333121483773444,0.005619004720202047,0.8244938635654822,0.00828578273233413,63.31509525173951,0.006379299661428199,24.84224567111839,0.0069720269336564404,7.634487400988774,22.16600628851165,121.03655433653259
494.71049999986496,140.35087719298235,0,0.0,1.8097254604709967,0.0057149116075671715,0.9073517521384478,0.00839319043144326,62.577617991671104,0.006347099524711304,24.416462705231382,0.006907091269638801,7.634487400988774,22.16600628851165,121.03655433653259
494.7204999998647,140.35087719298235,0,0.0,1.8748058588465089,0.005799845951873918,0.9821166848255283,0.008492002801553426,61.85638395255682,0.006315751229750791,24.006701728515033,0.0068446582146689154,7.634487400988774,22.16600628851165,121.03655433653259
494.7304999998645,140.35087719298235,0,0.3119037588379519,1.9558584442703952,0.0059076685561608375,1.0862033250366312,0.008631691825367759,61.15384339746829,0.006285232877000403,23.611187085729902,0.006784494779984176,7.634487400988774,22.16600628851165,121.03655433653259
494.74049999986426,140.35087719298235,0,1.2300276088674984,2.415459232824135,0.006367107930201185,1.6551561830935495,0.009217745281768596,60.47280427721475,0.006255496149211783,23.22935750585897,0.006726398030949209,7.634487400988774,22.16600628851165,121.03655433653259
494.750499999864,140.35087719298235,0,2.1820153637692585,3.1020702376186566,0.007017491690003336,2.305302690329686,0.0098592823817611,59.80502553426981,0.006226563855882451,22.857836478326785,0.006670197053117575,7.634487400988774,22.16600628851165,121.03655433653259
494.7604999998638,140.35087719298235,0,3.1593023579602657,3.739226042783781,0.007615393282298971,2.749796790517314,0.01030187066015596,59.15313880624795,0.0061984068694206475,22.495912053042254,0.006615763037411186,7.634487400988774,22.16600628851165,121.03655433653259
494.77049999986355,140.35087719298235,0,4.152586587308782,4.201711290583072,0.008052057428032585,2.9795376986209234,0.010541516150189176,58.52164120174868,0.006170960811941948,22.14572938363709,0.006563007613629021,7.634487400988774,22.16600628851165,121.03655433653259
494.7804999998633,140.35087719298235,0,5.1520930926102455,4.471852130846867,0.008314765676450064,3.0505557650170614,0.010631635161753437,57.902962243790626,0.006144212286873296,21.805978053951698,0.006511866019838985,7.634487400988774,22.16600628851165,121.03655433653259
494.7904999998631,140.35087719298235,0,6.147861570486437,4.571631022923599,0.00842496633685072,3.026328775078617,0.010635924200927719,57.299129510282086,0.006118146802019228,21.475517041420304,0.006462279317393289,7.634487400988774,22.16600628851165,121.03655433653259
494.80049999986284,140.35087719298235,1,7.13004315529509,4.553119833549468,0.008431380958525496,2.998231010381407,0.010635924200927719,56.714364934168685,0.006092709072227926,21.156244888009724,0.006414184889709947,7.634487400988774,22.16600628851165,121.03655433653259
494.8104999998626,140.35087719298235,1,8.089191682429393,4.528136587673634,0.008431380958525496,2.9731932806321195,0.010635924200927719,56.141533668168,0.006067885558589589,20.84711608291947,0.006367513252661719,7.634487400988774,22.16600628851165,121.03655433653259
494.82049999986236,140.35087719298235,1,9.016535124730916,4.506272790623937,0.008431380958525496,2.951274919012878,0.010635924200927719,55.58317583678136,0.006043649164298089,20.547729806795118,0.006322186220723668,7.634487400988774,22.16600628851165,121.03655433653259
494.8304999998621,137.77267508610782,1,9.598485993824486,4.568049001518621,0.008431380958525496,2.989760832415315,0.010635924200927719,55.044313380595035,0.006019928378884937,20.261032145396193,0.006278115176355945,7.634487400988774,22.16600628851165,121.03655433653259
494.8404999998619,137.77267508610782,1,9.598485993824486,7.251082903025644,0.008431380958525496,4.861315742415719,0.010635924200927719,54.51741552340323,0.005996702451254139,19.985491055980567,0.0062351985592068405,7.634487400988774,22.16600628851165,121.03655433653259
494.85049999986165,137.77267508610782,1,9.598485993824486,13.68851983385882,0.008431380958525496,9.356263328582362,0.010635924200927719,54.00244695399357,0.005974010568571766,19.716532722090534,0.006193322831285728,7.634487400988774,22.16600628851165,121.03655433653259
494.8604999998614,137.77267508610782,1,9.598485993824486,23.664679530620525,0.008431380958525496,16.32429654194634,0.010635924200927719,53.503172120257915,0.005951817617459392,19.45497004155836,0.00615237547959522,7.634487400988774,22.16600628851165,121.03655433653259
494.8704999998612,137.77267508610782,1,9.598485993824486,36.81632496164482,0.008431380958525496,24.427414132888465,0.010358871407980223,53.01204195898458,0.00593013442433548,20.838987025602055,0.00638354673578133,7.634487400988774,22.16600628851165,121.03655433653259
494.88049999986094,137.77267508610782,1,9.598485993824486,52.68156144792823,0.00843022528277548,30.00374978804477,0.009517901314208831,52.55598099665684,0.005909726833043009,25.351976282083957,0.007132432879255864,7.634487400988774,22.16600628851165,121.03655433653259
494.8904999998607,137.77267508610782,1,9.598485993824486,64.08387048614372,0.00770101324939124,33.69922770245339,0.008671122881463758,59.02575499144939,0.006175883102938139,29.531589231568766,0.007829359763730554,7.634487400988774,22.16600628851165,121.03655433653259
494.9004999998605,137.77267508610782,1,9.598485993824486,69.9570033168159,0.006735244952308855,36.049483828405386,0.007956537356201547,65.24778586951226,0.006464773094444588,32.627539073525476,0.008349900191708344,7.634487400988774,22.16600628851165,121.03655433653259
494.91049999986024,137.77267508610782,1,9.598485993824486,73.67195877088815,0.005925312028823902,37.42875216525471,0.007382394621362639,69.91076712452205,0.006686733776095653,34.70466338807981,0.008701660434606979,7.634487400988774,22.16600628851165,121.03655433653259
494.92049999986,137.77267508610782,1,9.598485993824486,76.18848144762184,0.005289399408406231,38.12382077227253,0.006930242743304019,73.22847185366587,0.006845854445987315,35.958822757940055,0.00891619691639916,7.634487400988774,22.16600628851165,121.03655433653259
494.93049999985976,137.77267508610782,1,9.598485993824486,77.77875545122419,0.004796233452192813,38.288252373607065,0.006577038740388163,75.47606349332234,0.006954967026873012,36.58626737685378,0.009026343725209792,7.634487400988774,22.16600628851165,121.03655433653259
494.9404999998595,137.77267508610782,1,9.598485993824486,78.6601461715816,0.004416262462664561,38.070129198954994,0.0063026714318237045,76.89474316853368,0.007025175258320308,36.74912524535927,0.009059218086959373,7.634487400988774,22.16600628851165,121.03655433653259
494.9504999998593,137.77267508610782,1,9.598485993824486,79.01728866342734,0.004127939648715332,37.59937565459802,0.006092197701247922,77.66385536387145,0.007064476298298248,36.5694707279465,0.009034609399624867,7.634487400988774,22.16600628851165,121.03655433653259
494.96049999985905,137.77267508610782,1,9.598485993824486,78.88557051487038,0.003915171555576895,36.91432619682991,0.005933811011988948,77.89148622459095,0.0070786592196997716,36.13619042851742,0.008967575831011688,7.634487400988774,22.16600628851165,121.03655433653259
494.9704999998588,137.77267508610782,1,9.598485993824486,78.34185783275598,0.00376702126371659,36.06785664578605,0.005819139880350797,77.66853066181284,0.007071869644216767,35.51161579101567,0.00886865588114778,7.634487400988774,22.16600628851165,121.03655433653259
494.9804999998586,137.77267508610782,1,9.598485993824486,77.43500300050118,0.0036775775000285065,35.100903921491266,0.0057432863488460365,77.05064318652312,0.007046412137080055,34.736994049808615,0.008744187117085153,7.634487400988774,22.16600628851165,121.03655433653259
494.99049999985834,137.77267508610782,1,9.598485993824486,76.13358669460926,0.0036447293622648667,34.00476982487362,0.0057036444156313105,76.04393427455862,0.007003240676850341,33.83238771601674,0.008597783804644963,7.634487400988774,22.16600628851165,121.03655433653259
495.0004999998581,137.77267508610782,0,9.598485993824486,73.7683874853752,0.0036446028308718794,32.71507873041579,0.005697310935767021,74.9169056535052,0.0069529566308360515,32.81854444071412,0.008433158384600091,7.634487400988774,22.16600628851165,121.03655433653259
495.01049999985787,137.77267508610782,0,9.598485993824486,69.2382117637479,0.0036446028308718794,30.566891138086774,0.005697310935767021,73.84899054571929,0.00690475274439609,31.857403797138453,0.008276831912028017,7.599081361728278,24.188947150683394,121.10724845480111
495.02049999985763,137.77267508610782,0,9.598485993824486,62.50042227956327,0.0036446028308718794,27.37571982210342,0.005697310935767021,72.8101814997485,0.006858051916168026,30.974651040173114,0.008133373216938706,7.599081361728278,24.188947150683394,121.10724845480111
495.0304999998574,137.77267508610782,0,9.598485993824486,53.5389800741409,0.0036446028308718794,23.133226417916468,0.005697310935767021,71.80187572585076,0.006812784685633794,30.159358632928726,0.008001185622805013,7.599081361728278,24.188947150683394,121.10724845480111
495.04049999985716,137.77267508610782,0,9.598485993824486,42.35240215627564,0.0036446028308718794,17.840250185310104,0.005697310935767021,70.82873887079688,0.0067688331696275725,29.406270521002142,0.007878891950956833,7.599081361728278,24.188947150683394,121.10724845480111
495.0504999998569,137.77267508610782,0,9.598485993824486,29.14953277956296,0.0036446028308718794,11.594728213745974,0.005697310935767021,69.8798838881709,0.0067261590393230325,28.70634002094687,0.007765304494598193,7.599081361728278,24.188947150683394,121.10724845480111
495.0604999998567,137.77267508610782,0,9.598485993824486,14.051927371049466,0.0036446028308718794,4.453318044574142,0.005697310935767021,68.95721949174842,0.006684723606753216,28.05205107576366,0.007659397117941249,7.599081361728278,24.188947150683394,121.10724845480111
495.07049999985645,137.77267508610782,0,0.0,-1.1903317473252155,0.0038026288775517697,-2.2530068573814526,0.0062558426574056735,68.13828715530717,0.0066431948694360195,27.538403572772033,0.007560282836992695,7.599081361728278,24.188947150683394,121.10724845480111
495.0804999998562,137.77267508610782,0,0.0,-0.432817945158674,0.004375298147435886,-1.1463332499440995,0.0071677932554525476,67.34305080793268,0.0066020776042920075,27.082047654786887,0.0074671950872973215,7.599081361728278,24.188947150683394,121.10724845480111
495.090499999856,137.77267508610782,0,0.0,0.12079309357218637,0.004772579229850124,-0.5359441089058525,0.007633502278804074,66.56579450103462,0.006562039584960144,26.652508937852932,0.00737946872404311,7.599081361728278,24.188947150683394,121.10724845480111
495.10049999985574,137.77267508610782,0,0.0,0.5396815578479766,0.005055692110861239,-0.13855479200508292,0.007910093806440881,65.81012466930065,0.006523039291676612,26.246921146003526,0.007296522374960918,7.599081361728278,24.188947150683394,121.10724845480111
495.1104999998555,137.77267508610782,0,0.0,0.8690821766523769,0.0052642932786303035,0.1609354090566386,0.008101825352197759,65.06744419116578,0.0064850488185367195,25.86192503149903,0.007217845066155729,7.599081361728278,24.188947150683394,121.10724845480111
495.12049999985527,137.77267508610782,0,0.0,1.1381434054420998,0.005424093826819497,0.4097351143116468,0.008251567638398889,64.3412865574746,0.006448034461637883,25.495224829409672,0.0071429863655324485,7.599081361728278,24.188947150683394,121.10724845480111
495.13049999985503,137.77267508610782,0,0.0,1.3653515578021622,0.005551772325807183,0.6273559611486226,0.008377444078681056,63.63488646127251,0.006411972761560964,25.14440181584071,0.007071550337178266,7.599081361728278,24.188947150683394,121.10724845480111
495.1404999998548,137.77267508610782,0,0.0,1.5638003069668542,0.005658148930190915,0.8233963078484026,0.008487526907221758,62.94017986291312,0.006376835170534448,24.807397583253085,0.007003190515881285,7.599081361728278,24.188947150683394,121.10724845480111
495.15049999985456,137.77267508610782,0,0.0,1.7418161764411089,0.00575025243915757,1.0025201439280949,0.008585749414948829,62.260841616214464,0.006342586183439274,24.483104459909903,0.006937603589462797,7.599081361728278,24.188947150683394,121.10724845480111
495.1604999998543,137.77267508610782,0,0.0,1.9041691391856377,0.005832655171982499,1.1667087489628694,0.008674302636759225,61.60002126076874,0.006309204498462704,24.169883449803233,0.0068745247263679605,7.599081361728278,24.188947150683394,121.10724845480111
495.1704999998541,137.77267508610782,0,0.0,2.0552275709026384,0.005908332241140977,1.3184171872763546,0.008754605167164971,60.950018918575246,0.006276661369112129,23.866521370258074,0.006813723463767997,7.599081361728278,24.188947150683394,121.10724845480111
495.18049999985385,137.77267508610782,0,0.81220201606152,2.398594764557451,0.006181081930075978,1.7417763374342932,0.009123964492116577,60.31488698414465,0.006244911867197932,23.573225479253626,0.006754998532577749,7.599081361728278,24.188947150683394,121.10724845480111
495.1904999998536,137.77267508610782,0,1.7499579332561088,3.113830282223966,0.006783951401949578,2.5161380962029245,0.009807371124317338,59.695623918261894,0.006213984978034286,23.285793735189152,0.0066981761245332415,7.599081361728278,24.188947150683394,121.10724845480111
495.2004999998534,137.77267508610782,0,2.716973068269756,3.885402078728948,0.007429209665379753,3.1620893749068646,0.010360650186890434,59.08571000847287,0.006183845474227026,23.00463429801709,0.006643118791307266,7.599081361728278,24.188947150683394,121.10724845480111
495.21049999985314,137.77267508610782,0,3.704246371655628,4.517742883595775,0.007946369355726927,3.568889879560518,0.01069002177929457,58.48922670257232,0.006154448467520243,22.730729573147627,0.006589731376345874,7.599081361728278,24.188947150683394,121.10724845480111
495.2204999998529,137.77267508610782,0,4.7021811993437215,4.951124078555708,0.008286669479298061,3.7803436807328996,0.010839768448209067,57.90926004712593,0.006125772265782411,22.463815815782546,0.006537949145363861,7.599081361728278,24.188947150683394,121.10724845480111
495.23049999985267,137.77267508610782,0,5.700864136481049,5.199055342969312,0.008462545773571027,3.855281472815922,0.010865054662865256,57.338745918891966,0.006097786547779384,22.204009881187147,0.006487719730399216,7.599081361728278,24.188947150683394,121.10724845480111
495.24049999985243,137.77267508610782,1,6.690359455660843,5.289961593031137,0.008500490097523804,3.898118562315326,0.010865054662865256,56.78116864019106,0.0060704588322809325,21.95178653357861,0.0064389891171977975,7.599081361728278,24.188947150683394,121.10724845480111
495.2504999998522,137.77267508610782,1,7.661004680605171,5.3310245674650405,0.008500490097523804,3.9391815367492296,0.010865054662865256,56.23910159431603,0.006043779498139667,21.70623301467437,0.0063916960124445026,7.599081361728278,24.188947150683394,121.10724845480111
495.26049999985196,137.77267508610782,1,8.603692649942937,5.373211591215222,0.008500490097523804,3.9813119773891814,0.010865054662865256,55.70632482094131,0.0060177098171895396,21.468166629239544,0.006345770643353885,7.599081361728278,24.188947150683394,121.10724845480111
495.2704999998517,137.77267508610782,1,9.510126406385815,5.418011243263351,0.008500490097523804,4.0260550340898735,0.010865054662865256,55.186765751787675,0.005992202353003645,21.23878074151684,0.006301132703909465,7.599081361728278,24.188947150683394,121.10724845480111
495.2804999998515,134.98312710911125,1,9.598485993824486,6.544736921534604,0.008500490097523804,4.846663804836705,0.010865054662865256,54.68381207010183,0.005967226506802809,21.01832570049202,0.006257688983596512,7.599081361728278,24.188947150683394,121.10724845480111
495.29049999985125,134.98312710911125,1,9.598485993824486,11.345815603231719,0.008500490097523804,8.299638858428976,0.010865054662865256,54.18886886520112,0.005942784021645761,20.8040441732315,0.006215332298294355,7.599081361728278,24.188947150683394,121.10724845480111
495.300499999851,134.98312710911125,1,9.598485993824486,19.77453941108411,0.008500490097523804,14.351179083058001,0.010865054662865256,53.70441359182361,0.005918877610833387,20.59442809726262,0.006173948983147676,7.599081361728278,24.188947150683394,121.10724845480111
495.3104999998508,134.98312710911125,1,9.598485993824486,31.552121858247062,0.008500490097523804,22.64970024229993,0.010806560014975835,53.2325808491026,0.00589551316088918,20.737996869057415,0.006191367268328468,7.599081361728278,24.188947150683394,121.10724845480111
495.32049999985054,134.98312710911125,1,9.598485993824486,46.25183953914228,0.008500490097523804,29.41998396118041,0.010079543150283162,52.76681341691849,0.005872673666148249,24.744644019568295,0.00684811309819467,7.599081361728278,24.188947150683394,121.10724845480111
495.3304999998503,134.98312710911125,1,9.598485993824486,60.66490605204278,0.008141281051603524,33.98281229574409,0.009179016526289035,56.305948498151025,0.006007289961157688,29.42814078840674,0.007618226325096346,7.599081361728278,24.188947150683394,121.10724845480111
495.34049999985007,134.98312710911125,1,9.598485993824486,68.18742867211233,0.007165432497939062,37.01086912667788,0.008380645925031379,63.11496361289556,0.006313217607506774,33.15477378461908,0.00823403005159677,7.599081361728278,24.188947150683394,121.10724845480111
495.35049999984983,134.98312710911125,1,9.598485993824486,72.69743462283228,0.006272236817058246,38.89701841991578,0.007727875097379919,68.48829353977987,0.006565116120637124,35.782058101568985,0.008668351895313554,7.599081361728278,24.188947150683394,121.10724845480111
495.3604999998496,134.98312710911125,1,9.598485993824486,75.69734789210825,0.0055580649811054605,39.94380786424463,0.007208588553140563,72.39091500054532,0.006749833749263788,37.478299874432366,0.008948089062367914,7.599081361728278,24.188947150683394,121.10724845480111
495.37049999984936,134.98312710911125,1,9.598485993824486,77.71428733600874,0.005001165764170411,40.40092046066671,0.006801068540924666,75.11516415437039,0.00687904387382743,38.443466275344825,0.009106446972461628,7.599081361728278,24.188947150683394,121.10724845480111
495.3804999998491,134.98312710911125,1,9.598485993824486,78.9258552612418,0.004569946719290523,40.39762074245748,0.006483271334764311,76.90582448094223,0.006964648663910608,38.860589405867394,0.009173817193363347,7.599081361728278,24.188947150683394,121.10724845480111
495.3904999998489,134.98312710911125,1,9.598485993824486,79.51384938030648,0.004238712675619982,40.0641173464209,0.006237013659990177,77.97135429765503,0.007016186515428722,38.8753010073446,0.009174253505041124,7.599081361728278,24.188947150683394,121.10724845480111
495.40049999984865,134.98312710911125,1,9.598485993824486,79.63245880567108,0.003989386504612208,39.51065533304841,0.006049205848481017,78.46086825297085,0.007040423404033517,38.589888373974965,0.009124847625990447,7.599081361728278,24.188947150683394,121.10724845480111
495.4104999998484,134.98312710911125,1,9.598485993824486,79.3035899669048,0.0038087060971211447,38.766455781574294,0.005909679987204253,78.46200810561628,0.0070421182381529114,38.08153046678017,0.009038415288763188,7.599081361728278,24.188947150683394,121.10724845480111
495.4204999998482,134.98312710911125,1,9.598485993824486,78.59095969080425,0.0036880624115955283,37.876778382503474,0.005811462440975623,78.04960875230655,0.00702456721126954,37.40357792234839,0.00892368101904442,7.599081361728278,24.188947150683394,121.10724845480111
495.43049999984794,134.98312710911125,1,9.598485993824486,77.5207845984959,0.003623473302312704,36.86787252967569,0.005750842195742296,77.26140836782675,0.006989434127537663,36.58479164604933,0.008785527759898317,7.599081361728278,24.188947150683394,121.10724845480111
495.4404999998477,134.98312710911125,0,9.598485993824486,75.98521446857622,0.0036112171493467462,35.72701798308104,0.005726429788929824,76.14143560580585,0.00693883147138083,35.638797475540464,0.008626211735627044,7.599081361728278,24.188947150683394,121.10724845480111
495.45049999984747,134.98312710911125,0,9.598485993824486,72.79638150244969,0.0036112171493467462,34.16913044325262,0.005725966575104328,75.04481703476426,0.006887889691966476,34.642595505749036,0.008458481713170986,7.599081361728278,24.188947150683394,121.10724845480111
495.46049999984723,134.98312710911125,0,9.598485993824486,67.44810655979936,0.0036112171493467462,31.579031639645578,0.005725966575104328,73.98766795884558,0.006838579209651799,33.72898790556543,0.008304506149207089,7.599081361728278,24.188947150683394,121.10724845480111
495.470499999847,134.98312710911125,0,9.598485993824486,59.942685836305984,0.0036112171493467462,27.940009557524423,0.005725966575104328,72.95845834579576,0.006790778576786668,32.89004200747921,0.008162971291946234,7.599081361728278,24.188947150683394,121.10724845480111
495.48049999984676,134.98312710911125,0,9.598485993824486,50.2859610691711,0.0036112171493467462,23.255181409937308,0.005725966575104328,71.96028669427784,0.006744397520303794,32.117199551120784,0.008032343886259898,7.599081361728278,24.188947150683394,121.10724845480111
495.4904999998465,134.98312710911125,0,9.598485993824486,38.49037845968512,0.0036112171493467462,17.530127197391355,0.005725966575104328,70.99539089349346,0.006699378158154659,31.401729416401093,0.00791130107215547,7.599081361728278,24.188947150683394,121.10724845480111
495.5004999998463,134.98312710911125,0,9.598485993824486,24.79380405433319,0.0036112171493467462,10.880731016668637,0.005725966575104328,70.05397776737908,0.006655655149447462,30.73676338423317,0.007798701720867895,7.599081361728278,24.188947150683394,121.10724845480111
495.51049999984605,134.98312710911125,0,9.598485993824486,9.332286183137267,0.0036112171493467462,3.373386064345154,0.005727834378758653,69.13956667195286,0.006613165078808541,30.117026917677016,0.0076935595730875835,7.599081361728278,24.188947150683394,121.10724845480111
495.5204999998458,134.98312710911125,0,0.0,0.8700235280719877,0.004031709837658422,-0.06962922719652331,0.006598246318708048,68.25447186571355,0.006571874471841448,29.53631947877447,0.007595021798587209,7.599081361728278,24.188947150683394,121.10724845480111
495.5304999998456,134.98312710911125,0,0.0,1.4619321971185766,0.00453816323680948,0.6381366252473168,0.007229296218949383,67.39055104912757,0.006531715321810706,28.991626694108025,0.007502350977174291,7.599081361728278,24.188947150683394,121.10724845480111
495.54049999984534,134.98312710911125,0,0.0,1.8831053339703727,0.004892585569005125,1.025585959878489,0.007567918660560794,66.55143494013016,0.006492625641235116,28.480012217781304,0.007414905594650675,7.599081361728278,24.188947150683394,121.10724845480111
495.5504999998451,134.98312710911125,0,0.0,2.19172537069817,0.005148019965339219,1.2752936155863193,0.007781337781641095,65.73937091308743,0.006454584587236308,27.9968177786333,0.0073321229199199475,7.599081361728278,24.188947150683394,121.10724845480111
495.56049999984486,134.98312710911125,0,0.0,2.4270726694962415,0.0053388131170851285,1.4624704950055412,0.007937555203822404,64.94531967540252,0.006417557792725041,27.538647481175552,0.007253507805335197,7.599081361728278,24.188947150683394,121.10724845480111
495.5704999998446,134.98312710911125,0,0.0,2.6143172612766525,0.005487225558002053,1.6180086204442965,0.00806467366208384,64.17272763548202,0.006381506607045175,27.10320664391268,0.007178623913990318,7.599081361728278,24.188947150683394,121.10724845480111
495.5804999998444,134.98312710911125,0,0.0,2.7685421975835878,0.005607692815439194,1.7538169743040388,0.008174675867038895,63.42415148677491,0.006346412045699286,26.687311469003774,0.007107088033655519,7.599081361728278,24.188947150683394,121.10724845480111
495.59049999984416,134.98312710911125,0,0.0,2.901223531821746,0.005709576155347897,1.87657387014151,0.008272972886599117,62.69117558522752,0.006312239752113344,26.28891363540209,0.007038565156691651,7.599081361728278,24.188947150683394,121.10724845480111
495.6004999998439,134.98312710911125,0,0.0,3.019438962648789,0.005798955226039898,1.9894215103276203,0.008362251766915104,61.97738174887024,0.006278951832661808,25.906828760750102,0.00697276213624669,7.599081361728278,24.188947150683394,121.10724845480111
495.6104999998437,134.98312710911125,0,0.0,3.126575200483503,0.005879784781524819,2.0929578605336983,0.008444044602783972,61.28542146604171,0.00624653044944664,25.538832748861786,0.006909423095361546,7.599081361728278,24.188947150683394,121.10724845480111
495.62049999984345,134.98312710911125,0,0.0,3.2265214172533683,0.0059546375899268995,2.18914369028075,0.008519365237566282,60.60725959278589,0.0062149434790030175,25.183655505045564,0.006848325424644938,7.599081361728278,24.188947150683394,121.10724845480111
495.6304999998432,134.98312710911125,0,0.5378260239643384,3.4083362081667063,0.006118149337916421,2.4007530992603794,0.008724834366388053,59.94678764798418,0.006184149816065121,24.84119649305501,0.006789274637403111,7.599081361728278,24.188947150683394,121.10724845480111
495.640499999843,134.98312710911125,0,1.4651694662658632,4.004964975030977,0.006657517995261034,3.0600624769334424,0.009346986380986006,59.305510289326556,0.006154154481219552,24.508269920569578,0.006732101639376355,7.599081361728278,24.188947150683394,121.10724845480111
495.65049999984274,134.98312710911125,0,2.424317993400163,4.751533832440067,0.007319021982040629,3.6970475929436954,0.009931909094459075,58.67600329562566,0.0061249348496346424,24.18424445623408,0.006676668357127873,7.599081361728278,24.188947150683394,121.10724845480111
495.6604999998425,134.98312710911125,0,3.406499578208817,5.403651969000977,0.007888714427210775,4.115489765198956,0.010308173835040275,58.062080736576846,0.00609645103455082,23.86962892551765,0.006622877554810903,7.599081361728278,24.188947150683394,121.10724845480111
495.67049999984226,134.98312710911125,0,4.402268056085009,5.864007225991271,0.008285460837979422,4.332711969553655,0.010497433794355204,57.46655177323373,0.0060686840313933805,23.56376975319631,0.0065706663661879924,7.599081361728278,24.188947150683394,121.10724845480111
495.680499999842,134.98312710911125,0,5.401774561386472,6.131814500358297,0.008509762813770224,4.404105079941303,0.010550625531197885,56.88205229718426,0.006041603497105127,23.266660348268204,0.006519988443511128,7.599081361728278,24.188947150683394,121.10724845480111
495.6904999998418,134.98312710911125,0,6.395058790734988,6.232701363084617,0.008584708579164914,4.413939388189268,0.010550644959040683,56.31202574884399,0.0060151778930842646,22.978680582221784,0.00647079780312362,7.599081361728278,24.188947150683394,121.10724845480111
495.70049999984155,134.98312710911125,1,7.372345784925995,6.242662472860544,0.008584868035968123,4.423176491806257,0.010550644959040683,55.758978863766686,0.0059893955295690655,22.69888526548533,0.006423041246812975,7.599081361728278,24.188947150683394,121.10724845480111
495.7104999998413,134.98312710911125,1,8.324333539827757,6.2537550029678455,0.008584868035968123,4.434186498292004,0.010550644959040683,55.21602700121713,0.005964225994034083,22.427435762334262,0.0063766563825203605,7.599081361728278,24.188947150683394,121.10724845480111
495.7204999998411,134.98312710911125,1,9.242457389857302,6.267794444848045,0.008584868035968123,4.448143474881172,0.010550644959040683,54.68692737642396,0.005939628219743216,22.165174793391156,0.006331569869351879,7.599081361728278,24.188947150683394,121.10724845480111
495.73049999984084,132.45033112582772,1,9.598485993824486,6.672018751989104,0.008584868035968123,4.726892753857282,0.010550644959040683,54.17474241843361,0.005915578733878517,21.911854563367072,0.0062876955030489075,7.599081361728278,24.188947150683394,121.10724845480111
495.7404999998406,132.45033112582772,1,9.598485993824486,10.303861247413582,0.008584868035968123,7.188820111831565,0.010550644959040683,53.671870944981855,0.005892055810267835,21.66636570452049,0.0062449322348598,7.599081361728278,24.188947150683394,121.10724845480111
495.7504999998404,132.45033112582772,1,9.598485993824486,17.615333821384983,0.008584868035968123,12.139129740186286,0.010550644959040683,53.180713928572814,0.005869059193864446,21.427148718445807,0.00620316807563618,7.599081361728278,24.188947150683394,121.10724845480111
495.76049999984014,132.45033112582772,1,9.598485993824486,28.366836932953888,0.008584868035968123,19.415404272561208,0.010550644959040683,52.70351639063055,0.005846589795632176,21.192566475214235,0.0061622950040099555,7.599081361728278,24.188947150683394,121.10724845480111
495.7704999998399,132.45033112582772,1,9.598485993824486,42.1773863381182,0.008584868035968123,27.113569752913143,0.010167354556503388,52.233430600976945,0.005824631721375224,23.21997224161762,0.006495745140702504,7.599081361728278,24.188947150683394,121.10724845480111
495.78049999983966,132.45033112582772,1,9.598485993824486,57.47333756965075,0.00840869701813996,32.222688703543575,0.009324657293303916,54.059790070315614,0.005888687153561133,27.71815270620494,0.007238323122888982,7.599081361728278,24.188947150683394,121.10724845480111
495.7904999998394,132.45033112582772,1,9.598485993824486,66.26507306034067,0.007471974977458359,35.623095616355776,0.008515340099377235,61.0470793941602,0.006196133521356811,31.665038035720297,0.007892575181991525,7.599081361728278,24.188947150683394,121.10724845480111
495.8004999998392,132.45033112582772,1,9.598485993824486,71.36878195859329,0.006529163944152521,37.80165446434167,0.00783844890425269,66.87236181279931,0.006468798687554933,34.561114188593265,0.008373703465514795,7.599081361728278,24.188947150683394,121.10724845480111
495.81049999983895,132.45033112582772,1,9.598485993824486,74.73925749585113,0.005761248705307992,39.082607307391534,0.007294705229306945,71.17506204942634,0.0066730914755796945,36.49950394809248,0.008696038622022968,7.599081361728278,24.188947150683394,121.10724845480111
495.8204999998387,132.45033112582772,1,9.598485993824486,77.03049418073675,0.0051590776370417195,39.725264091908,0.0068655301074471,74.21980612027248,0.006818271187979136,37.66639853966071,0.008890365331284551,7.599081361728278,24.188947150683394,121.10724845480111
495.8304999998385,132.45033112582772,1,9.598485993824486,78.45818815107961,0.004690882540204427,39.87007016504634,0.006529299124809771,76.2648606215894,0.0069167013159668065,38.246865306307434,0.00898738368981596,7.599081361728278,24.188947150683394,121.10724845480111
495.84049999983824,132.45033112582772,1,9.598485993824486,79.22200433543104,0.004329127461659366,39.65586474893125,0.00626737179803902,77.53504240367944,0.006978668035750274,38.39305759934827,0.009012225496973463,7.599081361728278,24.188947150683394,121.10724845480111
495.850499999838,132.45033112582772,1,9.598485993824486,79.49108709502526,0.004053934572344149,39.20140216851586,0.006065974698217524,78.19423521037527,0.007011602377831298,38.21481958701789,0.008983159111887028,7.599081361728278,24.188947150683394,121.10724845480111
495.86049999983777,132.45033112582772,1,9.598485993824486,79.29686824319928,0.0038504221520530555,38.54207989565285,0.005914190170923191,78.34194307200806,0.007020844451962771,37.79600683726664,0.008914122655424302,7.599081361728278,24.188947150683394,121.10724845480111
495.87049999983753,132.45033112582772,1,9.598485993824486,78.71301630456519,0.0037084814835872835,37.728860838788016,0.005804271459855114,78.0642877054624,0.00701022132861753,37.19609882537357,0.008814881783921067,7.599081361728278,24.188947150683394,121.10724845480111
495.8804999998373,132.45033112582772,1,9.598485993824486,77.78250402139192,0.003622702877811574,36.797239635217835,0.005731738065903537,77.41082605822933,0.006981900021911315,36.44994335701687,0.008691264681928513,7.599081361728278,24.188947150683394,121.10724845480111
495.89049999983706,132.45033112582772,1,9.598485993824486,76.47517332451748,0.0035911984373391435,35.73891678025354,0.0056942451684573086,76.38658114913467,0.006936730365115925,35.577257734214655,0.008546568032654581,7.599081361728278,24.188947150683394,121.10724845480111
495.9004999998368,132.45033112582772,0,9.598485993824486,74.15251738963089,0.003591078628785131,34.484462379541185,0.005688644484246038,75.25017007439536,0.006884849973791464,34.6020055369097,0.008384705338436922,7.599081361728278,24.188947150683394,121.10724845480111
495.9104999998366,132.45033112582772,0,9.598485993824486,69.76176781058695,0.003591078628785131,32.38419929122395,0.005688644484246038,74.17160320258988,0.006835108671562495,33.67906375477678,0.008231466229234043,7.599081361728278,24.188947150683394,121.10724845480111
495.92049999983635,132.45033112582772,0,9.598485993824486,63.2638752003086,0.003591078628785131,29.274669700348312,0.005688644484246038,73.12230948199017,0.006786926042612571,32.83161777653202,0.008090729514488358,7.599081361728278,24.188947150683394,121.10724845480111
495.9304999998361,132.45033112582772,0,9.598485993824486,54.646086117348034,0.003591078628785131,25.14992495248589,0.005688644484246038,72.10523376056054,0.006740208134996162,32.05079411817911,0.007960947628426003,7.599081361728278,24.188947150683394,121.10724845480111
495.9404999998359,132.45033112582772,0,9.598485993824486,43.903948820657256,0.003591078628785131,20.00756461586822,0.005688644484246038,71.12290034490312,0.006694885167251753,31.328192070658144,0.007840785881307199,7.599081361728278,24.188947150683394,121.10724845480111
495.95049999983564,132.45033112582772,0,9.598485993824486,31.23279493783265,0.003591078628785131,13.941280245965451,0.005688644484246038,70.16498127630668,0.006650891163215728,30.656653558243107,0.00772909339805598,7.599081361728278,24.188947150683394,121.10724845480111
495.9604999998354,132.45033112582772,0,9.598485993824486,16.74751788426687,0.003591078628785131,7.006240495907912,0.005688644484246038,69.23491656981071,0.006608162814997105,30.030626617214963,0.007624875870944611,7.599081361728278,24.188947150683394,121.10724845480111
495.97049999983517,132.45033112582772,0,0.0,0.8356104703608973,0.003714185873525955,-0.31187106238086537,0.006079530467214097,68.33550518859401,0.006566653750364721,29.44449929500658,0.0075272738503649635,7.599081361728278,24.188947150683394,121.10724845480111
495.98049999983493,132.45033112582772,0,0.0,1.5381946759360745,0.004327951126195686,0.6470824231498455,0.006948140238209671,67.45733605965022,0.0065263143911159826,28.893843284500615,0.007435544664687363,7.599081361728278,24.188947150683394,121.10724845480111
495.9904999998347,132.45033112582772,0,0.0,2.0271788671091335,0.004751954939436842,1.1321989315669208,0.007385648147010713,66.60458760782289,0.006487075401483533,28.37624663383623,0.007349043917467492,7.599081361728278,24.188947150683394,121.10724845480111
496.00049999983446,132.45033112582772,0,0.0,2.376441124294467,0.005052589099622717,1.418506407251091,0.007642234311548709,65.77997598105566,0.006448902668231382,27.88768590990913,0.007267208174276613,7.599081361728278,24.188947150683394,121.10724845480111
496.0104999998342,132.45033112582772,0,0.0,2.6348947985959437,0.0052728086158268204,1.6177529761897467,0.007819041838310524,64.97405270727026,0.006411762466039255,27.424595840510246,0.007189541638859265,7.57679969554331,25.554839417625917,118.05115738237458
496.020499999834,132.45033112582772,0,0.0,2.8338002678889342,0.0054404321998297,1.7752998226323475,0.007957455934517401,64.19021020049877,0.006375617794605336,26.984454570132645,0.007115606497738854,7.57679969554331,25.554839417625917,118.05115738237458
496.03049999983375,132.45033112582772,0,0.0,2.992740824144483,0.005573485402924521,1.9093883798496538,0.008074808317205178,63.43137615737507,0.006340441404682205,26.564495291196717,0.00704501737276084,7.57679969554331,25.554839417625917,118.05115738237458
496.0404999998335,132.45033112582772,0,0.0,3.125635958143747,0.005683648044525524,2.0288794578347225,0.008178680054041494,62.68870143480467,0.006306201518413112,26.162406460669946,0.0069774367655343235,7.57679969554331,25.554839417625917,118.05115738237458
496.0504999998333,132.45033112582772,0,0.0,3.2410071690673914,0.005778499004757076,2.137640433162922,0.00827265102710422,61.96569806536727,0.0062728627443119625,25.776742531898982,0.0069125689897423116,7.57679969554331,25.554839417625917,118.05115738237458
496.06049999983304,132.45033112582772,0,0.0,3.343754491670323,0.005862963216251914,2.2370979717120143,0.008358630456154238,61.26539013129982,0.006240399386475781,25.40569360622043,0.006850155795378407,7.57679969554331,25.554839417625917,118.05115738237458
496.0704999998328,132.45033112582772,0,0.0,3.4382859365096885,0.00594024128872514,2.3291815077054143,0.008437797732832472,60.579329047378245,0.0062087821788332255,25.047729123189043,0.006789972490741595,7.57679969554331,25.554839417625917,118.05115738237458
496.08049999983257,132.45033112582772,0,0.0,3.526903692000511,0.0060124200911674565,2.414766837666419,0.00851098693485094,59.91099902921891,0.006177978641066308,24.70204002770658,0.006731822820522074,7.57679969554331,25.554839417625917,118.05115738237458
496.09049999983233,132.45033112582772,0,0.4019672239808142,3.6563765592419997,0.006133265594286168,2.55924458137499,0.00865676043906058,59.26368679453358,0.0061479621434607406,24.36773111545469,0.006675535641653222,7.57679969554331,25.554839417625917,118.05115738237458
496.1004999998321,132.45033112582772,0,1.3238369404965855,4.194753475444912,0.006628671816682929,3.1694489465188176,0.009242962106623474,58.628454308508914,0.00611871693624704,24.042760552999404,0.006620962488584535,7.57679969554331,25.554839417625917,118.05115738237458
496.11049999983186,132.45033112582772,0,2.278754123164132,4.934238145939565,0.007290962816966111,3.8211744311138873,0.009849094459774685,58.008816362526716,0.006090226015663017,23.72652514777485,0.006567980352419537,7.57679969554331,25.554839417625917,118.05115738237458
496.1204999998316,132.45033112582772,0,3.258069404641916,5.605966129058351,0.007885030793898858,4.264735460808874,0.010255697648369021,57.40804479115569,0.0060624619548789345,23.418778458011484,0.006516504094180052,7.57679969554331,25.554839417625917,118.05115738237458
496.1304999998314,132.45033112582772,0,4.252421100422787,6.092351861850676,0.008310205704399916,4.5011826447593375,0.010468584431631685,56.81844905444008,0.00603539642398528,23.119318853273132,0.006466483129450869,7.57679969554331,25.554839417625917,118.05115738237458
496.14049999983115,132.45033112582772,0,5.252002509226238,6.381351270892616,0.008558667172258292,4.5849590807500755,0.010539040159021549,56.243480371209735,0.006008999229357945,22.828467647996113,0.0064178831041589585,7.57679969554331,25.554839417625917,118.05115738237458
496.1504999998309,132.45033112582772,0,6.246851091822776,6.496969478595695,0.0086529821878905,4.589214541671377,0.010539919992730786,55.68611457556701,0.005983249924551138,22.545957799194394,0.006370670866927174,7.57679969554331,25.554839417625917,118.05115738237458
496.1604999998307,132.45033112582772,1,7.2271453638073035,6.504361207929648,0.008655168703134436,4.592529558017791,0.010539919992730786,55.138730012584396,0.00595812659767488,22.271371922864166,0.0063248058927031225,7.57679969554331,25.554839417625917,118.05115738237458
496.17049999983044,132.45033112582772,1,8.183494805030453,6.50928814898799,0.008655168703134436,4.597362917574197,0.010539919992730786,54.604779938219345,0.005933601288806806,22.00498329623298,0.006280236347146013,7.57679969554331,25.554839417625917,118.05115738237458
496.1804999998302,132.45033112582772,1,9.10720857082078,6.516132909835413,0.008655168703134436,4.60420767842162,0.010539919992730786,54.087579465473,0.005909644967242262,21.746967765550785,0.0062368986080762,7.57679969554331,25.554839417625917,118.05115738237458
496.19049999982997,130.01083423618624,1,9.598485993824486,6.697955267584575,0.008655168703134436,4.729258499021988,0.010539919992730786,53.580202879745706,0.005886227503802449,21.497349428636085,0.00619471577823047,7.57679969554331,25.554839417625917,118.05115738237458
496.20049999982973,130.01083423618624,1,9.598485993824486,9.740301293994634,0.008655168703134436,6.769038472297446,0.010539919992730786,53.085600097009696,0.005863320533028345,21.255804738044706,0.006153594369823047,7.57679969554331,25.554839417625917,118.05115738237458
496.2104999998295,130.01083423618624,1,9.598485993824486,16.472757040743797,0.008655168703134436,11.277925154451836,0.010539919992730786,52.60577269663207,0.005840931794510165,21.02022738229481,0.006113427822504727,7.57679969554331,25.554839417625917,118.05115738237458
496.22049999982926,130.01083423618624,1,9.598485993824486,26.665738264055005,0.008655168703134436,18.102309507631862,0.010539919992730786,52.13337531846509,0.0058190529887555695,20.789376540766536,0.00607411109605303,7.57679969554331,25.554839417625917,118.05115738237458
496.230499999829,130.01083423618624,1,9.598485993824486,39.976394920655565,0.008655168703134436,25.849639872965668,0.010246284391036935,51.67143738284675,0.005797668109678742,22.29846246133988,0.006322721573715505,7.57679969554331,25.554839417625917,118.05115738237458
496.2404999998288,130.01083423618624,1,9.598485993824486,55.426968948815635,0.00855328022111245,31.19049207382549,0.009429460319460814,52.69964211046621,0.0058301032548425885,26.690762308155016,0.0070486113503269105,7.57679969554331,25.554839417625917,118.05115738237458
496.25049999982855,130.01083423618624,1,9.598485993824486,64.93035125128931,0.007656602141315498,34.761492963846365,0.008612053303810577,59.68102905549804,0.006133111536421348,30.735537696025027,0.007719427082819586,7.57679969554331,25.554839417625917,118.05115738237458
496.2604999998283,130.01083423618624,1,9.598485993824486,70.38445106970615,0.006689639655981285,37.08456236362897,0.007918697921294984,65.74762970862278,0.00641663636465412,33.768064518531844,0.00822360441100063,7.57679969554331,25.554839417625917,118.05115738237458
496.2704999998281,130.01083423618624,1,9.598485993824486,74.0147073584623,0.005891993330730587,38.50508103930681,0.0073589377455397795,70.28518148071444,0.006631980812110174,35.82827319367176,0.00856665840238958,7.57679969554331,25.554839417625917,118.05115738237458
496.28049999982784,130.01083423618624,1,9.598485993824486,76.44567374225669,0.005263416752529892,39.2264869563065,0.006915125215344054,73.51177184055092,0.006786380332978407,37.098668842987045,0.008778728227800795,7.57679969554331,25.554839417625917,118.05115738237458
496.2904999998276,130.01083423618624,1,9.598485993824486,77.99733726499689,0.004772723194496267,39.437950990565916,0.00656597528285657,75.71369872268704,0.006892535680925504,37.765131016477596,0.008890543368535278,7.57679969554331,25.554839417625917,118.05115738237458
496.30049999982737,130.01083423618624,1,9.598485993824486,78.90636219758083,0.004392751780250153,39.30124588290469,0.0062936445124009005,77.11747217466467,0.006960725629634597,37.97637087558665,0.008926740537637269,7.57679969554331,25.554839417625917,118.05115738237458
496.31049999982713,130.01083423618624,1,9.598485993824486,79.24743050698812,0.004101855686938982,38.88244943753551,0.0060830854111157615,77.8749536786512,0.00699876957540645,37.85116156851924,0.00890707655976115,7.57679969554331,25.554839417625917,118.05115738237458
496.3204999998269,130.01083423618624,1,9.598485993824486,79.13200999757282,0.003884137638683172,38.258600734693744,0.005922861398255191,78.11642569755593,0.0070125784985739115,37.478218260382896,0.008846194629954772,7.57679969554331,25.554839417625917,118.05115738237458
496.33049999982666,130.01083423618624,1,9.598485993824486,78.65036253379738,0.0037293069035780574,37.49414915069101,0.0058053706380050574,77.93032930279571,0.007006071022554788,36.91634697989992,0.008753829459744813,7.57679969554331,25.554839417625917,118.05115738237458
496.3404999998264,130.01083423618624,1,9.598485993824486,77.7946189894256,0.003630699358749511,36.594787836803356,0.005725190053346257,77.35542538075578,0.006981718887144557,36.20631552808045,0.008636805402306524,7.57679969554331,25.554839417625917,118.05115738237458
496.3504999998262,130.01083423618624,1,9.598485993824486,76.58694038378282,0.003585599306608072,35.57841709063815,0.00567946819748591,76.42181012522101,0.006940752237866677,35.37161614469716,0.008498950596930299,7.57679969554331,25.554839417625917,118.05115738237458
496.36049999982595,130.01083423618624,0,9.598485993824486,74.69214511904264,0.0035825502877118607,34.43103539571988,0.005667546084488049,75.27458399279153,0.006888703768232608,34.42090488963397,0.008341697525236884,7.57679969554331,25.554839417625917,118.05115738237458
496.3704999998257,130.01083423618624,0,9.598485993824486,70.90537726941429,0.0035825502877118607,32.63570194156634,0.005667546084488049,74.18063486195622,0.006838533232538291,33.48532065092901,0.008186917864346142,7.57679969554331,25.554839417625917,118.05115738237458
496.3804999998255,130.01083423618624,0,9.598485993824486,65.04865658687233,0.0035825502877118607,29.85850038916538,0.005667546084488049,73.12156861986999,0.00678995506380885,32.62741980051713,0.008044932975814989,7.57679969554331,25.554839417625917,118.05115738237458
496.39049999982524,130.01083423618624,0,9.598485993824486,57.06899540496881,0.0035825502877118607,26.07421951288995,0.005667546084488049,72.09987184522737,0.006742874320577848,31.83761660255556,0.007914152016601894,7.57679969554331,25.554839417625917,118.05115738237458
496.400499999825,130.01083423618624,0,9.598485993824486,47.0583728456903,0.0035825502877118607,21.326527559759022,0.005667546084488049,71.10448006234346,0.006697214707029113,31.10722545654974,0.007793204504177515,7.57679969554331,25.554839417625917,118.05115738237458
496.41049999982476,130.01083423618624,0,9.598485993824486,35.07755566391708,0.0035825502877118607,15.6443048950995,0.005667546084488049,70.13865617265893,0.006652905265661817,30.42938531350287,0.007680907658408236,7.57679969554331,25.554839417625917,118.05115738237458
496.42049999982453,130.01083423618624,0,9.598485993824486,21.192537388023307,0.0035825502877118607,9.058771880099691,0.005667546084488049,69.20550137653592,0.006609885331112625,29.797962275069132,0.007576240210125237,7.57679969554331,25.554839417625917,118.05115738237458
496.4304999998243,130.01083423618624,0,9.598485993824486,5.71909583173365,0.0035825502877118607,1.8794904369695575,0.005762740837398217,68.29479243992431,0.006568103145951261,29.207237149021033,0.0074783206001428305,7.57679969554331,25.554839417625917,118.05115738237458
496.44049999982406,130.01083423618624,0,0.0,1.4099426649985962,0.004156605627012293,0.4831345584055118,0.0067393014309405875,67.40994124964126,0.006527509378970691,28.65272136925903,0.007386386079677708,7.57679969554331,25.554839417625917,118.05115738237458
496.4504999998238,130.01083423618624,0,0.0,1.9532358169845407,0.004630655592663824,1.0730834282762878,0.007274115529310858,66.55501742786572,0.006488039837992317,28.131638989930956,0.007299775961063877,7.57679969554331,25.554839417625917,118.05115738237458
496.4604999998236,130.01083423618624,0,0.0,2.337121628154218,0.004963418733386607,1.4035540459996172,0.007572729863354497,65.72019776412414,0.0064496514860427935,27.640069258335046,0.007217915031877375,7.57679969554331,25.554839417625917,118.05115738237458
496.47049999982335,130.01083423618624,0,0.0,2.616975635381346,0.005204233643084072,1.622179833242976,0.007769200012139124,64.90876598769849,0.006412306866487503,27.174838501296502,0.00714029670568377,7.57679969554331,25.554839417625917,118.05115738237458
496.4804999998231,130.01083423618624,0,0.0,2.8283373763269535,0.005385026573196141,1.7885222943954884,0.007918062803578034,64.12384314389756,0.00637597269478035,26.73299739280607,0.007066473718954647,7.57679969554331,25.554839417625917,118.05115738237458
496.4904999998229,130.01083423618624,0,0.0,2.995090085931879,0.0055264561032335,1.9278029210055334,0.008041926632978884,63.356090743479044,0.006340618803760825,26.311632689101067,0.006996052596124495,7.57679969554331,25.554839417625917,118.05115738237458
496.50049999982264,130.01083423618624,0,0.0,3.1321527150489206,0.0056419050566519765,2.0504551065736645,0.00815050873776601,62.60896599165291,0.006306210670485575,25.90878921254088,0.0069286873268126015,7.57679969554331,25.554839417625917,118.05115738237458
496.5104999998224,130.01083423618624,0,0.0,3.2489401071651685,0.005740050753089962,2.1609669369260223,0.008248276103977202,61.88574098828715,0.0062727167091892995,25.522636317598362,0.006864074860944427,7.57679969554331,25.554839417625917,118.05115738237458
496.52049999982216,130.01083423618624,0,0.0,3.352473647250214,0.005826519443051055,2.2623269078907517,0.008337513233729379,61.177563246396524,0.006240108662385927,25.151224373803714,0.0068019510045429785,7.57679969554331,25.554839417625917,118.05115738237458
496.5304999998219,130.01083423618624,0,0.0,3.4465254566625902,0.005904967483622614,2.355651794111696,0.008419564327145617,60.487638010421286,0.006208355372733525,24.79312248331668,0.00674208488368157,7.57679969554331,25.554839417625917,118.05115738237458
496.5404999998217,130.01083423618624,0,0.0,3.53176640709893,0.00597777739109275,2.439945293612462,0.008495350240969422,59.81844403458455,0.00617745618074526,24.4457559577056,0.006684275192196348,7.57679969554331,25.554839417625917,118.05115738237458
496.55049999982145,130.01083423618624,0,0.0,3.6125419546514994,0.006046501988736565,2.5184344210263614,0.008565586334302181,59.15963845537852,0.006147358390467769,24.106495632269183,0.006628346990103542,7.57679969554331,25.554839417625917,118.05115738237458
496.5604999998212,130.01083423618624,0,0.4019672239808142,3.675468679709378,0.006164542588589088,2.597088259827677,0.008709209592634297,58.47854752828596,0.006118893115414478,23.720966057599767,0.0065741473425214554,7.57679969554331,25.554839417625917,118.05115738237458
496.570499999821,130.01083423618624,0,1.3238369404965855,4.149537938286707,0.006657457928628775,3.147501990273901,0.009297048376251664,57.822128159462196,0.006091294396922114,23.346196605395612,0.006521543060927871,7.57679969554331,25.554839417625917,118.05115738237458
496.58049999982074,130.01083423618624,0,2.278754123164132,4.82703997142978,0.007317638873487847,3.7427798065419196,0.00990628733266635,57.17897636154301,0.006064463950611875,22.980622721590414,0.00647042529558955,7.57679969554331,25.554839417625917,118.05115738237458
496.5904999998205,130.01083423618624,0,3.258069404641916,5.439794470650474,0.007910764284266465,4.131045793445411,0.010315672866535917,56.552464263166875,0.006038369066485,22.62419472230162,0.006420720888733164,7.57679969554331,25.554839417625917,118.05115738237458
496.6004999998203,130.01083423618624,0,4.252421100422787,5.867298409231567,0.008334950262504933,4.311273645326458,0.010530332117042459,55.94591087353085,0.006012977636721126,22.277069803193978,0.006372388728008649,7.57679969554331,25.554839417625917,118.05115738237458
496.61049999982004,130.01083423618624,0,5.252002509226238,6.097769806880661,0.008581802720388984,4.338888922010898,0.010601619960896152,55.351375680188035,0.005988265262530081,21.938870381075517,0.006325403160926081,7.57679969554331,25.554839417625917,118.05115738237458
496.6204999998198,130.01083423618624,0,6.246851091822776,6.1558462954392175,0.008674182335008142,4.287560834940264,0.010602560335012577,54.772020295824476,0.0059642048120444255,21.609621438655736,0.006279738693410972,7.57679969554331,25.554839417625917,118.05115738237458
496.63049999981956,130.01083423618624,1,7.2271453638073035,6.107372352730819,0.008675987704000777,4.235647660605978,0.010602560335012577,54.211030966031004,0.005940769355762617,21.289386258247188,0.006235361322727689,7.57679969554331,25.554839417625917,118.05115738237458
496.6404999998193,130.01083423618624,1,8.183494805030453,6.058502623609281,0.008675987704000777,4.186681388978062,0.010602560335012577,53.660909791775346,0.005917935315228084,20.9778826853685,0.006192225705280353,7.57679969554331,25.554839417625917,118.05115738237458
496.6504999998191,130.01083423618624,1,9.10720857082078,6.013343772817058,0.008675987704000777,4.141426200107827,0.010602560335012577,53.12520558975613,0.005895665482119671,20.67564835698519,0.006150273459470254,7.57679969554331,25.554839417625917,118.05115738237458
496.66049999981885,127.65957446808501,1,9.598485993824486,6.141895123355972,0.008675987704000777,4.214736901998247,0.010602560335012577,52.60770357837196,0.005873921207850019,20.38344571264219,0.006109431642734126,7.57679969554331,25.554839417625917,118.05115738237458
496.6704999998186,127.65957446808501,1,9.598485993824486,9.100123889562097,0.008675987704000777,6.195743714870714,0.010602560335012577,52.1006413547282,0.005852677157724395,20.100364984976242,0.00606961077592423,7.57679969554331,25.554839417625917,118.05115738237458
496.6804999998184,127.65957446808501,1,9.598485993824486,15.704867504387037,0.008675987704000777,10.634029992151588,0.010602560335012577,51.60596349080846,0.005831939882465499,19.824207554487188,0.006030707374293494,7.57679969554331,25.554839417625917,118.05115738237458
496.69049999981814,127.65957446808501,1,9.598485993824486,25.74360527268198,0.008675987704000777,17.386276846405888,0.010602560335012577,51.12656263057286,0.005811697178856187,19.554177563614186,0.00599261863051877,7.57679969554331,25.554839417625917,118.05115738237458
496.7004999998179,127.65957446808501,1,9.598485993824486,38.86950099548143,0.008675987704000777,24.90992518173984,0.010272315387616655,50.65498274184297,0.005791940742053544,21.237344655191,0.006277670685370267,7.57679969554331,25.554839417625917,118.05115738237458
496.71049999981767,127.65957446808501,1,9.598485993824486,54.161769567742205,0.008583062597352193,30.11285146210065,0.009448248477227831,51.55961800890727,0.005821797190392394,25.616360619394253,0.007008967437331221,7.57679969554331,25.554839417625917,118.05115738237458
496.72049999981743,127.65957446808501,1,9.598485993824486,63.70314948578948,0.007697432030499041,33.63582577958064,0.008630800794371108,58.473617994492834,0.006123739477249238,29.60283589996806,0.007678201874565847,7.57679969554331,25.554839417625917,118.05115738237458
496.7304999998172,127.65957446808501,1,9.598485993824486,69.17845228057269,0.006731813626608022,35.91949585861977,0.00793674727229291,64.52057957525383,0.006408961308080533,32.58116441554449,0.008181704601532006,7.57679969554331,25.554839417625917,118.05115738237458
496.74049999981696,127.65957446808501,1,9.598485993824486,72.78575239025069,0.005931359533207353,37.28066612080654,0.007374433871366046,69.05523470266408,0.006627055264027014,34.60010086375854,0.008526057876822436,7.57679969554331,25.554839417625917,118.05115738237458
496.7504999998167,127.65957446808501,1,9.598485993824486,75.25501397143907,0.005299264479409868,37.97835633812033,0.006927971247818909,72.3000484688801,0.006784443957645491,35.83254046248016,0.008739593133222296,7.57679969554331,25.554839417625917,118.05115738237458
496.7604999998165,127.65957446808501,1,9.598485993824486,76.8296093246229,0.004805276642643123,38.16030236881096,0.006576476413611451,74.51243309589559,0.006893342294306918,36.460556973750606,0.008852587984861686,7.57679969554331,25.554839417625917,118.05115738237458
496.77049999981625,127.65957446808501,1,9.598485993824486,77.71754434978564,0.004421389281189671,37.968997092513746,0.006301230423713183,75.92250347230706,0.006964311444591226,36.63800212706379,0.008890543881698468,7.57679969554331,25.554839417625917,118.05115738237458
496.780499999816,127.65957446808501,1,9.598485993824486,78.09412247552095,0.004126823998979431,37.52726416141969,0.00608802750972186,76.70212716305733,0.007005126673177423,36.4796670631947,0.008872393184348444,7.57679969554331,25.554839417625917,118.05115738237458
496.7904999998158,127.65957446808501,1,9.598485993824486,78.00027613514976,0.0039058007356067384,36.87611891746575,0.005925452223755928,76.95752685258456,0.007021486807175602,36.072897264796445,0.008812739655724041,7.57679969554331,25.554839417625917,118.05115738237458
496.80049999981554,127.65957446808501,1,9.598485993824486,77.51479789244807,0.003747284552776289,36.06939449849739,0.005805198469969641,76.78137427429516,0.007017555531117337,35.480677702714225,0.008722014051193976,7.57679969554331,25.554839417625917,118.05115738237458
496.8104999998153,127.65957446808501,1,9.598485993824486,76.69196931167107,0.003644870499573784,35.14912812359255,0.005722171066591226,76.23197641279921,0.006995843765641132,34.74285349997123,0.008606708629702494,7.57679969554331,25.554839417625917,118.05115738237458
496.82049999981507,127.65957446808501,1,9.598485993824486,75.50874511182163,0.003595507184893956,34.110707539808274,0.0056732834894573396,75.32213548725039,0.006957603182003192,33.88308894331194,0.008470853227371412,7.57679969554331,25.554839417625917,118.05115738237458
496.83049999981483,127.65957446808501,0,9.598485993824486,73.73932992751462,0.0035907240901863293,32.955621413873764,0.0056579886913884665,74.16786891862185,0.006907159995594832,32.90922066900703,0.008315737931370602,7.57679969554331,25.554839417625917,118.05115738237458
496.8404999998146,127.65957446808501,0,9.598485993824486,70.1537549790289,0.0035907240901863293,31.25199688485982,0.0056579886913884665,73.07247558366375,0.0068582036805107955,31.932402547097375,0.008159813939714159,7.57679969554331,25.554839417625917,118.05115738237458
496.85049999981436,127.65957446808501,0,9.598485993824486,64.53053004833853,0.0035907240901863293,28.590561926313306,0.0056579886913884665,72.00779815373362,0.00681083967052442,31.034934056223953,0.00801686651195541,7.57679969554331,25.554839417625917,118.05115738237458
496.8604999998141,127.65957446808501,0,9.598485993824486,56.84163546121958,0.0035907240901863293,24.95803808644682,0.0056579886913884665,70.97636425228947,0.006764969831810569,30.207035772449217,0.007885279561859946,7.57679969554331,25.554839417625917,118.05115738237458
496.8704999998139,127.65957446808501,0,9.598485993824486,47.07198161966621,0.0035907240901863293,20.347570472485064,0.0056579886913884665,69.98147115620802,0.006720505038289325,29.44092263946569,0.007763659911193763,7.57679969554331,25.554839417625917,118.05115738237458
496.88049999981365,127.65957446808501,0,9.598485993824486,35.37070215369272,0.0035907240901863293,14.829167798897352,0.0056579886913884665,69.01196589436371,0.006677382780881486,28.72863235829203,0.007650806754350961,7.57679969554331,25.554839417625917,118.05115738237458
496.8904999998134,127.65957446808501,0,9.598485993824486,21.833828833028033,0.0035907240901863293,8.447871602184765,0.0056579886913884665,68.07101541225107,0.006635541683049432,28.063858321528834,0.007545683080466384,7.57679969554331,25.554839417625917,118.05115738237458
496.9004999998132,127.65957446808501,0,9.598485993824486,6.5634793029073695,0.0035907240901863293,1.3273449534294164,0.005701362478129548,67.16232306060807,0.006594918144296097,27.441823293689158,0.007447392908525869,7.57679969554331,25.554839417625917,118.05115738237458
496.91049999981294,127.65957446808501,0,0.0,-0.2763862775309125,0.004073065671500087,-1.1374271762724826,0.006720622367860849,66.27519692325525,0.006555475315006922,26.85676170852317,0.007355162350794993,7.57679969554331,25.554839417625917,118.05115738237458
496.9204999998127,127.65957446808501,0,0.0,0.2667030093302998,0.004569932648742486,-0.4621363226628934,0.007356776557813937,65.41454199561187,0.006517136094575802,26.306771544533053,0.007268320991913422,7.57679969554331,25.554839417625917,118.05115738237458
496.93049999981247,127.65957446808501,0,0.0,0.6422346068809279,0.004917062678973214,-0.10095350397240876,0.007706177858567242,64.58405808545932,0.006479837801258727,25.7891314185079,0.007186285137970711,7.57679969554331,25.554839417625917,118.05115738237458
496.94049999981223,127.65957446808501,0,0.0,0.9090947786457964,0.005166848880222124,0.12681016154920677,0.00793261897295364,63.77330279977566,0.006443556730230022,25.2993422008748,0.00710854239017322,7.57679969554331,25.554839417625917,118.05115738237458
496.950499999812,127.65957446808501,0,0.0,1.104655964092644,0.005353168757755106,0.29351075726516207,0.008102503580687292,62.98519778309063,0.006408264467076245,24.833968117847284,0.007034639969750915,7.57679969554331,25.554839417625917,118.05115738237458
496.96049999981176,127.65957446808501,0,0.0,1.2536344272446565,0.005497938062482172,0.42922632457555654,0.008243223963403911,62.223334732425826,0.006373923609948628,24.390834242236696,0.006964178634755823,7.57679969554331,25.554839417625917,118.05115738237458
496.9704999998115,127.65957446808501,0,0.0,1.3722270744676166,0.005615333343477148,0.546785188099502,0.008366457510160272,61.478057161240535,0.0063405115013606475,23.966908658284662,0.006896808142300265,7.57679969554331,25.554839417625917,118.05115738237458
496.9804999998113,127.65957446808501,0,0.0,1.4702165643822873,0.005714537360521244,0.6513547028646425,0.008477495451454244,60.75259036145251,0.006307998313208695,23.56010758686694,0.006832221235195409,7.57679969554331,25.554839417625917,118.05115738237458
496.99049999981105,127.65957446808501,0,0.0,1.5545187689799587,0.005801505526267509,0.7460076630863544,0.00857899891069369,60.05074210010411,0.006276346182392716,23.169402567998517,0.0067701493227297115,7.57679969554331,25.554839417625917,118.05115738237458
497.0004999998108,127.65957446808501,0,0.0,1.6298506497939647,0.0058800999313221225,0.8326332354672044,0.008672505275365833,59.363367309683376,0.006245533101575433,22.792706086154126,0.006710358594071641,7.57679969554331,25.554839417625917,118.05115738237458
497.0104999998106,127.65957446808501,0,0.0,1.698506034566293,0.005952832658868213,0.911810318562841,0.008759043299969859,58.693722180576636,0.006215530910359896,22.42868436872096,0.006652644800609168,7.557767815454448,26.781930636775062,115.51889126928724
497.02049999981034,127.65957446808501,0,0.0,1.762550928219194,0.006021344031160539,0.9846175768464294,0.008839398581978276,58.04562130125959,0.006186304210260341,22.07693318107568,0.006596829852522757,7.557767815454448,26.781930636775062,115.51889126928724
497.0304999998101,127.65957446808501,0,0.0,1.823584578417611,0.006086704786936868,1.0520379540901148,0.008914216681658092,57.41027669909536,0.0061578335259157594,21.735899733124597,0.006542758960934556,7.557767815454448,26.781930636775062,115.51889126928724
497.04049999980987,127.65957446808501,0,0.5378260239643384,1.9700045898941418,0.006243095031182508,1.2455940058310038,0.009129758405316463,56.79146455173368,0.0061300828795493945,21.405461910156912,0.006490296639556431,7.557767815454448,26.781930636775062,115.51889126928724
497.05049999980963,127.65957446808501,0,1.4651694662658632,2.537474151511671,0.0067785127142437505,1.9243019984568077,0.009793904535306866,56.19097354613725,0.006103054366108999,21.082935892120247,0.006439325069114254,7.557767815454448,26.781930636775062,115.51889126928724
497.0604999998094,127.65957446808501,0,2.424317993400163,3.258217868931072,0.007438321354486551,2.5816321018292836,0.010420380232211137,55.60077098853065,0.006076742585237591,20.767271321217653,0.0063897508423270705,7.557767815454448,26.781930636775062,115.51889126928724
497.07049999980916,127.65957446808501,0,3.406499578208817,3.8868133192780885,0.0080088285168292,3.004743738787626,0.010824310321538879,55.02465434973632,0.006051110068953312,20.45900326126334,0.006341515615739479,7.557767815454448,26.781930636775062,115.51889126928724
497.0804999998089,127.65957446808501,0,4.402268056085009,4.3221975996488755,0.00840473249010247,3.212061794803163,0.011027517349992397,54.46658354169673,0.006026118986705162,20.15905232150566,0.006294589103633071,7.557767815454448,26.781930636775062,115.51889126928724
497.0904999998087,127.65957446808501,0,5.401774561386472,4.5618769836593405,0.008625496083693325,3.262248446279119,0.011084062969211371,53.91860818204962,0.006001748424037914,19.867101242562747,0.006248952746719836,7.557767815454448,26.781930636775062,115.51889126928724
497.10049999980845,127.65957446808501,0,6.395058790734988,4.631733969543651,0.008694882996474113,3.246717518028148,0.011084062969211371,53.38389342881707,0.005977973576106281,19.583126340817184,0.00620458598101856,7.557767815454448,26.781930636775062,115.51889126928724
497.1104999998082,127.65957446808501,1,7.372345784925995,4.61712332736615,0.008694882996474113,3.231912866325959,0.011084062969211371,52.865957609263155,0.005954767494392939,19.307481309300577,0.0061614584573741835,7.557767815454448,26.781930636775062,115.51889126928724
497.120499999808,127.65957446808501,1,8.324333539827757,4.60549895762547,0.008694882996474113,3.220215262469784,0.011084062969211371,52.35762151875081,0.005932105174861673,19.04032612355543,0.0061195276277630425,7.557767815454448,26.781930636775062,115.51889126928724
497.13049999980774,127.65957446808501,1,9.242457389857302,4.598284055657449,0.008694882996474113,3.2129273306647184,0.011084062969211371,51.862820101341285,0.005909939607814289,18.782782927682348,0.006078737001328953,7.557767815454448,26.781930636775062,115.51889126928724
497.1404999998075,125.39184952978047,1,9.598485993824486,4.973648798335004,0.008694882996474113,3.483308403440377,0.011084062969211371,51.38626116508975,0.00588821796298392,18.53677613989731,0.006039014440327962,7.557767815454448,26.781930636775062,115.51889126928724
497.15049999980727,125.39184952978047,1,9.598485993824486,8.488125831222469,0.008694882996474113,6.018639948636536,0.011084062969211371,50.919039105144655,0.0058669290407843645,18.300089275397568,0.006000270526726675,7.557767815454448,26.781930636775062,115.51889126928724
497.16049999980703,125.39184952978047,1,9.598485993824486,15.583554555536375,0.008694882996474113,11.136539037729127,0.011084062969211371,50.462330625861455,0.005846105389208464,18.06914764912866,0.005962402985441418,7.557767815454448,26.781930636775062,115.51889126928724
497.1704999998068,125.39184952978047,1,9.598485993824486,26.035468060071725,0.008694882996474113,18.663773072306704,0.01107344962935669,50.01906527634761,0.005825743004211483,17.90675980431144,0.0059358695549091185,7.557767815454448,26.781930636775062,115.51889126928724
497.18049999980656,125.39184952978047,1,9.598485993824486,39.485688807578924,0.008694882996474113,25.699438118000494,0.01046174236991248,49.5816496580012,0.005805840448948571,21.250619857682334,0.006489851291517758,7.557767815454448,26.781930636775062,115.51889126928724
497.1904999998063,125.39184952978047,1,9.598485993824486,54.617901855609986,0.008533120648532495,30.77803375333581,0.009561090151083924,51.33891613235038,0.005864267165185983,26.08200504173268,0.00727472788561801,7.557767815454448,26.781930636775062,115.51889126928724
497.2004999998061,125.39184952978047,1,9.598485993824486,63.56374126756821,0.007606113573888347,34.30498680877785,0.008720161540945437,58.34277319177312,0.006170102170274869,30.191466976080733,0.007944205807554764,7.557767815454448,26.781930636775062,115.51889126928724
497.21049999980585,125.39184952978047,1,9.598485993824486,68.84028077788729,0.006655452934985091,36.61063013172704,0.008014544498752335,64.2861334916974,0.006446481110175198,33.224018085578244,0.008437712975028598,7.557767815454448,26.781930636775062,115.51889126928724
497.2204999998056,125.39184952978047,1,9.598485993824486,72.37408953939415,0.005874010962735472,37.99882573262102,0.007444531897639991,68.73448572917545,0.006655727900465159,35.283100160679744,0.008770134497681334,7.557767815454448,26.781930636775062,115.51889126928724
497.2304999998054,125.39184952978047,1,9.598485993824486,74.81244626675753,0.005257022310528989,38.725932384960274,0.006992194680742686,71.92814506584685,0.0068058285645195855,36.55325059414768,0.00897176380132264,7.557767815454448,26.781930636775062,115.51889126928724
497.24049999980514,125.39184952978047,1,9.598485993824486,76.38217563755646,0.004774260790320942,38.940621756065475,0.006635989255761372,74.11768148687703,0.006908804622231888,37.21945439253733,0.009073390421422559,7.557767815454448,26.781930636775062,115.51889126928724
497.2504999998049,125.39184952978047,1,9.598485993824486,77.2817192849952,0.004398652530351256,38.78449637985442,0.006356938197339404,75.52482065329754,0.006974858735990316,37.43613718468794,0.009100615053083603,7.557767815454448,26.781930636775062,115.51889126928724
497.26049999980467,125.39184952978047,1,9.598485993824486,77.67725863672452,0.004110151325120624,38.37809305577226,0.0061406768941994734,76.3149343937768,0.007011509467638224,37.31762837022499,0.00907237910169357,7.557767815454448,26.781930636775062,115.51889126928724
497.27049999980443,125.39184952978047,1,9.598485993824486,77.61067319123813,0.0038935873505143515,37.76332780562787,0.005975736743167943,76.59035713362559,0.007024259785334904,36.95091301147275,0.00900320576057421,7.557767815454448,26.781930636775062,115.51889126928724
497.2804999998042,125.39184952978047,1,9.598485993824486,77.15739597120518,0.003738380817647,36.99323010774518,0.005853790250115442,76.44040302427736,0.007017113011353193,36.39863288079944,0.008903428745893938,7.557767815454448,26.781930636775062,115.51889126928724
497.29049999980396,125.39184952978047,1,9.598485993824486,76.36769636971744,0.003638402262862522,36.108042420726946,0.005769721687488267,75.92086120568887,0.006992490456887734,35.69974506705475,0.008779458488201058,7.557767815454448,26.781930636775062,115.51889126928724
497.3004999998037,125.39184952978047,1,9.598485993824486,75.22004341701802,0.0035908241718213786,35.10330599389329,0.005720478231015769,75.0435339999007,0.00695157504266625,34.87746053629724,0.008635205178171084,7.557767815454448,26.781930636775062,115.51889126928724
497.3104999998035,125.39184952978047,0,9.598485993824486,73.46992696079303,0.003586608376095089,33.97902565369522,0.005705526531861505,73.93031391025939,0.006898926189133765,33.93939208783103,0.008471874882572809,7.557767815454448,26.781930636775062,115.51889126928724
497.32049999980325,125.39184952978047,0,9.598485993824486,69.90679619572538,0.003586608376095089,32.278108701280566,0.005705526531861505,72.87408504190596,0.006847894492504595,33.00174430918967,0.008308860200615395,7.557767815454448,26.781930636775062,115.51889126928724
497.330499999803,125.39184952978047,0,9.598485993824486,64.32928797940497,0.003586608376095089,29.60018265350864,0.005705526531861505,71.84584343252862,0.006798473167724502,32.1443952112608,0.008159489046308336,7.557767815454448,26.781930636775062,115.51889126928724
497.3404999998028,125.39184952978047,0,9.598485993824486,56.71251025973525,0.003586608376095089,25.933307009127006,0.005705526531861505,70.8484911508064,0.006750562495569027,31.357481825175714,0.008022061636127039,7.557767815454448,26.781930636775062,115.51889126928724
497.35049999980254,125.39184952978047,0,9.598485993824486,47.04581110762662,0.003586608376095089,21.272368331365584,0.005705526531861505,69.88510474682565,0.006704082024013308,30.63242126285536,0.00789511261198332,7.557767815454448,26.781930636775062,115.51889126928724
497.3604999998023,125.39184952978047,0,9.598485993824486,35.47183710634698,0.003586608376095089,15.686544344276783,0.005705526531861505,68.9449278835005,0.006658966503567909,29.961244745015946,0.007777378907776648,7.557767815454448,26.781930636775062,115.51889126928724
497.37049999980206,125.39184952978047,0,9.598485993824486,22.088382375634033,0.003586608376095089,9.22329464605276,0.005705526531861505,68.03143990222935,0.006615152308150067,29.337711272700464,0.007667769714715551,7.557767815454448,26.781930636775062,115.51889126928724
497.3804999998018,125.39184952978047,0,9.598485993824486,7.001137451357069,0.003586608376095089,1.9939039113065262,0.005742789523856601,67.14805465676035,0.006572584336817891,28.756350274045587,0.007565342529476069,7.557767815454448,26.781930636775062,115.51889126928724
497.3904999998016,125.39184952978047,0,0.0,0.402616953828693,0.004075065907258194,-0.4367148797874547,0.006743569260721317,66.28447335639343,0.006531222501339932,28.21150887455174,0.007469283223113395,7.557767815454448,26.781930636775062,115.51889126928724
497.40049999980135,125.39184952978047,0,0.0,1.0075716701455972,0.0045717215479448205,0.2823967247014596,0.007362525321400942,65.44582830960712,0.006490988130189765,27.70137545336744,0.00737888648487361,7.557767815454448,26.781930636775062,115.51889126928724
497.4104999998011,125.39184952978047,0,0.0,1.4421524568102577,0.004918725928961107,0.6876711146015992,0.007697827824790863,64.63538644308376,0.006451829130859784,27.22245729578632,0.007293538280785797,7.557767815454448,26.781930636775062,115.51889126928724
497.4204999998009,125.39184952978047,0,0.0,1.7657232282232251,0.005168530947443555,0.9584925093344476,0.007911533180347013,63.84307507637793,0.006413719542729533,26.77038494922608,0.00721269979438685,7.557767815454448,26.781930636775062,115.51889126928724
497.43049999980065,125.39184952978047,0,0.0,2.016100223460845,0.005355025658092597,1.1668563816097999,0.008069277743556192,63.07208780147919,0.006376628636175657,26.341953179245927,0.007135895199629869,7.557767815454448,26.781930636775062,115.51889126928724
497.4404999998004,125.39184952978047,0,0.0,2.217590175528774,0.005500115668385529,1.3420947734732334,0.00819812999433193,62.32566371238752,0.006340526675889153,25.93443320024939,0.007062705152094479,7.557767815454448,26.781930636775062,115.51889126928724
497.4504999998002,125.39184952978047,0,0.0,2.386799499239892,0.005617959062462301,1.4973158158787934,0.008309643487711908,61.59458312538967,0.0063053866009655304,25.545071719587156,0.006992761884798376,7.557767815454448,26.781930636775062,115.51889126928724
497.46049999979994,125.39184952978047,0,0.0,2.5338960311042604,0.0057177185494760386,1.6380462801852942,0.00840907179230612,60.88234092429284,0.006271175357751446,25.172088390028144,0.006925742818372286,7.557767815454448,26.781930636775062,115.51889126928724
497.4704999997997,125.39184952978047,0,0.0,2.665331707510402,0.005805330932703166,1.7669109829988092,0.008499073483409695,60.192357244591506,0.006237862234165144,24.81392843501306,0.0068613659559671565,7.557767815454448,26.781930636775062,115.51889126928724
497.48049999979946,125.39184952978047,0,0.0,2.786193872322023,0.005884642204164473,1.8861851272804713,0.008581198024471957,59.51591680320988,0.006205420663984715,24.46879645690376,0.006799385755002601,7.557767815454448,26.781930636775062,115.51889126928724
497.4904999997992,125.39184952978047,0,0.0,2.8991277228334007,0.005958151028717185,1.9968324428632092,0.008656489789789154,58.85651262961863,0.006173819390874156,24.135664525328703,0.006739587654079094,7.557767815454448,26.781930636775062,115.51889126928724
497.500499999799,125.39184952978047,0,0.0,3.005712962055777,0.006027486784988703,2.099479074497702,0.008725749013165182,58.217536327822586,0.006143029997026848,23.81360632886269,0.006681784488658359,7.557767815454448,26.781930636775062,115.51889126928724
497.51049999979875,125.39184952978047,0,0.0,3.1078989713388463,0.006093711326540463,2.195467862529542,0.00878963523528283,57.590623892475726,0.006113028469449549,23.501360968126146,0.006625813482172653,7.557767815454448,26.781930636775062,115.51889126928724
497.5204999997985,125.39184952978047,0,0.0,3.2062550998585504,0.006157521924430139,2.2852207558592568,0.008848710527176071,56.97919083497857,0.006083786431783972,23.198328382903394,0.006571532076223238,7.557767815454448,26.781930636775062,115.51889126928724
497.5304999997983,125.39184952978047,0,0.8582650382049619,3.530462068354506,0.0064466951598150316,2.6813797448377956,0.009226588623136708,56.38683383243417,0.006055271571961235,22.904374632483073,0.006518815574177173,7.557767815454448,26.781930636775062,115.51889126928724
497.54049999979804,125.39184952978047,0,1.7976855646854857,4.229852682740268,0.007060725084073994,3.413581161461601,0.009896384368662435,55.804239932359295,0.006027493574582331,22.61666545950193,0.006467557353519193,7.557767815454448,26.781930636775062,115.51889126928724
497.5504999997978,125.39184952978047,0,2.7659334044902013,4.97955485436527,0.007709432082746848,4.012980815549077,0.010431364052076224,55.23530136400882,0.006000423019081716,22.335577838281747,0.006417678610905417,7.557767815454448,26.781930636775062,115.51889126928724
497.56049999979757,125.39184952978047,0,3.753971504953023,5.585260734078491,0.008225603600750638,4.376896989362043,0.010746511803746039,54.68362680943798,0.005974027331004871,22.061602372004753,0.006369135564512182,7.557767815454448,26.781930636775062,115.51889126928724
497.57049999979733,125.39184952978047,0,4.752180574347627,5.987706586896474,0.008559938374481386,4.550713049416899,0.010885701075008268,54.14158447702032,0.005948283206189876,21.79456263023227,0.0063219066401152815,7.557767815454448,26.781930636775062,115.51889126928724
497.5804999997971,125.39184952978047,0,5.750639019782597,6.200307291171083,0.008726149328905758,4.5929374434494745,0.010905223937910193,53.6125232469263,0.00592316345897036,21.53477716680658,0.00627597567127969,7.557767815454448,26.781930636775062,115.51889126928724
497.59049999979686,125.39184952978047,1,6.739417810539715,6.255305783438395,0.008755270753063251,4.610064424952771,0.010905223937910193,53.099636927382996,0.005898645181026337,21.282365535667992,0.006231320901927752,7.557767815454448,26.781930636775062,115.51889126928724
497.6004999997966,125.39184952978047,1,7.708875709918113,6.27307122623262,0.008755270753063251,4.62774173912966,0.010905223937910193,52.59532876054016,0.005874711256515889,21.03676794688038,0.00618790926591034,7.557767815454448,26.781930636775062,115.51889126928724
497.6104999997964,125.39184952978047,1,8.64994029317096,6.292594852637299,0.008755270753063251,4.647177495034988,0.010905223937910193,52.103324388849025,0.005851329752168751,20.798689616459207,0.006145693899375754,7.557767815454448,26.781930636775062,115.51889126928724
497.62049999979615,125.39184952978047,1,9.554361148695255,6.314572559136476,0.008755270753063251,4.669155201534166,0.010905223937910193,51.62719056803329,0.005828464687175623,20.568782399148777,0.006104613367973155,7.557767815454448,26.781930636775062,115.51889126928724
497.6304999997959,123.32990750256928,1,9.598485993824486,7.522431709776118,0.008755270753063251,5.519572833187558,0.010905223937910193,51.16037507229335,0.005806081211711924,20.347419023431364,0.006064589697662863,7.557767815454448,26.781930636775062,115.51889126928724
497.6404999997957,123.32990750256928,1,9.598485993824486,12.307114215749504,0.008755270753063251,8.865476671713441,0.010905223937910193,50.704449465073125,0.0057841812001022275,20.132307979450683,0.006025526884939608,7.557767815454448,26.781930636775062,115.51889126928724
497.65049999979544,123.32990750256928,1,9.598485993824486,20.591591597930133,0.008755270753063251,14.652754074044333,0.010905223937910193,50.26185938827814,0.0057627686664146905,19.921922335235237,0.005987321039546298,7.557767815454448,26.781930636775062,115.51889126928724
497.6604999997952,123.32990750256928,1,9.598485993824486,32.10329425140781,0.008755270753063251,22.45025477528136,0.01081821324376272,49.82539492507496,0.005741838246175134,20.234378210008703,0.006035856906179171,7.557767815454448,26.781930636775062,115.51889126928724
497.67049999979497,123.32990750256928,1,9.598485993824486,46.46667011365847,0.008755270753063251,28.773685838190286,0.010089970457819683,49.398001763835836,0.005721375949942183,24.22874488433035,0.006694187809496983,7.557767815454448,26.781930636775062,115.51889126928724
497.68049999979473,123.32990750256928,1,9.598485993824486,59.21035914278247,0.008218519036923671,33.199731352546685,0.009214983727419768,54.37810619300204,0.005921487332062432,28.74595783801638,0.007440758846308567,7.557767815454448,26.781930636775062,115.51889126928724
497.6904999997945,123.32990750256928,1,9.598485993824486,66.1507426022744,0.007219391202463877,36.19456406210272,0.008431423432188643,61.0798244764217,0.006229710838598412,32.38861101874155,0.008045216448947104,7.557767815454448,26.781930636775062,115.51889126928724
497.70049999979426,123.32990750256928,1,9.598485993824486,70.57362135457203,0.0063278570940970705,38.10822694305423,0.007782396115882556,66.37424830995886,0.006480901291042467,35.00422089119443,0.008479704204296824,7.557767815454448,26.781930636775062,115.51889126928724
497.710499999794,123.32990750256928,1,9.598485993824486,73.61526284117936,0.0056111798126212715,39.22394997607201,0.00726104799739428,70.26187433833589,0.00666669703301345,36.722545684978286,0.008765170453541644,7.557767815454448,26.781930636775062,115.51889126928724
497.7204999997938,123.32990750256928,1,9.598485993824486,75.64122346361262,0.00504683481752153,39.72245416967555,0.006847546313645015,72.99610003541072,0.006798263684409877,37.73006246935286,0.008932582490893176,7.557767815454448,26.781930636775062,115.51889126928724
497.73049999979355,123.32990750256928,1,9.598485993824486,76.89748966915877,0.004605111898324378,39.770606873403466,0.006521627136324007,74.82949737991116,0.006887132939189731,38.19881835993416,0.009010452616360437,7.557767815454448,26.781930636775062,115.51889126928724
497.7404999997933,123.32990750256928,1,9.598485993824486,77.57904573651332,0.004262253371570483,39.509615337768395,0.006266862896407922,75.95771600653634,0.006942248577152603,38.26335347378365,0.009021063505037279,7.557767815454448,26.781930636775062,115.51889126928724
497.7504999997931,123.32990750256928,1,9.598485993824486,77.75317416851928,0.00399973255013984,38.99965316432417,0.00606971110435032,76.50961887734647,0.006970352735488905,38.02886513074012,0.008981968561285502,7.557767815454448,26.781930636775062,115.51889126928724
497.76049999979284,123.32990750256928,1,9.598485993824486,77.51342565432542,0.0038040627554496733,38.30732909328048,0.005919960380726246,76.59613922695605,0.0069764902656319515,37.57335542630547,0.008906071831152102,7.557767815454448,26.781930636775062,115.51889126928724
497.7704999997926,123.32990750256928,1,9.598485993824486,76.93199985748724,0.0036665580241419496,37.48710509489945,0.005810835575915513,76.29252880265287,0.006963990989055998,36.9485676239962,0.008801910727205433,7.557767815454448,26.781930636775062,115.51889126928724
497.78049999979237,123.32990750256928,1,9.598485993824486,76.00227300354544,0.0035818737347537654,36.543690346485725,0.005737655900747378,75.62881104710618,0.006934896432748914,36.18905696499754,0.008675307033490563,7.557767815454448,26.781930636775062,115.51889126928724
497.79049999979213,123.32990750256928,1,9.598485993824486,74.73668217581111,0.003548307899910401,35.48926430119725,0.005698162159606562,74.62687844547254,0.006890073344601556,35.31352000263492,0.008529315475208136,7.557767815454448,26.781930636775062,115.51889126928724
497.8004999997919,123.32990750256928,0,9.598485993824486,72.61267552621827,0.003547729123104241,34.27883342290065,0.005690628676547021,73.4945008826773,0.006837678304619857,34.33631448542912,0.008366299150784929,7.557767815454448,26.781930636775062,115.51889126928724
497.81049999979166,123.32990750256928,0,9.598485993824486,68.59685887344958,0.003547729123104241,32.32847567755309,0.005690628676547021,72.41383940911655,0.006787472135011781,33.40135772450937,0.008210295410246942,7.557767815454448,26.781930636775062,115.51889126928724
497.8204999997914,123.32990750256928,0,9.598485993824486,62.60644729151381,0.003547729123104241,29.416676232021583,0.005690628676547021,71.36772003616647,0.006738867646587209,32.54387866802923,0.008067113847296171,7.557767815454448,26.781930636775062,115.51889126928724
497.8304999997912,123.32990750256928,0,9.598485993824486,54.60520808131199,0.003547729123104241,25.52583446003592,0.005690628676547021,70.35879930636095,0.006691769386607532,31.75452712237395,0.007935165403353796,7.557767815454448,26.781930636775062,115.51889126928724
497.84049999979095,123.32990750256928,0,9.598485993824486,44.676209613123056,0.003547729123104241,20.696374828588244,0.005690628676547021,69.37610972271408,0.006646103761159595,31.024532869990956,0.007813081198567943,7.557767815454448,26.781930636775062,115.51889126928724
497.8504999997907,123.32990750256928,0,9.598485993824486,32.886169854436844,0.003547729123104241,14.96078314747005,0.005690628676547021,68.42279795148946,0.0066018015109888945,30.346951125567912,0.007699679826697142,7.557767815454448,26.781930636775062,115.51889126928724
497.8604999997905,123.32990750256928,0,9.598485993824486,19.313939281657547,0.003547729123104241,8.357470516280618,0.005690628676547021,67.50204790662087,0.0065587990893162616,29.71586568022841,0.0075939411779447005,7.557767815454448,26.781930636775062,115.51889126928724
497.87049999979024,123.32990750256928,0,9.598485993824486,4.237509296138356,0.003554714984549993,1.2717571006412474,0.005848408080278319,66.6037062362589,0.00651704654180198,29.12544830965494,0.007494984641657192,7.557767815454448,26.781930636775062,115.51889126928724
497.88049999979,123.32990750256928,0,0.0,1.3000446331289304,0.0041796567866881264,0.4442311523574869,0.006833385690362806,65.73110815892079,0.006476495505019935,28.571181540748064,0.007402048176555421,7.557767815454448,26.781930636775062,115.51889126928724
497.89049999978977,123.32990750256928,0,0.0,1.8480858304685484,0.0046500327021272965,1.019642304916255,0.007346829161173828,64.8885100321373,0.006437073949071993,28.0507227076138,0.007314471458100857,7.557767815454448,26.781930636775062,115.51889126928724
497.90049999978953,123.32990750256928,0,0.0,2.236838638934306,0.004980003346015184,1.3474333456386285,0.007636005838931137,64.06609149929481,0.006398741813163656,27.55992892338046,0.007231678942569309,7.557767815454448,26.781930636775062,115.51889126928724
497.9104999997893,123.32990750256928,0,0.0,2.521665390919149,0.005218797611172258,1.5682244300246824,0.007828128138909155,63.26692753320641,0.006361463868539536,27.095441722593325,0.007153163146640339,7.557767815454448,26.781930636775062,115.51889126928724
497.92049999978906,123.32990750256928,0,0.0,2.738255481820147,0.0053982006187940235,1.7387217312494911,0.007974770804305066,62.49414396997343,0.006325204602897724,26.654438670043213,0.00707847572878704,7.557767815454448,26.781930636775062,115.51889126928724
497.9304999997888,123.32990750256928,0,0.0,2.910375932086107,0.005538733451251546,1.8827784583806189,0.008097269209602485,61.738498350112,0.006289935508220376,26.233887316917013,0.0070072221490512215,7.557767815454448,26.781930636775062,115.51889126928724
497.9404999997886,123.32990750256928,0,0.0,3.052776599374579,0.005653660280651465,2.010169346325058,0.008204799072994115,61.003288918292476,0.006255623017694776,25.831730197851655,0.0069390553906587445,7.557767815454448,26.781930636775062,115.51889126928724
497.95049999978835,123.32990750256928,0,0.0,3.174975276451022,0.00575156234565789,2.1253187675863208,0.00830160157115755,60.29181469183744,0.006222232571084091,25.446308454439944,0.006873671488957695,7.557767815454448,26.781930636775062,115.51889126928724
497.9604999997881,123.32990750256928,0,0.0,3.2838937935656314,0.005837990770591207,2.231077890456097,0.00838987040425189,59.59535283764165,0.006189736974479828,25.075590052029415,0.006810805422391326,7.557767815454448,26.781930636775062,115.51889126928724
497.9704999997879,123.32990750256928,0,0.0,3.3833300747664827,0.005916544958960825,2.3286039274097146,0.008470916707149983,58.91722331098567,0.006158104821765753,24.718329362822185,0.006750225538737931,7.557767815454448,26.781930636775062,115.51889126928724
497.98049999978764,123.32990750256928,0,0.0,3.4757219666339907,0.005989565438551007,2.4186993233050504,0.008545654419363488,58.26071947971187,0.006127304297196168,24.373550278935465,0.006691729805604058,7.557767815454448,26.781930636775062,115.51889126928724
497.9904999997874,123.32990750256928,0,0.0,3.56344534482898,0.006058573811495824,2.5026445683916383,0.008614793595229937,57.61749163445226,0.006097310941760682,24.039815080235247,0.006635142597631176,7.557767815454448,26.781930636775062,115.51889126928724
498.00049999978717,123.32990750256928,0,0.0,3.647318232631342,0.006124565283593396,2.580804625178578,0.008678921185870866,56.990803701140365,0.006068096317918452,23.716361750704692,0.006580310304450162,7.557767815454448,26.781930636775062,115.51889126928724
498.01049999978693,123.32990750256928,0,0.0,3.7278478544352622,0.006188196535702127,2.653541966821187,0.008738548852105295,56.38389554792364,0.0060396316939555035,23.402628566871012,0.006527098745555302,7.54049659801851,27.946022667854944,113.27143639211785
498.0204999997867,123.32990750256928,0,0.5378260239643384,3.8950273847446257,0.006344184173766981,2.8468693127845595,0.00893263988391103,55.788999758873025,0.00601189061275754,23.097903586631567,0.006475391070458273,7.54049659801851,27.946022667854944,113.27143639211785
498.03049999978646,123.32990750256928,0,1.4651694662658632,4.489528144130553,0.006882853635210215,3.507314069227567,0.009556940676129637,55.208479128187776,0.005984863970661548,22.80057021663159,0.006425085159636084,7.54049659801851,27.946022667854944,113.27143639211785
498.0404999997862,123.32990750256928,0,2.424317993400163,5.239662474514752,0.007547726029157421,4.151130632537596,0.010149143588681983,54.645672707356525,0.0059585324217361225,22.510372565995205,0.006376100751086659,7.54049659801851,27.946022667854944,113.27143639211785
498.050499999786,123.32990750256928,0,3.406499578208817,5.898235721548039,0.008123564790965642,4.573561531088314,0.010531197896041341,54.0931672101611,0.005932870139700508,22.22713556915772,0.00632839196735553,7.54049659801851,27.946022667854944,113.27143639211785
498.06049999978575,123.32990750256928,0,4.402268056085009,6.361433629968545,0.008523546390554559,4.7899613931144405,0.010722433880784496,53.55419367569507,0.005907849803231602,21.951092610538,0.006281938942797192,7.54049659801851,27.946022667854944,113.27143639211785
498.0704999997855,123.32990750256928,0,5.401774561386472,6.624182114529464,0.008746064152959341,4.854446860150095,0.010773589512955543,53.031967801279364,0.005883444885571076,21.682588111481596,0.006236731540610925,7.54049659801851,27.946022667854944,113.27143639211785
498.0804999997853,123.32990750256928,0,6.395058790734988,6.714185473750101,0.008815057030367196,4.858948975731641,0.010773589512955543,52.51906924455637,0.005859636327559692,21.421284746454468,0.006192757421729266,7.54049659801851,27.946022667854944,113.27143639211785
498.09049999978504,123.32990750256928,1,7.372345784925995,6.719245650321519,0.008815057030367196,4.8637843867022905,0.010773589512955543,52.0184900247484,0.005836402303814094,21.167155281519214,0.006149993029969976,7.54049659801851,27.946022667854944,113.27143639211785
498.1004999997848,123.32990750256928,1,8.324333539827757,6.725183948797191,0.008815057030367196,4.869722685177963,0.010773589512955543,51.53349530500322,0.005813717565578902,20.920500868946537,0.0061084009602779665,7.54049659801851,27.946022667854944,113.27143639211785
498.11049999978457,123.32990750256928,1,9.242457389857302,6.734292229879631,0.008815057030367196,4.878731822583119,0.010773589512955543,51.05736731847139,0.00579155265396452,20.68146167147174,0.006067929456236116,7.54049659801851,27.946022667854944,113.27143639211785
498.12049999978433,121.58054711246191,1,9.598485993824486,7.119409277535974,0.008815057030367196,5.144229128952763,0.010773589512955543,50.59356179028808,0.00576987497101956,20.450529086367766,0.006028509587170949,7.54049659801851,27.946022667854944,113.27143639211785
498.1304999997841,121.58054711246191,1,9.598485993824486,10.610178451659843,0.008815057030367196,7.519719448215977,0.010773589512955543,50.14452519461968,0.005748665115242337,20.226911926820833,0.005990053643279324,7.54049659801851,27.946022667854944,113.27143639211785
498.14049999978386,121.58054711246191,1,9.598485993824486,17.649950190409584,0.008815057030367196,12.30596590907938,0.010773589512955543,49.70253920110111,0.005727932244318297,20.008404577811856,0.00595246100318853,7.54049659801851,27.946022667854944,113.27143639211785
498.1504999997836,121.58054711246191,1,9.598485993824486,28.013718041763983,0.008815057030367196,19.34994452256555,0.010773589512955543,49.27026764202462,0.0057076674771643745,19.79411147224472,0.005915632956476978,7.54049659801851,27.946022667854944,113.27143639211785
498.1604999997834,121.58054711246191,1,9.598485993824486,41.37699583313526,0.008815057030367196,26.433230505956697,0.010294503917386764,48.85056571315659,0.00568785686341286,22.390194965701745,0.006344246809914124,7.54049659801851,27.946022667854944,113.27143639211785
498.17049999978315,121.58054711246191,1,9.598485993824486,55.57101706021252,0.00854252372713428,31.377467389473342,0.009448159436093374,51.59969285714294,0.0057916731873718375,26.88108027428111,0.007087290353546524,7.54049659801851,27.946022667854944,113.27143639211785
498.1804999997829,121.58054711246191,1,9.598485993824486,63.79399788565078,0.007572195642612518,34.781716715451545,0.008638317293362138,58.54916451157626,0.00610478737538421,30.808793143504676,0.00773963270765737,7.54049659801851,27.946022667854944,113.27143639211785
498.1904999997827,121.58054711246191,1,9.598485993824486,68.89008647403365,0.006624677103348273,37.03841525235187,0.007953054907262799,64.35815384087404,0.0063793214412939045,33.737380156141384,0.008226942408360223,7.54049659801851,27.946022667854944,113.27143639211785
498.20049999978244,121.58054711246191,1,9.598485993824486,72.33345039057792,0.005847992628454363,38.40045156156297,0.0073967289394577885,68.69400115692578,0.006587038304206806,35.73211062513286,0.00855937437646026,7.54049659801851,27.946022667854944,113.27143639211785
498.2104999997822,121.58054711246191,1,9.598485993824486,74.67056696869463,0.005232558163489652,39.093731780841004,0.006952702841688998,71.79814533789425,0.006736707150872414,36.96658397577832,0.008765575674668695,7.54049659801851,27.946022667854944,113.27143639211785
498.22049999978196,121.58054711246191,1,9.598485993824486,76.2035209611027,0.0047496136316128685,39.31118548937539,0.006601822966127825,73.93095052692469,0.006839973281197049,37.611541253582665,0.008873794225864358,7.54049659801851,27.946022667854944,113.27143639211785
498.2304999997817,121.58054711246191,1,9.598485993824486,77.06790412854966,0.0043728512388696225,39.158665523032944,0.006326186647700212,75.28742875251946,0.006906622148498138,37.81380559480561,0.008908478107413173,7.54049659801851,27.946022667854944,113.27143639211785
498.2404999997815,121.58054711246191,1,9.598485993824486,77.40533423990131,0.004081723054776599,38.73774999192007,0.006111253767620692,76.03346036031495,0.006944310700106392,37.68880329458738,0.008888741002993649,7.54049659801851,27.946022667854944,113.27143639211785
498.25049999978125,121.58054711246191,1,9.598485993824486,77.33336059116985,0.0038616279726750207,38.13396160483099,0.0059464636823595126,76.29001048466083,0.006958517192541668,37.31923688148371,0.008828243123367894,7.54049659801851,27.946022667854944,113.27143639211785
498.260499999781,121.58054711246191,1,9.598485993824486,76.8761256473516,0.0037020059076537204,37.37335104671878,0.0058237088087385695,76.12583038543283,0.006953116374992541,36.765697882912384,0.00873712936427417,7.54049659801851,27.946022667854944,113.27143639211785
498.2704999997808,121.58054711246191,1,9.598485993824486,76.08139220317958,0.003596105425260461,36.48963807712507,0.0057374471944066615,75.60037029824888,0.00693073612641028,36.06986435927654,0.008622276205192608,7.54049659801851,27.946022667854944,113.27143639211785
498.28049999978055,121.58054711246191,1,9.598485993824486,74.96695344193672,0.003540925815366923,35.5030567970361,0.005684781566355035,74.74425398309793,0.006892665283773444,35.25494245391558,0.008487471675977026,7.54049659801851,27.946022667854944,113.27143639211785
498.2904999997803,121.58054711246191,0,9.598485993824486,73.40050192985724,0.003532124433948209,34.400931027473895,0.00566484138606066,73.6099157083325,0.006841347550258265,34.32970232938945,0.008334256891733916,7.54049659801851,27.946022667854944,113.27143639211785
498.3004999997801,121.58054711246191,0,9.598485993824486,70.26906666609642,0.003532124433948209,32.88500224833664,0.005664694238955537,72.51162223719788,0.0067905368003378045,33.37366731212891,0.008175859120807183,7.54049659801851,27.946022667854944,113.27143639211785
498.31049999977984,121.58054711246191,0,9.598485993824486,65.20113202663099,0.003532124433948209,30.443374074330467,0.005664694238955537,71.45413930227035,0.006741387895206985,32.497347475511,0.008030573201231838,7.54049659801851,27.946022667854944,113.27143639211785
498.3204999997796,121.58054711246191,0,9.598485993824486,58.18700275211581,0.003532124433948209,27.063594095447577,0.005664694238955537,70.42572648837871,0.006693796462059582,31.69111285157195,0.00789689380546661,7.54049659801851,27.946022667854944,113.27143639211785
498.33049999977936,121.58054711246191,0,9.598485993824486,49.23581008733559,0.003532124433948209,22.75005708640376,0.005664694238955537,69.4291488604081,0.006647677434794947,30.946518581365144,0.007773396465667805,7.54049659801851,27.946022667854944,113.27143639211785
498.3404999997791,121.58054711246191,0,9.598485993824486,38.37413636769988,0.003532124433948209,17.515631960418606,0.005664694238955537,68.46732885212587,0.006602953822423803,30.256431688374967,0.007658852683387887,7.54049659801851,27.946022667854944,113.27143639211785
498.3504999997789,121.58054711246191,0,9.598485993824486,25.774373276627983,0.003532124433948209,11.443392602336067,0.005664694238955537,67.52995407582162,0.006559566290394621,29.613953666148088,0.007552203160725586,7.54049659801851,27.946022667854944,113.27143639211785
498.36049999977865,121.58054711246191,0,9.598485993824486,11.56312362629644,0.003532124433948209,4.594348728535963,0.005664694238955537,66.62019583398727,0.0065174565694161805,29.013707703058376,0.007452532557458551,7.54049659801851,27.946022667854944,113.27143639211785
498.3704999997784,121.58054711246191,0,0.0,1.10658180372775,0.0038795483830407237,0.13605332342384813,0.0064197757445787216,65.74109210773486,0.006476570972250368,28.450978260684554,0.007359049529960559,7.54049659801851,27.946022667854944,113.27143639211785
498.3804999997782,121.58054711246191,0,0.0,1.757518339881535,0.004444088545728854,0.9239923038465632,0.0071286609222719925,64.88365196752153,0.006436855568204812,27.922006296385828,0.007271070019228,7.54049659801851,27.946022667854944,113.27143639211785
498.39049999977794,121.58054711246191,0,0.0,2.2106454686506773,0.004834712712933054,1.3376508721939335,0.007499901263697699,64.05131635497601,0.0063982518902256265,27.423808255342834,0.007187999080972167,7.54049659801851,27.946022667854944,113.27143639211785
498.4004999997777,121.58054711246191,0,0.0,2.535136131682955,0.005112618417499957,1.5937534302571912,0.007728698482032433,63.247072005216836,0.006360718716488173,26.953120814237625,0.007109314241268877,7.54049659801851,27.946022667854944,113.27143639211785
498.41049999977747,121.58054711246191,0,0.0,2.7761760388690426,0.0053172606298743895,1.7796752749422886,0.007893596609980555,62.4615289356124,0.00632422619573202,26.50635529705456,0.007034554457544157,7.54049659801851,27.946022667854944,113.27143639211785
498.42049999977723,121.58054711246191,0,0.0,2.9623603602847712,0.005474102069509563,1.9305711560083987,0.00802667820318605,61.69780814257351,0.006288739937650492,26.080943876215606,0.0069633121161477764,7.54049659801851,27.946022667854944,113.27143639211785
498.430499999777,121.58054711246191,0,0.0,3.1121748951971226,0.005599584494044096,2.061118025240574,0.008141438100228682,60.95908789423114,0.006254223282889993,25.674839791600444,0.0068952283531165705,7.54049659801851,27.946022667854944,113.27143639211785
498.44049999977676,121.58054711246191,0,0.0,3.2382545740884416,0.0057043239675201455,2.178291003706312,0.008243868527135953,60.23658757699544,0.006220647840678048,25.28564139314352,0.00682998897226581,7.54049659801851,27.946022667854944,113.27143639211785
498.4504999997765,121.58054711246191,0,0.0,3.3481071061426944,0.005795186044706738,2.284989528139297,0.008336888209659249,59.533526115588835,0.006187980886831981,24.911783661783726,0.00676731873812538,7.54049659801851,27.946022667854944,113.27143639211785
498.4604999997763,121.58054711246191,0,0.0,3.446605717420673,0.005876618069181528,2.3828265754881413,0.008422129939677947,58.85312817934317,0.006156188220400122,24.55206258561469,0.006706977328495565,7.54049659801851,27.946022667854944,113.27143639211785
498.47049999977605,121.58054711246191,0,0.0,3.5376401274998224,0.005951500884978811,2.473421722365766,0.00850065546047641,58.18702931118507,0.006125243962857084,24.204810934422568,0.006648755715992209,7.54049659801851,27.946022667854944,113.27143639211785
498.4804999997758,121.58054711246191,0,0.0,3.6230223656461304,0.006021707717162228,2.557340178917054,0.008573248117759688,57.538417658025786,0.006095118292032203,23.86906399299964,0.006592471301319614,7.54049659801851,27.946022667854944,113.27143639211785
498.4904999997756,121.58054711246191,0,0.0,3.703938957443174,0.0060884629282868166,2.635109237128837,0.008640546758766314,56.910478386080136,0.006065780249364039,23.544124205757594,0.006537964842466866,7.54049659801851,27.946022667854944,113.27143639211785
498.50049999977534,121.58054711246191,0,0.0,3.7819293455691554,0.006152566508774493,2.707819698670275,0.00870309661555799,56.29518809232673,0.0060372068399011415,23.228779887286624,0.0064850978887307665,7.54049659801851,27.946022667854944,113.27143639211785
498.5104999997751,121.58054711246191,0,0.0,3.8572542456527357,0.006214546583775136,2.775691212240053,0.008761370706921562,55.695672557006574,0.006009371206714707,22.922436904342895,0.006433749105172203,7.54049659801851,27.946022667854944,113.27143639211785
498.52049999977487,121.58054711246191,0,0.49243914718999693,4.0035367679804175,0.006354004328502324,2.9433523811423643,0.00893335421101722,55.11529026096293,0.005982241512095523,22.625020792616656,0.0063838122867566505,7.54049659801851,27.946022667854944,113.27143639211785
498.53049999977463,121.58054711246191,0,1.417977531450836,4.576808422202214,0.006876609694490163,3.588966210321692,0.009547269652199658,54.54561404942165,0.00595581084867208,22.334641001239614,0.006335195297568414,7.54049659801851,27.946022667854944,113.27143639211785
498.5404999997744,121.58054711246191,0,2.375737455040707,5.323166495824278,0.007540018034583135,4.239758514192355,0.010148074073523215,53.989806085311294,0.005930062825023961,22.050894216596355,0.0062878254904078276,7.54049659801851,27.946022667854944,113.27143639211785
498.55049999977416,121.58054711246191,0,3.356987185032905,5.986870600023638,0.008122719306146534,4.6715707724949285,0.010541345141866856,53.45121310874466,0.005904966419545901,21.774191535772857,0.006241662640297178,7.54049659801851,27.946022667854944,113.27143639211785
498.5604999997739,121.58054711246191,0,4.352308040089275,6.458016411856065,0.008531602571745251,4.894641948866165,0.01074105354436956,52.92252012691707,0.005880499562830185,21.504299595518425,0.006196692733125524,7.54049659801851,27.946022667854944,113.27143639211785
498.5704999997737,121.58054711246191,0,5.35186448043505,6.727110785845975,0.008761400712446864,4.963195524197986,0.010798037921721437,52.406792532871656,0.0058566378859458085,21.241445606680358,0.006152910733050965,7.54049659801851,27.946022667854944,113.27143639211785
498.58049999977345,121.58054711246191,0,6.345694712155474,6.820314522993913,0.008835949753096352,4.964692226112433,0.010798057182716798,51.907065456126126,0.005833356607395103,20.9859087804738,0.006110309195335197,7.54049659801851,27.946022667854944,113.27143639211785
498.5904999997732,121.58054711246191,1,7.324007543012437,6.823030185544101,0.008835974688004613,4.966868706177926,0.010798057182716798,51.41614625775657,0.005810638636560558,20.737241655743784,0.006068870398281877,7.54049659801851,27.946022667854944,113.27143639211785
498.600499999773,121.58054711246191,1,8.277470795047122,6.82669391348281,0.008835974688004613,4.970434184366667,0.010798057182716798,50.93710079764968,0.005788461145036658,20.495579176714802,0.00602856200747099,7.54049659801851,27.946022667854944,113.27143639211785
498.61049999977274,121.58054711246191,1,9.19747716230754,6.8325739749824965,0.008835974688004613,4.976314245866353,0.010798057182716798,50.47332461435855,0.005766790155120425,20.261615033618934,0.005989336364465213,7.54049659801851,27.946022667854944,113.27143639211785
498.6204999997725,119.8801198801198,1,9.598485993824486,7.134293702566996,0.008835974688004613,5.184476350532039,0.010798057182716798,50.01835438122778,0.005745598816644754,20.03534793810036,0.0059511289194347,7.54049659801851,27.946022667854944,113.27143639211785
498.63049999977227,119.8801198801198,1,9.598485993824486,10.412936860573586,0.008835974688004613,7.417270658623849,0.010798057182716798,49.57462754894011,0.0057248670133978686,19.816062446291703,0.005913855468424508,7.54049659801851,27.946022667854944,113.27143639211785
498.64049999977203,119.8801198801198,1,9.598485993824486,17.221904712189197,0.008835974688004613,12.050462416612023,0.010798057182716798,49.14426175050311,0.005704597519442542,19.60216357551276,0.005877417471349591,7.54049659801851,27.946022667854944,113.27143639211785
498.6504999997718,119.8801198801198,1,9.598485993824486,27.343925342512748,0.008835974688004613,18.93630260185565,0.010798057182716798,48.72036928706887,0.0056847856620090564,19.39235247046501,0.005841717988241381,7.54049659801851,27.946022667854944,113.27143639211785
498.66049999977156,119.8801198801198,1,9.598485993824486,40.39901791169134,0.008835974688004613,25.882022952837808,0.010327170516482746,48.26293195058963,0.005666239370822476,21.88498396995361,0.006263530992386978,7.54049659801851,27.946022667854944,113.27143639211785
498.6704999997713,119.8801198801198,1,9.598485993824486,54.54231086675172,0.008590687642477638,30.797584383424002,0.009485296851545427,50.7262562417556,0.0057606419889485476,26.302466397045443,0.00700398405438794,7.54049659801851,27.946022667854944,113.27143639211785
498.6804999997711,119.8801198801198,1,9.598485993824486,62.87716576059077,0.007631308078065528,34.19508575477561,0.00867391631969155,57.62126167794515,0.006073351541593989,30.19396324420526,0.007659671703113522,7.54049659801851,27.946022667854944,113.27143639211785
498.69049999977085,119.8801198801198,1,9.598485993824486,68.00813644941506,0.006678375004178185,36.42944181531797,0.007983546795968912,63.4457977668787,0.006351724187213633,33.10546826165483,0.008153489073479915,7.54049659801851,27.946022667854944,113.27143639211785
498.7004999997706,119.8801198801198,1,9.598485993824486,71.5015415439244,0.005893590904107474,37.78574249492511,0.007421575348605352,67.81760370413434,0.006563827800572839,35.0845236912141,0.008492499581644868,7.54049659801851,27.946022667854944,113.27143639211785
498.7104999997704,119.8801198801198,1,9.598485993824486,73.86743817213235,0.00527066189532977,38.462568719179416,0.00697241588386847,70.94599228540329,0.006717455033527407,36.29811637973299,0.00870432903557558,7.54049659801851,27.946022667854944,113.27143639211785
498.72049999977014,119.8801198801198,1,9.598485993824486,75.39123235362588,0.004780610756925335,38.638959652301494,0.006616436198821155,73.0928944204999,0.006824397061877776,36.92036972395394,0.008817784169468353,7.54049659801851,27.946022667854944,113.27143639211785
498.7304999997699,119.8801198801198,1,9.598485993824486,76.28304499448996,0.004397716903497121,38.464557114064874,0.006336432242832843,74.47121633822962,0.006894432827262408,37.09527216416908,0.008856711634784211,7.54049659801851,27.946022667854944,113.27143639211785
498.74049999976967,119.8801198801198,1,9.598485993824486,76.63497391125851,0.004101394343058067,38.01531332732245,0.006117842218441595,75.22803789877153,0.006935121945814824,36.93808977687981,0.008840302499699207,7.54049659801851,27.946022667854944,113.27143639211785
498.75049999976943,119.8801198801198,1,9.598485993824486,76.55145919568923,0.0038762854669349787,37.36584553904851,0.005949396467199883,75.48810324844234,0.006952190143894902,36.53609723268877,0.008782974497181293,7.54049659801851,27.946022667854944,113.27143639211785
498.7604999997692,119.8801198801198,1,9.598485993824486,76.11486650024271,0.003711947430072619,36.57716125099281,0.0058232461111186115,75.33934339299354,0.006949595283416313,35.949300769063996,0.00869465657316915,7.54049659801851,27.946022667854944,113.27143639211785
498.77049999976896,119.8801198801198,1,9.598485993824486,75.33333333423955,0.00360140572664823,35.663103076931954,0.005733699263093618,74.82471313824725,0.006929956476751112,35.2197180425267,0.008582382523900327,7.54049659801851,27.946022667854944,113.27143639211785
498.7804999997687,119.8801198801198,1,9.598485993824486,74.23090346086764,0.0035411553834407677,34.64260812732799,0.0056773647139157155,73.97910077586717,0.006894752945866043,34.37358031642955,0.008450433973393559,7.54049659801851,27.946022667854944,113.27143639211785
498.7904999997685,119.8801198801198,0,9.598485993824486,72.74548091789747,0.00352879001772013,33.517801097225316,0.005653303011230499,72.84536595902102,0.006845507635836604,33.420634722080294,0.008300404196981468,7.54049659801851,27.946022667854944,113.27143639211785
498.80049999976825,119.8801198801198,0,9.598485993824486,69.83031266690031,0.00352879001772013,32.069798978953855,0.005652432153563157,71.72686438372904,0.006795805941921448,32.41715603583107,0.00814177012328385,7.54049659801851,27.946022667854944,113.27143639211785
498.810499999768,119.8801198801198,0,9.598485993824486,65.02104045202921,0.00352879001772013,29.74373283549326,0.005652432153563157,70.64632681133347,0.006747800275311004,31.4908412416767,0.0079956963824037,7.54049659801851,27.946022667854944,113.27143639211785
498.8204999997678,119.8801198801198,0,9.598485993824486,58.26627686936071,0.00352879001772013,26.486132014961555,0.005652432153563157,69.60509109633944,0.006701365184240768,30.636788045914805,0.007861378459951057,7.54049659801851,27.946022667854944,113.27143639211785
498.83049999976754,119.8801198801198,0,9.598485993824486,49.60189187984218,0.00352879001772013,22.314224251070492,0.005652432153563157,68.59238483400742,0.00665641517421179,29.845914360547802,0.007737370876502539,7.54049659801851,27.946022667854944,113.27143639211785
498.8404999997673,119.8801198801198,0,9.598485993824486,39.07247309786145,0.00352879001772013,17.24945782888381,0.005652432153563157,67.61111951609821,0.006612870151659445,29.11103025545643,0.007622426935223369,7.54049659801851,27.946022667854944,113.27143639211785
498.85049999976707,119.8801198801198,0,9.598485993824486,26.740931469883165,0.00352879001772013,11.321825427868994,0.005652432153563157,66.66398904085639,0.006570665710695302,28.425542885020423,0.007515470828860343,7.54049659801851,27.946022667854944,113.27143639211785
498.86049999976683,119.8801198801198,0,9.598485993824486,12.82003945554058,0.00352879001772013,4.63332647915815,0.005652432153563157,65.74116360602315,0.006529743940455539,27.783546205719908,0.007415574383352707,7.54049659801851,27.946022667854944,113.27143639211785
498.8704999997666,119.8801198801198,0,0.0,-0.05587243853751689,0.0037650241763846396,-1.0458995706360619,0.006289398012747716,64.84564798731594,0.0064900484594069534,27.180280945953122,0.00732193496628116,7.54049659801851,27.946022667854944,113.27143639211785
498.88049999976636,119.8801198801198,0,0.0,0.5942394478021495,0.00436174294180392,-0.16153602138318002,0.007118749609522279,63.981071495041654,0.0064515238979411995,26.612300598749172,0.007233858091144307,7.54049659801851,27.946022667854944,113.27143639211785
498.8904999997661,119.8801198801198,0,0.0,1.0345236622348795,0.004772691507850096,0.27781943312838564,0.0075460577761584475,63.13876776553419,0.006414099998911438,26.076845620185168,0.007150741568196209,7.54049659801851,27.946022667854944,113.27143639211785
498.9004999997659,119.8801198801198,0,0.0,1.3391806539011704,0.005063369772056197,0.5324124921731892,0.0078051376640250044,62.3216261951858,0.006377733071949085,25.570575142540143,0.0070720570188106,7.54049659801851,27.946022667854944,113.27143639211785
498.91049999976565,119.8801198801198,0,0.0,1.5552955351590327,0.005275988716541466,0.7056007135566817,0.00798976616579406,61.5321657124859,0.006342394456790019,25.08991569186849,0.006997337581899989,7.54049659801851,27.946022667854944,113.27143639211785
498.9204999997654,119.8801198801198,0,0.0,1.7143351735789123,0.005437751420111918,0.8400249852129287,0.008138056793560042,60.76135777894878,0.006308052540600661,24.631761238084437,0.006926171332639669,7.54049659801851,27.946022667854944,113.27143639211785
498.9304999997652,119.8801198801198,0,0.0,1.8361181124159165,0.005566207432378514,0.9530828018987396,0.008265906841596279,60.01235023224104,0.006274669052544111,24.194036567643494,0.006858195006562531,7.54049659801851,27.946022667854944,113.27143639211785
498.94049999976494,119.8801198801198,0,0.0,1.932796840149058,0.005672686684013807,1.051691181619423,0.008380287841938061,59.28792001575682,0.006242216749615542,23.774417875588693,0.0067930897212858075,7.54049659801851,27.946022667854944,113.27143639211785
498.9504999997647,119.8801198801198,0,0.0,2.0134681445114926,0.005764503583056163,1.1401236509085177,0.008484532509144941,58.57965685673184,0.006210663897212431,23.37096748180124,0.006730576990806687,7.54049659801851,27.946022667854944,113.27143639211785
498.96049999976447,119.8801198801198,0,0.0,2.0834644003034586,0.005846389462230746,1.2203051690378248,0.008580451343374098,57.890824888026884,0.006179973082490598,22.982563947342562,0.006670413238779805,7.54049659801851,27.946022667854944,113.27143639211785
498.97049999976423,119.8801198801198,0,0.0,2.1455379696284034,0.0059214116868956035,1.2927622388191118,0.00866919702930396,57.224229173246066,0.0061501200045658835,22.607615076211097,0.00661238599388397,7.54049659801851,27.946022667854944,113.27143639211785
498.980499999764,119.8801198801198,0,0.0,2.202798831370081,0.005991558998739639,1.3591355106776621,0.008751609936316993,56.5718663518671,0.006121075063940436,22.244865211912426,0.00655631055167666,7.54049659801851,27.946022667854944,113.27143639211785
498.99049999976376,119.8801198801198,0,0.0,2.2566806277731155,0.006058127159100466,1.4201362894704914,0.00882835966681284,55.93698722507474,0.006092803357257318,21.893747696470516,0.006502025497462524,7.54049659801851,27.946022667854944,113.27143639211785
499.0004999997635,119.8801198801198,0,0.0,2.3073619153149636,0.006121966380313773,1.4756258353514822,0.00890001806182422,55.32234259604834,0.006065284426798875,21.55308315739816,0.006449389971884196,7.54049659801851,27.946022667854944,113.27143639211785
499.0104999997633,119.8801198801198,0,0.0,2.35635651028759,0.006183634325902626,1.5269263742249102,0.008967086078697043,54.720262519765704,0.006038491306380341,21.222034667027966,0.006398281408117134,7.52572541530608,28.981364041545913,111.4866814317032
499.02049999976305,119.8801198801198,0,0.0,2.4040520723103724,0.006243501719065163,1.5745154594963142,0.009030003086249457,54.1339580580657,0.006012391635699258,20.900385073768785,0.006348592206834288,7.52572541530608,28.981364041545913,111.4866814317032
499.0304999997628,119.8801198801198,0,0.81220201606152,2.65704079959827,0.006507224482307224,1.909594656582732,0.009391044464483814,53.566450988789285,0.005986960188646049,20.587719710306366,0.006300228030207926,7.52572541530608,28.981364041545913,111.4866814317032
499.0404999997626,119.8801198801198,0,1.7499579332561088,3.301310060501633,0.007109095651993386,2.6197667438285173,0.010079176245951357,53.008758653718054,0.005962210581453529,20.281071003563397,0.006253108286421503,7.52572541530608,28.981364041545913,111.4866814317032
499.05049999976234,119.8801198801198,0,2.716973068269756,4.013260459126524,0.0077593831615432275,3.2090912784642946,0.010641869083592782,52.46469881961458,0.005938109904443998,19.981215482981835,0.006207176113861653,7.52572541530608,28.981364041545913,111.4866814317032
499.0604999997621,119.8801198801198,0,3.704246371655628,4.589713731689215,0.008284246265316672,3.556887357536292,0.01097908565783034,51.937309435297536,0.0059146338569798325,19.688258323617127,0.006162406449620286,7.52572541530608,28.981364041545913,111.4866814317032
499.07049999976186,119.8801198801198,0,4.7021811993437215,4.962856461064639,0.008626912820529008,3.7061026768942376,0.011132390258523337,51.41968131057405,0.005891754235357701,19.402425328191182,0.0061187935331751715,7.52572541530608,28.981364041545913,111.4866814317032
499.0804999997616,119.8801198801198,0,5.700864136481049,5.142984784559421,0.008798254537003312,3.715407929851498,0.01115735810569779,50.91509784041995,0.005869438365682224,19.124435113208214,0.006076335423523621,7.52572541530608,28.981364041545913,111.4866814317032
499.0904999997614,119.8801198801198,1,6.690359455660843,5.162059229735023,0.00882936898229979,3.6939499239935363,0.01115735810569779,50.42611157801814,0.0058476733595682825,18.853873652309773,0.006035024435070691,7.52572541530608,28.981364041545913,111.4866814317032
499.10049999976115,119.8801198801198,1,7.661004680605171,5.142382917776882,0.00882936898229979,3.6741976386471062,0.01115735810569779,49.94581391046894,0.005826438302733974,18.590531863609,0.005994840737129794,7.52572541530608,28.981364041545913,111.4866814317032
499.1104999997609,119.8801198801198,1,8.603692649942937,5.126337937003967,0.00882936898229979,3.658077022241313,0.01115735810569779,49.47817779072284,0.005805689488610892,18.33593016993016,0.005955749193626885,7.52572541530608,28.981364041545913,111.4866814317032
499.1204999997607,119.8801198801198,1,9.510126406385815,5.114293131268815,0.00882936898229979,3.6460322165061614,0.01115735810569779,49.02629931914027,0.005785396243012474,18.090422609195073,0.005917698440963031,7.52572541530608,28.981364041545913,111.4866814317032
499.13049999976045,118.46001974333672,1,9.598485993824486,6.123184250263317,0.00882936898229979,4.367201844796322,0.01115735810569779,48.58474763756139,0.005765508773616093,17.855390516181725,0.005880618973718221,7.52572541530608,28.981364041545913,111.4866814317032
499.1404999997602,118.46001974333672,1,9.598485993824486,10.59208940704088,0.00882936898229979,7.568046115521249,0.01115735810569779,48.154496263729335,0.005746027507295414,17.628294310579943,0.005844421703733095,7.52572541530608,28.981364041545913,111.4866814317032
499.15049999976,118.46001974333672,1,9.598485993824486,18.493794910406958,0.00882936898229979,13.228293204439296,0.01115735810569779,47.73687865968185,0.005726981482898387,17.406197171768536,0.005809007855910682,7.52572541530608,28.981364041545913,111.4866814317032
499.16049999975974,118.46001974333672,1,9.598485993824486,29.576662616341906,0.00882936898229979,20.75277885587412,0.011013629337147127,47.32523726360738,0.0057083649580017305,18.042376117627363,0.005915824107287153,7.52572541530608,28.981364041545913,111.4866814317032
499.1704999997595,118.46001974333672,1,9.598485993824486,43.4888814821661,0.00882936898229979,26.86566915241191,0.010244846814506981,46.9224369088097,0.005690159940183224,22.230623634858183,0.00661115577680757,7.52572541530608,28.981364041545913,111.4866814317032
499.18049999975926,118.46001974333672,1,9.598485993824486,56.251106657077166,0.008334470243005605,31.293878073291722,0.009356694628377911,51.53861931674821,0.005877014834763159,26.76750692468229,0.007366492519796531,7.52572541530608,28.981364041545913,111.4866814317032
499.190499999759,118.46001974333672,1,9.598485993824486,63.334771709429646,0.007340267601849041,34.330272125719375,0.008557708060995692,58.23491344432285,0.006187709156248665,30.433247465612062,0.00798168220903877,7.52572541530608,28.981364041545913,111.4866814317032
499.2004999997588,118.46001974333672,1,9.598485993824486,67.87476338353275,0.006438242271915614,36.283096951402946,0.007891326756214399,63.602972398583134,0.006445351308253397,33.081681611640306,0.008428348051175297,7.52572541530608,28.981364041545913,111.4866814317032
499.21049999975855,118.46001974333672,1,9.598485993824486,71.00677514843146,0.005707493060996201,37.420013842164906,0.007352918118906181,67.58000391906667,0.0066381272072140556,34.83036627936413,0.008725211589604159,7.52572541530608,28.981364041545913,111.4866814317032
499.2204999997583,118.46001974333672,1,9.598485993824486,73.11981074198964,0.005129086990654798,37.93086113772403,0.0069239227208865,70.40431864883855,0.006776303530716543,35.859306794601,0.008902099399743776,7.52572541530608,28.981364041545913,111.4866814317032
499.2304999997581,118.46001974333672,1,9.598485993824486,74.45889837599299,0.004674345864974356,37.983232347600854,0.006584448768005684,72.32226530391033,0.006871160824438884,36.33937083963637,0.008987309985955986,7.52572541530608,28.981364041545913,111.4866814317032
499.24049999975784,118.46001974333672,1,9.598485993824486,75.2090750592159,0.004319436913932037,37.71396044909525,0.006317770480475996,73.52822911247908,0.0069317252006540625,36.406517493025326,0.009003563626164654,7.52572541530608,28.981364041545913,111.4866814317032
499.2504999997576,118.46001974333672,1,9.598485993824486,75.45477377196684,0.004045681378471257,37.194126040004505,0.006110085760397599,74.15509965217002,0.006964870332263302,36.16840875994792,0.008968781531659307,7.52572541530608,28.981364041545913,111.4866814317032
499.26049999975737,118.46001974333672,1,9.598485993824486,75.28892081480099,0.0038393229596603564,36.49164370468803,0.005950853930796577,74.31510824350758,0.006975738847960249,35.70573419147202,0.008896261987792153,7.52572541530608,28.981364041545913,111.4866814317032
499.27049999975713,118.46001974333672,1,9.598485993824486,74.78071372129554,0.0036911413707033476,35.65942830129744,0.005832804501709679,74.08569548131727,0.006967861351057166,35.072312893857514,0.00879506572577321,7.52572541530608,28.981364041545913,111.4866814317032
499.2804999997569,118.46001974333672,1,9.598485993824486,73.97678829506863,0.0035951437780684698,34.75244655730661,0.005750828493477672,73.5439322912596,0.006943031301799603,34.354371166645635,0.00867143770732884,7.52572541530608,28.981364041545913,111.4866814317032
499.29049999975666,118.46001974333672,1,9.598485993824486,72.8925588831386,0.0035480593399707977,33.80837979763809,0.005702108716652263,72.71313488470265,0.0069018411501518846,33.585637132033334,0.00852894752021226,7.52572541530608,28.981364041545913,111.4866814317032
499.3004999997564,118.46001974333672,0,9.598485993824486,71.25915367304076,0.003543229609820412,32.74855582427298,0.005686291531580006,71.64956223395994,0.006849136456279714,32.70315350042345,0.008368526957659505,7.52572541530608,28.981364041545913,111.4866814317032
499.3104999997562,118.46001974333672,0,9.598485993824486,67.944634676871,0.003543229609820412,31.17890028027631,0.005686291531580006,70.62657651267783,0.006797898171212087,31.810266937045473,0.008207327853729306,7.52572541530608,28.981364041545913,111.4866814317032
499.32049999975595,118.46001974333672,0,9.598485993824486,62.72226857295895,0.003543229609820412,28.678694566611437,0.005686291531580006,69.63392342647653,0.006748304676132183,30.993855787671244,0.008059610000300355,7.52572541530608,28.981364041545913,111.4866814317032
499.3304999997557,118.46001974333672,0,9.598485993824486,55.55524682604077,0.003543229609820412,25.23046987471499,0.005686291531580006,68.67445780414332,0.006700249437301369,30.244760836727355,0.007923694524216991,7.52572541530608,28.981364041545913,111.4866814317032
499.3404999997555,118.46001974333672,0,9.598485993824486,46.489519234138356,0.003543229609820412,20.856798702590357,0.005686291531580006,67.73818525838966,0.006653653358478573,29.554252857413527,0.0077981357623675696,7.52572541530608,28.981364041545913,111.4866814317032
499.35049999975524,118.46001974333672,0,9.598485993824486,35.58225327959941,0.003543229609820412,15.585651158176042,0.005686291531580006,66.82816399482253,0.006608443402876922,28.91528349754418,0.007681686647041091,7.52572541530608,28.981364041545913,111.4866814317032
499.360499999755,118.46001974333672,0,9.598485993824486,22.91269289406189,0.003543229609820412,9.455808627345412,0.005686291531580006,65.94764534429383,0.006564553148458906,28.321997229177285,0.007573270850276743,7.52572541530608,28.981364041545913,111.4866814317032
499.37049999975477,118.46001974333672,0,9.598485993824486,8.696229346492144,0.003543229609820412,2.578872069727804,0.0056931222791397045,65.08730954281275,0.00652193158774056,27.768547800536204,0.007471959531394675,7.52572541530608,28.981364041545913,111.4866814317032
499.38049999975453,118.46001974333672,0,0.0,-0.09184424826571425,0.003951962462175506,-0.909559479236477,0.006643874121531207,64.2499692948393,0.006480533547728635,27.249890255180397,0.007376949290133536,7.52572541530608,28.981364041545913,111.4866814317032
499.3904999997543,118.46001974333672,0,0.0,0.5833029901350755,0.0044904448045445956,-0.06545629172311518,0.007354306126983094,63.4406232864182,0.006440279157429797,26.764599310669368,0.00728754467940422,7.52572541530608,28.981364041545913,111.4866814317032
499.40049999975406,118.46001974333672,0,0.0,1.0686084659879969,0.004863563190539423,0.4042439563947533,0.00772921339894821,62.650421898094294,0.006401112504983636,26.309130652192678,0.007203141532227831,7.52572541530608,28.981364041545913,111.4866814317032
499.4104999997538,118.46001974333672,0,0.0,1.4296719232508495,0.005129657218175857,0.714434794842663,0.007961942974504258,61.88183685822717,0.006363004825743988,25.879537324062213,0.0071232085689679845,7.52572541530608,28.981364041545913,111.4866814317032
499.4204999997536,118.46001974333672,0,0.0,1.7089354351072967,0.005326298273523462,0.9512638794407837,0.008130198274557372,61.137732152334685,0.0063259244396056645,25.47279313330038,0.00704727634610504,7.52572541530608,28.981364041545913,111.4866814317032
499.43049999975335,118.46001974333672,0,0.0,1.934229296069335,0.005477682473096513,1.150111755437567,0.008265739707441275,60.409362704078156,0.006289848457576095,25.085556544265806,0.00697493112070873,7.52572541530608,28.981364041545913,111.4866814317032
499.4404999997531,118.46001974333672,0,0.0,2.1229374880696406,0.005599408541006849,1.3253970860622153,0.008381986129987149,59.699653837233186,0.00625474682011677,24.715504513352155,0.0069058084934890355,7.52572541530608,28.981364041545913,111.4866814317032
499.4504999997529,118.46001974333672,0,0.0,2.2866489680304056,0.005701540300128649,1.4838647241818217,0.00848497428876588,59.01187889972724,0.006220583229806485,24.361161909570157,0.006839588899054569,7.52572541530608,28.981364041545913,111.4866814317032
499.46049999975264,118.46001974333672,0,0.0,2.433330906880558,0.0057905702826463535,1.6292425992960515,0.008577713963185447,58.33792665216363,0.006187332722260845,24.020412844019653,0.006775993405748564,7.52572541530608,28.981364041545913,111.4866814317032
499.4704999997524,118.46001974333672,0,0.0,2.567469659032093,0.0058706955711595255,1.7631165991271267,0.008661933211662797,57.680805876076306,0.006154965395313288,23.69187921969711,0.006714778102700552,7.52572541530608,28.981364041545913,111.4866814317032
499.48049999975217,118.46001974333672,0,0.0,2.692355288796575,0.005944635850958573,1.8869496405070514,0.008738793623815163,57.043828257852184,0.006123445782817129,23.374882052471726,0.006655730201098473,7.52572541530608,28.981364041545913,111.4866814317032
499.49049999975193,118.46001974333672,0,0.0,2.8105782313001613,0.0060141533021824505,2.0021716647879164,0.008809175402495161,56.41923959133576,0.006092751178813703,23.067926471936826,0.006598664633698816,7.52572541530608,28.981364041545913,111.4866814317032
499.5004999997517,118.46001974333672,0,0.0,2.923100847380509,0.006080395642689053,2.109238886540107,0.00887379658719412,55.809976961296165,0.006062854547793899,22.77012592478964,0.00654341956861031,7.52572541530608,28.981364041545913,111.4866814317032
499.51049999975146,118.46001974333672,0,0.0,3.0309594803363424,0.006144116008059339,2.2090304367461746,0.008933276740405682,55.21929781490037,0.006033722846455083,22.481249609971307,0.006489853662086396,7.52572541530608,28.981364041545913,111.4866814317032
499.5204999997512,118.46001974333672,0,0.0,3.1352724507519794,0.006205808102866648,2.3025972316712107,0.008988159479628935,54.6397374122824,0.00600533630534193,22.20016123488259,0.006437843786637009,7.52572541530608,28.981364041545913,111.4866814317032
499.530499999751,118.46001974333672,0,0.0,3.236013408304766,0.006265800259359282,2.3900901009660833,0.00903892229898073,54.07413891440709,0.005977670950303374,21.926260327602627,0.00638728172773167,7.52572541530608,28.981364041545913,111.4866814317032
499.54049999975075,118.46001974333672,0,0.674579314250563,3.4768837249513784,0.006469699010515383,2.677886481174244,0.00930403488580371,53.52602232352142,0.0059506891174164024,21.660068377011513,0.006338072473897383,7.52572541530608,28.981364041545913,111.4866814317032
499.5504999997505,118.46001974333672,0,1.6072192901205773,4.136563272176557,0.007041802103772318,3.412579662508504,0.00997065408950236,52.9869887160877,0.005924400190353003,21.398934164169596,0.00629013399108997,7.52572541530608,28.981364041545913,111.4866814317032
499.5604999997503,118.46001974333672,0,2.570401351053232,4.905914483641688,0.007700341662985493,4.0754601389525025,0.010556786273168152,52.46014409379001,0.005898786520128323,21.142747606380176,0.006243405547289013,7.52572541530608,28.981364041545913,111.4866814317032
499.57049999975004,118.46001974333672,0,3.5552361998170796,5.559747077582061,0.008251307994518214,4.4999877861806095,0.010920499890019432,51.94904013545265,0.005873809585276622,20.892591607815064,0.006197858470117137,7.52572541530608,28.981364041545913,111.4866814317032
499.5804999997498,118.46001974333672,0,4.552199322964894,6.012099748108092,0.008622733116251247,4.716284989736579,0.011092891521538317,51.44688134146443,0.0058494494672249086,20.64825902129228,0.006153485903641081,7.52572541530608,28.981364041545913,111.4866814317032
499.59049999974957,118.46001974333672,0,5.5514062703830245,6.264813455407495,0.008818885898751357,4.78112260027116,0.011127780807403849,50.95645089887809,0.005825683763022611,20.40992505517928,0.0061102864784205475,7.52572541530608,28.981364041545913,111.4866814317032
499.60049999974933,118.46001974333672,1,6.542905679310919,6.346445935954276,0.008866015088503452,4.802807784124198,0.011127780807403849,50.48084467584061,0.0058024833752352125,20.178265412427557,0.0060682541987794065,7.52572541530608,28.981364041545913,111.4866814317032
499.6104999997491,118.46001974333672,1,7.516975612988799,6.368428099890467,0.008866015088503452,4.8247129160948905,0.011127780807403849,50.01329478232272,0.005779834431922005,19.952705874639157,0.006027371391461759,7.52572541530608,28.981364041545913,111.4866814317032
499.62049999974886,118.46001974333672,1,8.464408554977876,6.391266827089261,0.008866015088503452,4.847474962726676,0.011127780807403849,49.55669893489484,0.0057577152388891915,19.733420155020923,0.00598760502929252,7.52572541530608,28.981364041545913,111.4866814317032
499.6304999997486,118.46001974333672,1,9.376771182917146,6.4166123121491205,0.008866015088503452,4.872820447786536,0.011127780807403849,49.114754878800376,0.005736079884914476,19.52188458920471,0.005948905895250531,7.52572541530608,28.981364041545913,111.4866814317032
499.6404999997484,117.30205278592396,1,9.598485993824486,7.092977387784188,0.008866015088503452,5.3616692064682905,0.011127780807403849,48.681713181754134,0.005714897093888574,19.318409086182754,0.005911206768343481,7.52572541530608,28.981364041545913,111.4866814317032
499.65049999974815,117.30205278592396,1,9.598485993824486,11.049716200963923,0.008866015088503452,8.180626024092433,0.011127780807403849,48.25889251453361,0.005694162812095074,19.121062379776625,0.005874420340882832,7.52572541530608,28.981364041545913,111.4866814317032
499.6604999997479,117.30205278592396,1,9.598485993824486,18.453070775185516,0.008866015088503452,13.447369384140806,0.011127780807403849,47.84832106314633,0.005673882300121815,18.92831924614122,0.005838447239246291,7.52572541530608,28.981364041545913,111.4866814317032
499.6704999997477,117.30205278592396,1,9.598485993824486,29.07139717744449,0.008866015088503452,20.865775197416983,0.011071067450482202,47.44348497433346,0.005654056240177062,19.077555392011767,0.005859342131384144,7.52572541530608,28.981364041545913,111.4866814317032
499.68049999974744,117.30205278592396,1,9.598485993824486,42.56973919025962,0.008866015088503452,27.33174209186186,0.010385708885691826,47.04674744952964,0.005634675622258535,22.852402515013083,0.0064812755090806196,7.52572541530608,28.981364041545913,111.4866814317032
499.6904999997472,117.30205278592396,1,9.598485993824486,55.651177349362754,0.008438660479551998,32.038722265914835,0.009501890056168402,51.11389533156966,0.0057959753448640055,27.465500085063947,0.007243467758616621,7.52572541530608,28.981364041545913,111.4866814317032
499.70049999974697,117.30205278592396,1,9.598485993824486,63.094608159740694,0.007445230401286205,35.32011180933784,0.008686639079781646,57.91426447625038,0.006108372386904233,31.325912540789854,0.007884030611446297,7.52572541530608,28.981364041545913,111.4866814317032
499.71049999974673,117.30205278592396,1,9.598485993824486,67.85395687188421,0.006521862787275463,37.47946297279053,0.00800002172094313,63.46217729949318,0.006372725948445307,34.1758713056253,0.008357481045415822,7.52572541530608,28.981364041545913,111.4866814317032
499.7204999997465,117.30205278592396,1,9.598485993824486,71.13555208103163,0.005768865416523813,38.7845845385605,0.0074424531302278735,67.6015330310409,0.006571715565422264,36.10427281745243,0.008677763716802064,7.52572541530608,28.981364041545913,111.4866814317032
499.73049999974626,117.30205278592396,1,9.598485993824486,73.36471441410293,0.0051713615917106945,39.432931709395696,0.006996865743933939,70.55915140600669,0.006714771947163494,37.284331164393116,0.008873660542900402,7.52572541530608,28.981364041545913,111.4866814317032
499.740499999746,117.30205278592396,1,9.598485993824486,74.79677518862408,0.004700780885717479,39.59695084650582,0.006643520405114219,72.5839263981603,0.006813292719291123,37.88812235813133,0.00897375050080327,7.52572541530608,28.981364041545913,111.4866814317032
499.7504999997458,117.30205278592396,1,9.598485993824486,75.62146605441912,0.004332562784226232,39.41847486104259,0.006365298477340648,73.87702901467361,0.006876580469319528,38.05765459175827,0.00900150992828397,7.52572541530608,28.981364041545913,111.4866814317032
499.76049999974555,117.30205278592396,1,9.598485993824486,75.93330969003114,0.004047328829080788,38.975297460374485,0.0061479505906571865,74.57760307582367,0.006911799972580156,37.904504787768985,0.008975592861008866,7.52572541530608,28.981364041545913,111.4866814317032
499.7704999997453,117.30205278592396,1,9.598485993824486,75.82780401993844,0.0038306782679577603,38.33800142908532,0.005980490627820992,74.80181305641626,0.0069243353186478045,37.5126879571292,0.008909955462916369,7.52572541530608,28.981364041545913,111.4866814317032
499.7804999997451,117.30205278592396,1,9.598485993824486,75.37775414401774,0.003672731843306584,37.56322654136195,0.00585519671746556,74.6324523117668,0.006917925147602673,36.94107781897577,0.008814261917055926,7.52572541530608,28.981364041545913,111.4866814317032
499.79049999974484,117.30205278592396,1,9.598485993824486,74.59561124764956,0.00356702048231432,36.66646046095902,0.0057665673555365995,74.11004470827395,0.006895039814372743,36.22956454806299,0.008695252223862497,7.52572541530608,28.981364041545913,111.4866814317032
499.8004999997446,117.30205278592396,1,9.598485993824486,73.50011577011244,0.0035104031973837674,35.66365165252532,0.005711373679968289,73.26572502318487,0.006857029783178827,35.402504809042355,0.008556966483620265,7.52572541530608,28.981364041545913,111.4866814317032
499.81049999974437,117.30205278592396,0,9.598485993824486,72.01050384838643,0.0034999053477082044,34.555879689979356,0.005688806429385232,72.14996967710431,0.006805695891871669,34.46907624380193,0.008400811674658785,7.52572541530608,28.981364041545913,111.4866814317032
499.82049999974413,117.30205278592396,0,9.598485993824486,69.07429240904642,0.0034999053477082044,33.09065374418055,0.005688294182954578,71.05702722873366,0.0067544030615105145,33.49362702411866,0.008237665504220372,7.52572541530608,28.981364041545913,111.4866814317032
499.8304999997439,117.30205278592396,0,9.598485993824486,64.2883556080799,0.0034999053477082044,30.72924133085792,0.005688294182954578,70.00057489818981,0.006704821308567429,32.59798137349105,0.008087779498747661,7.52572541530608,28.981364041545913,111.4866814317032
499.84049999974366,117.30205278592396,0,9.598485993824486,57.61101552388382,0.0034999053477082044,27.43247424693835,0.005688294182954578,68.98232960712842,0.006656823501222988,31.775496542511192,0.007949947990360133,7.52572541530608,28.981364041545913,111.4866814317032
499.8504999997434,117.30205278592396,0,9.598485993824486,49.07064188016736,0.0034999053477082044,23.214260943229117,0.005688294182954578,67.99208142538315,0.006610330224663247,31.016584203101065,0.007822690839578234,7.52572541530608,28.981364041545913,111.4866814317032
499.8604999997432,117.30205278592396,0,9.598485993824486,38.71543952931003,0.0034999053477082044,18.098344576115657,0.005688294182954578,67.03216820094636,0.006565268338770081,30.313505967135914,0.007704731553111288,7.52572541530608,28.981364041545913,111.4866814317032
499.87049999974295,117.30205278592396,0,9.598485993824486,26.618899397936087,0.0034999053477082044,12.121297710357005,0.005688294182954578,66.10541401543273,0.006521562648747677,29.6602349609507,0.007594968658170322,7.52572541530608,28.981364041545913,111.4866814317032
499.8804999997427,117.30205278592396,0,9.598485993824486,12.969584404955759,0.0034999053477082044,5.37626633169676,0.005688294182954578,65.20252445140311,0.006479161330144438,29.050414743682236,0.007492451787937196,7.52572541530608,28.981364041545913,111.4866814317032
499.8904999997425,117.30205278592396,0,0.0,0.8138630983439192,0.0037633881314819307,-0.14228550426571385,0.006319348652246802,64.3259558775339,0.00643801470788456,28.478827329452887,0.00739635912580443,7.52572541530608,28.981364041545913,111.4866814317032
499.90049999974224,117.30205278592396,0,0.0,1.5164481122105409,0.004364245754164455,0.7444788473592268,0.007106996385333349,63.479361331528786,0.006398056618115135,27.94254676126848,0.007305979547324734,7.52572541530608,28.981364041545913,111.4866814317032
499.910499999742,117.30205278592396,0,0.0,2.005000434824292,0.004777718775931511,1.2025910758548743,0.007510048066659864,62.65440467691617,0.006359228856911236,27.438076334949315,0.007220696216308675,7.52572541530608,28.981364041545913,111.4866814317032
499.92049999974176,117.30205278592396,0,0.0,2.3545491327336148,0.005070065558354434,1.4818042685081814,0.007752404538277455,61.85343582345587,0.006321495129619511,26.961642318073626,0.007139967677739824,7.52572541530608,28.981364041545913,111.4866814317032
499.9304999997415,117.30205278592396,0,0.0,2.613767571076372,0.005283920119615878,1.6820491881283557,0.00792362158673101,61.079213399279205,0.006284813117024618,26.510491328673957,0.007063315403364201,7.52572541530608,28.981364041545913,111.4866814317032
499.9404999997413,117.30205278592396,0,0.0,2.8141894970419323,0.005446716273412279,1.8437984375389243,0.008060020344008162,60.32326739373566,0.006249156256168026,26.08119590812415,0.00699031710610894,7.52572541530608,28.981364041545913,111.4866814317032
499.95049999974106,117.30205278592396,0,0.0,2.975532977534712,0.005576124617052609,1.9833505459098024,0.00817673882465703,59.5881989388935,0.006214492705213593,25.671285454684572,0.0069206004084240965,7.52572541530608,28.981364041545913,111.4866814317032
499.9604999997408,117.30205278592396,0,0.0,3.1109735708407675,0.0056835351093042375,2.1082000516056714,0.008280427063085053,58.87700420641475,0.006180781208241104,25.279264553724474,0.00685383842971853,7.52572541530608,28.981364041545913,111.4866814317032
499.9704999997406,117.30205278592396,0,0.0,3.229284556647396,0.005776289353150629,2.222090314119201,0.00837428062987537,58.181774878846795,0.006147995842435874,24.90282603753969,0.006789745642757395,7.52572541530608,28.981364041545913,111.4866814317032
499.98049999974035,117.30205278592396,0,0.0,3.3354592947518045,0.0058591285168068784,2.3265207837516897,0.008460051785919577,57.505191557764306,0.006116106405193386,24.54041354807716,0.006728072304779433,7.52572541530608,28.981364041545913,111.4866814317032
499.9904999997401,117.30205278592396,0,0.0,3.433165720159282,0.005935121146878056,2.4229002714594423,0.008538867904274603,56.85027109469773,0.006085074415917099,24.191273430190186,0.006668600527054049,7.52572541530608,28.981364041545913,111.4866814317032
500.0004999997399,117.30205278592396,0,0.0,3.5250958061042605,0.006006253404906641,2.512426949910703,0.008611556810958383,56.20948021113892,0.006054876534044733,23.85375735858266,0.006611140808282081,7.52572541530608,28.981364041545913,111.4866814317032
500.01049999973964,117.30205278592396,0,0.0,3.612286510209677,0.006073817086855911,2.595414853170698,0.008678782121659496,55.58547037747004,0.006025485484564363,23.526847416933713,0.006555527507862501,7.512511123451746,29.939798535806418,109.85265115596358
500.0204999997394,117.30205278592396,0,0.0,3.695832938890388,0.0061386581798739135,2.672647629797189,0.008741112107978228,54.98121231341587,0.0059968662007958435,23.210228829663127,0.00650161602227435,7.512511123451746,29.939798535806418,109.85265115596358
500.03049999973916,117.30205278592396,0,0.0,3.776805207843175,0.006201330508834123,2.7449916753391683,0.008799043922526888,54.389487885958594,0.005968998166642103,22.902663098353337,0.006449280430868094,7.512511123451746,29.939798535806418,109.85265115596358
500.0404999997389,117.30205278592396,0,0.0,3.8551648428451917,0.006262201523225145,2.8125055252701077,0.008853014358087946,53.81289382705409,0.005941857063158529,22.603462522654553,0.0063984101515584995,7.512511123451746,29.939798535806418,109.85265115596358
500.0504999997387,117.30205278592396,0,0.13303057135290006,3.9330474354738945,0.00632613528564727,2.8784621483977775,0.008910845016626739,53.254410569185694,0.005915410997572963,22.312650533405353,0.006348908162925183,7.512511123451746,29.939798535806418,109.85265115596358
500.06049999973845,117.30205278592396,0,1.043435353305308,4.34171350311316,0.00670271508980598,3.370557191452951,0.009387881049624626,52.707055440289324,0.005889638726155302,22.029271340069805,0.006300689648615714,7.512511123451746,29.939798535806418,109.85265115596358
500.0704999997382,117.30205278592396,0,1.9893076167945407,5.063107186958448,0.007342290588405003,4.07760013079284,0.01003964947096348,52.172724194377174,0.005864542368133853,21.751720015419725,0.006253683276275858,7.512511123451746,29.939798535806418,109.85265115596358
500.080499999738,117.30205278592396,0,2.9622589436707094,5.7873360249518715,0.007974741566636143,4.613263925683661,0.01052428899556494,51.654686037475386,0.005840087052007169,21.480772825761328,0.006207844853154746,7.512511123451746,29.939798535806418,109.85265115596358
500.09049999973774,117.30205278592396,0,3.953114622585078,6.348189359215056,0.00845829034035995,4.920714630868369,0.01079733451265615,51.14648355764851,0.0058162511931209165,21.2162249440247,0.006163160236210924,7.512511123451746,29.939798535806418,109.85265115596358
500.1004999997375,117.30205278592396,0,4.952171824730427,6.700823502353552,0.008757698617373178,5.049427398898073,0.010906423810023876,50.65066096432887,0.005793012681953756,20.95816880417649,0.006119629067307032,7.512511123451746,29.939798535806418,109.85265115596358
500.11049999973727,117.30205278592396,0,5.949483655982983,6.864250568744987,0.008890922806996134,5.064424395299436,0.010914183455581337,50.17009321508056,0.0057703421503753445,20.70725923868108,0.006077251856412612,7.512511123451746,29.939798535806418,109.85265115596358
500.12049999973704,117.30205278592396,1,6.935155274035003,6.886422631286331,0.008903022322187829,5.069338019672257,0.010914183455581337,49.698378576930125,0.00574822419362283,20.463066380863673,0.006036021129706568,7.512511123451746,29.939798535806418,109.85265115596358
500.1304999997368,117.30205278592396,1,7.899637426884546,6.89196287936503,0.008903022322187829,5.074791359376878,0.010914183455581337,49.237866248247485,0.005726641050502601,20.225368974227326,0.005995914987338312,7.512511123451746,29.939798535806418,109.85265115596358
500.14049999973656,117.30205278592396,1,8.834002947301594,6.899489845524101,0.008903022322187829,5.082318325535949,0.010914183455581337,48.79181723041105,0.005705556938632913,19.995195682949106,0.005956895714245348,7.512511123451746,29.939798535806418,109.85265115596358
500.1504999997363,116.27906976744218,1,9.598485993824486,6.9105576667762705,0.008903022322187829,5.093299710960159,0.010914183455581337,48.3544065811632,0.005684947034902889,19.772431837107817,0.0059189086358078695,7.512511123451746,29.939798535806418,109.85265115596358
500.1604999997361,116.27906976744218,1,9.598485993824486,8.712930952403234,0.008903022322187829,6.3336833860557835,0.010914183455581337,47.928400121733596,0.0056647793633136665,19.557348004150732,0.0058818790811546355,7.512511123451746,29.939798535806418,109.85265115596358
500.17049999973585,116.27906976744218,1,9.598485993824486,14.037993296887544,0.008903022322187829,9.990111789247454,0.010914183455581337,47.51520418469638,0.005645055490956033,19.348129241555533,0.005845713727165657,7.512511123451746,29.939798535806418,109.85265115596358
500.1804999997356,116.27906976744218,1,9.598485993824486,22.721225556121535,0.008903022322187829,15.949631633899457,0.010914183455581337,47.10855663280791,0.005625777554606228,19.143165439388696,0.005810313785711218,7.512511123451746,29.939798535806418,109.85265115596358
500.1904999997354,116.27906976744218,1,9.598485993824486,34.4932055209406,0.008903022322187829,23.322940410306874,0.010699388295488051,46.7106350928808,0.005606936999001143,20.212991821537713,0.005986291544371506,7.512511123451746,29.939798535806418,109.85265115596358
500.20049999973514,116.27906976744218,1,9.598485993824486,48.83260149986712,0.008859080256261238,28.971996863893274,0.009917194423336809,47.04440829626106,0.005613560502254297,24.458859009660664,0.00668877405819865,7.512511123451746,29.939798535806418,109.85265115596358
500.2104999997349,116.27906976744218,1,9.598485993824486,58.94368953831959,0.008036218628881214,33.00200350902286,0.009070383170568007,53.7299693432033,0.005902211565743492,28.7369028695756,0.007398876304264105,7.512511123451746,29.939798535806418,109.85265115596358
500.22049999973467,116.27906976744218,1,9.598485993824486,64.98461260085932,0.007039750424078815,35.762862755690314,0.008322050448867142,60.08437174316549,0.0062016499352347265,32.12985480340676,0.00796358817526636,7.512511123451746,29.939798535806418,109.85265115596358
500.23049999973443,116.27906976744218,1,9.598485993824486,69.04593710396875,0.006185945396003789,37.5401046586734,0.0077019098522745294,65.01685288151052,0.00643854517916516,34.555306186484536,0.008367783720071902,7.512511123451746,29.939798535806418,109.85265115596358
500.2404999997342,116.27906976744218,1,9.598485993824486,71.84315367814483,0.0055002374978556584,38.55337857356023,0.0072013676013635095,68.62551161698596,0.006613286009987714,36.14497952453914,0.00863316704976204,7.512511123451746,29.939798535806418,109.85265115596358
500.25049999973396,116.27906976744218,1,9.598485993824486,73.71518753886242,0.004957709948535986,38.996089605067226,0.006802194506970146,71.16730271188871,0.006737120730575161,37.07133290562204,0.008788321413449254,7.512511123451746,29.939798535806418,109.85265115596358
500.2604999997337,116.27906976744218,1,9.598485993824486,74.88646296603922,0.004531206382270334,39.02805536589366,0.006486319402122328,72.87019422879935,0.006820564731699329,37.489991987965574,0.008858988662657852,7.512511123451746,29.939798535806418,109.85265115596358
500.2704999997335,116.27906976744218,1,9.598485993824486,75.48161956954124,0.004198185767615139,38.7469263937905,0.006237929091518202,73.90050451290807,0.0068720241286761435,37.5284185169376,0.00886642863443788,7.512511123451746,29.939798535806418,109.85265115596358
500.28049999973325,116.27906976744218,1,9.598485993824486,75.61482268425048,0.003941416984351044,38.23682221910354,0.006044435638143338,74.39606833202805,0.006897930707896747,37.28511959853053,0.008826983677295175,7.512511123451746,29.939798535806418,109.85265115596358
500.290499999733,116.27906976744218,1,9.598485993824486,75.3742144397302,0.0037485756362020503,37.564976031895675,0.005896627648336991,74.45779152776358,0.006902909634649255,36.831219112223295,0.00875237527662961,7.512511123451746,29.939798535806418,109.85265115596358
500.3004999997328,116.27906976744218,1,9.598485993824486,74.78849521525198,0.003611069343192057,36.75771123797958,0.005787673456993522,74.14270283176246,0.006890188580750192,36.21709335170994,0.008651064436281764,7.512511123451746,29.939798535806418,109.85265115596358
500.31049999973254,116.27906976744218,1,9.598485993824486,73.89014175112221,0.0035237150968731945,35.8396167836548,0.005713053445134523,73.49681558940485,0.0068618276048619375,35.476412372816746,0.008528625355838999,7.512511123451746,29.939798535806418,109.85265115596358
500.3204999997323,116.27906976744218,1,9.598485993824486,72.68410844981558,0.003484648808347001,34.82286918422948,0.005670600880836472,72.54113508958557,0.006818705816621884,34.62704774125005,0.008387937310317901,7.512511123451746,29.939798535806418,109.85265115596358
500.33049999973207,116.27906976744218,0,9.598485993824486,70.83825647005712,0.00348248344182626,33.686285428894614,0.005659655187084402,71.40356752831542,0.006766265337497343,33.67578443950133,0.008230230799503914,7.512511123451746,29.939798535806418,109.85265115596358
500.34049999973183,116.27906976744218,0,9.598485993824486,67.28925570008104,0.00348248344182626,31.951304648757034,0.005659655187084402,70.32294790836679,0.006715840213738309,32.745272151765704,0.008075922671716225,7.512511123451746,29.939798535806418,109.85265115596358
500.3504999997316,116.27906976744218,0,9.598485993824486,61.89308721680894,0.00348248344182626,29.312753024362383,0.005659655187084402,69.2820718777679,0.0066670733171647276,31.89216744341755,0.00793434732976586,7.512511123451746,29.939798535806418,109.85265115596358
500.36049999973136,116.27906976744218,0,9.598485993824486,54.641777345650446,0.00348248344182626,25.766646490558752,0.005659655187084402,68.27084521811427,0.006619871989367624,31.106384553748335,0.007803926062991676,7.512511123451746,29.939798535806418,109.85265115596358
500.3704999997311,116.27906976744218,0,9.598485993824486,45.55819380383208,0.00348248344182626,21.324120002679464,0.005659655187084402,67.29133292108598,0.006574153795959042,30.379753180092653,0.0076832982786380405,7.512511123451746,29.939798535806418,109.85265115596358
500.3804999997309,116.27906976744218,0,9.598485993824486,34.69333146122632,0.00348248344182626,16.010259105305884,0.005659655187084402,66.34593366304817,0.006529839898080487,29.705615653913434,0.007571290683797746,7.512511123451746,29.939798535806418,109.85265115596358
500.39049999973065,116.27906976744218,0,9.598485993824486,22.19097682796673,0.00348248344182626,9.895338109007795,0.005659655187084402,65.42561598496161,0.006486872033465179,29.07734652279878,0.007466891531561207,7.512511123451746,29.939798535806418,109.85265115596358
500.4004999997304,116.27906976744218,0,9.598485993824486,8.191219472193643,0.00348248344182626,3.0791206884941524,0.005681880830234624,64.53284008849415,0.006445193053996871,28.489710416251288,0.0073692265679672865,7.512511123451746,29.939798535806418,109.85265115596358
500.4104999997302,116.27906976744218,0,0.0,1.2496901579896238,0.003979393836976878,0.38597926831154705,0.006625823340589021,63.67010933196853,0.006404747361521911,27.938319734901434,0.007277539908430328,7.512511123451746,29.939798535806418,109.85265115596358
500.42049999972994,116.27906976744218,0,0.0,1.869931710122494,0.00451298763501852,1.0781252762584947,0.007243964282638084,62.82983841407404,0.006365475087688156,27.41989858651348,0.007191177805740137,7.512511123451746,29.939798535806418,109.85265115596358
500.4304999997297,116.27906976744218,0,0.0,2.3022865065997715,0.00488269785636705,1.452312034682214,0.007577225796479093,62.014549423027226,0.00632732391674336,26.931174047861756,0.007109570439460615,7.512511123451746,29.939798535806418,109.85265115596358
500.44049999972947,116.27906976744218,0,0.0,2.612887464352338,0.005146467248218988,1.6921575829164825,0.007789756936632618,61.22668745272096,0.006290250770575378,26.469097482945248,0.007032215886803832,7.512511123451746,29.939798535806418,109.85265115596358
500.45049999972923,116.27906976744218,0,0.0,2.844606165759956,0.005341543845370506,1.8712694560193461,0.007947350130736264,60.458065867780554,0.0062542259374617284,26.03018529945936,0.006958670489483467,7.512511123451746,29.939798535806418,109.85265115596358
500.460499999729,116.27906976744218,0,0.0,3.02450799417004,0.0054918946104696035,2.0191530332046175,0.008076844198296813,59.71114148240606,0.006219215309575743,25.611885727080377,0.006888541870687235,7.512511123451746,29.939798535806418,109.85265115596358
500.47049999972876,116.27906976744218,0,0.0,3.1702349881068423,0.005612949837367616,2.1483478374715217,0.008189572552499396,58.98857861461454,0.0061851794126082625,25.212357603716992,0.006821484623677731,7.512511123451746,29.939798535806418,109.85265115596358
500.4804999997285,116.27906976744218,0,0.0,3.293598618866805,0.005714644216876561,2.2647671630169492,0.008290633493744553,58.28276425418808,0.006152089803319978,24.82927113322892,0.00675719635747292,7.512511123451746,29.939798535806418,109.85265115596358
500.4904999997283,116.27906976744218,0,0.0,3.4016109407960333,0.005803384338283136,2.3708871764722743,0.008382574310429627,57.59626532252843,0.006119914116753578,24.46104226513524,0.006695412276240068,7.512511123451746,29.939798535806418,109.85265115596358
500.50049999972805,116.27906976744218,0,0.0,3.4989923847113356,0.00588330877061895,2.4683173922316306,0.00846687172547863,56.93179453955824,0.0060886156681035,24.106626376642414,0.006635901230406254,7.512511123451746,29.939798535806418,109.85265115596358
500.5104999997278,116.27906976744218,0,0.0,3.5892835121695152,0.005957091667782613,2.5584952013887645,0.00854452110839963,56.28212160403293,0.006058168636631035,23.76439942807926,0.006578462143160908,7.512511123451746,29.939798535806418,109.85265115596358
500.5204999997276,116.27906976744218,0,0.0,3.6741319820084146,0.0060264677251825076,2.641931871593951,0.00861627750588815,55.64979998306105,0.006028543650326869,23.43335667836941,0.006522919385341683,7.512511123451746,29.939798535806418,109.85265115596358
500.53049999972734,116.27906976744218,0,0.0,3.7547837269341677,0.0060925683524914636,2.719292998588039,0.008682766900541575,55.037510511890574,0.005999707530832452,23.112929085717898,0.006469119780786588,7.512511123451746,29.939798535806418,109.85265115596358
500.5404999997271,116.27906976744218,0,0.0,3.832577583464703,0.006156131803391712,2.791548850265751,0.008744528348449585,54.438336631682944,0.005971637396144104,22.801931944346887,0.006416930070312026,7.512511123451746,29.939798535806418,109.85265115596358
500.55049999972687,116.27906976744218,0,0.0,3.9077166466444306,0.006217645012139715,2.858896544156624,0.00880203223256422,53.8547884739233,0.0059443068883285296,22.4997199506497,0.0063662334459126,7.512511123451746,29.939798535806418,109.85265115596358
500.56049999972663,116.27906976744218,0,0.0,3.9804961494496967,0.006277434392709602,2.921760240084594,0.00885570053533551,53.28949691409015,0.005917686162250692,22.206015700406397,0.006316927614194299,7.512511123451746,29.939798535806418,109.85265115596358
500.5704999997264,116.27906976744218,0,0.1775899657781093,4.056928202650013,0.006344854041406833,2.988945852207613,0.008920463537514732,52.73594662722369,0.005891754703832549,21.920032871549804,0.006268923220518059,7.512511123451746,29.939798535806418,109.85265115596358
500.58049999972616,116.27906976744218,0,1.089952593717379,4.484539481207192,0.006740525148644734,3.5028792433789304,0.009419104971547366,52.196370709599506,0.0058664873970375765,21.64117995369152,0.006222141427817285,7.512511123451746,29.939798535806418,109.85265115596358
500.5904999997259,116.27906976744218,0,2.0373855357064543,5.206809259270349,0.007382691492185442,4.201694804447006,0.010065038018406023,51.67295436749705,0.0058418780856292485,21.36853102407486,0.006176516964046222,7.512511123451746,29.939798535806418,109.85265115596358
500.6004999997257,116.27906976744218,0,3.0114554693843347,5.921437454743296,0.008008156929062224,4.72189893682039,0.010537505324620482,51.15966263324486,0.005817903387676776,21.101948509167254,0.0061320121182363305,7.512511123451746,29.939798535806418,109.85265115596358
500.61049999972545,116.27906976744218,0,4.00295487831223,6.468338291588571,0.008481639355701258,5.0156693068276645,0.010800796851671032,50.65907734388555,0.005794536928042991,20.84171073330439,0.006088617155190019,7.512511123451746,29.939798535806418,109.85265115596358
500.6204999997252,116.27906976744218,0,5.002161825730361,6.806731618055923,0.008771153108558576,5.133485996690919,0.010902919725228829,50.17376870783708,0.0057717520714048835,20.588241548586186,0.006046334922926832,7.512511123451746,29.939798535806418,109.85265115596358
500.630499999725,116.27906976744218,0,5.999124948878174,6.957692106677451,0.008895622351978749,5.143314398506709,0.01090879269491156,49.69769373929808,0.00574953055389357,20.341356905544096,0.0060051686863882995,7.512511123451746,29.939798535806418,109.85265115596358
500.64049999972474,116.27906976744218,1,6.983959797642021,6.972644196211941,0.008904549938669846,5.1450456145650785,0.01090879269491156,49.233210308225864,0.0057278514940810425,20.10112030829435,0.0059651127160458015,7.512511123451746,29.939798535806418,109.85265115596358
500.6504999997245,116.27906976744218,1,7.947141858574677,6.974999604045388,0.008904549938669846,5.147401022398526,0.01090879269491156,48.7827381064266,0.005706692575044686,19.86767025064232,0.0059261469744901285,7.512511123451746,29.939798535806418,109.85265115596358
500.66049999972427,116.27906976744218,1,8.879781834444692,6.980132179420388,0.008904549938669846,5.152450406771642,0.01090879269491156,48.340881922338596,0.005686028402713483,19.64119633761835,0.005888235637137764,7.512511123451746,29.939798535806418,109.85265115596358
500.67049999972403,115.49566891241619,1,9.598485993824486,6.9927889734736235,0.008904549938669846,5.163621777516306,0.01090879269491156,47.91029023386528,0.005665829834105012,19.422031939928488,0.0058513247959280324,7.512511123451746,29.939798535806418,109.85265115596358
500.6804999997238,115.49566891241619,1,9.598485993824486,8.958216399886494,0.008904549938669846,6.51355835384755,0.01090879269491156,47.49361761921726,0.005646062643804516,19.210579123415947,0.005815340456616572,7.512511123451746,29.939798535806418,109.85265115596358
500.69049999972356,115.49566891241619,1,9.598485993824486,14.419181813675117,0.008904549938669846,10.258600565233898,0.01090879269491156,47.084124396898126,0.005626737136182224,19.00443879511741,0.005780190371911573,7.512511123451746,29.939798535806418,109.85265115596358
500.7004999997233,115.49566891241619,1,9.598485993824486,23.207945667165916,0.008904549938669846,16.283604363856632,0.01090879269491156,46.68377292970107,0.005607848443234645,18.802541025217092,0.005745776873739912,7.512511123451746,29.939798535806418,109.85265115596358
500.7104999997231,115.49566891241619,1,9.598485993824486,34.9639060997776,0.008904549938669846,23.41017101225842,0.010643064622813956,46.22724375724167,0.005590756270976255,20.07743932388495,0.005972010562078756,7.512511123451746,29.939798535806418,109.85265115596358
500.72049999972285,115.49566891241619,1,9.598485993824486,49.13974700608132,0.00883309949821957,28.828347160790972,0.009847931181088433,46.88411390875208,0.005612147929658183,24.325095297328318,0.0066839594713650015,7.512511123451746,29.939798535806418,109.85265115596358
500.7304999997226,115.49566891241619,1,9.598485993824486,58.81365967109997,0.00797969332869585,32.69731841178351,0.00900881484397714,53.586513239554996,0.005907596496635335,28.4845333750186,0.007383474246919252,7.512511123451746,29.939798535806418,109.85265115596358
500.7404999997224,115.49566891241619,1,9.598485993824486,64.6680666123107,0.0069904535576536305,35.33833664553076,0.008271037973630163,59.81710421172885,0.006204585529866373,31.75042299797508,0.00793590022012732,7.512511123451746,29.939798535806418,109.85265115596358
500.75049999972214,115.49566891241619,1,9.598485993824486,68.60172777704123,0.0061475857789853785,37.00618512443358,0.007660116526824095,64.62445626593173,0.006438664350091033,34.06308066229124,0.008330157785474827,7.512511123451746,29.939798535806418,109.85265115596358
500.7604999997219,115.49566891241619,1,9.598485993824486,71.3094028393755,0.0054709055399123074,37.9300258703464,0.00716688073157508,68.13497412284995,0.006611471370601449,35.55704462965833,0.008588284699101945,7.512511123451746,29.939798535806418,109.85265115596358
500.77049999972166,115.49566891241619,1,9.598485993824486,73.12294671040337,0.004935535214965831,38.30515371625281,0.0067736550743007435,70.60105648200808,0.006734096811927454,36.4001469857423,0.008738084172311505,7.512511123451746,29.939798535806418,109.85265115596358
500.7804999997214,115.49566891241619,1,9.598485993824486,74.22648489828676,0.004514457946576263,38.265952912913164,0.006462273287847466,72.2338805706786,0.006816923988531689,36.74666204119184,0.008805206836694173,7.512511123451746,29.939798535806418,109.85265115596358
500.7904999997212,115.49566891241619,1,9.598485993824486,74.77149452360007,0.004185523419183761,37.92423604051545,0.00621719688802631,73.2110078201853,0.006868269962894987,36.72262419798201,0.008810510867275537,7.512511123451746,29.939798535806418,109.85265115596358
500.80049999972096,115.49566891241619,1,9.598485993824486,74.87421709299778,0.003932069588096743,37.36815026526896,0.006026396542648694,73.66616465082524,0.006894369212177749,36.422505003155166,0.008769682710084454,7.512511123451746,29.939798535806418,109.85265115596358
500.8104999997207,115.49566891241619,1,9.598485993824486,74.59009798901923,0.003741836736592341,36.643370291606665,0.005880569668645849,73.68494886132908,0.006899775993328642,35.91673473178207,0.008694459080605392,7.512511123451746,29.939798535806418,109.85265115596358
500.8204999997205,115.49566891241619,1,9.598485993824486,73.9731331931768,0.0036064029759416785,35.78959220498349,0.005772995245988074,73.33748235972354,0.006887693333667477,35.25577439116891,0.008593145385739463,7.512511123451746,29.939798535806418,109.85265115596358
500.83049999972025,115.49566891241619,1,9.598485993824486,73.05332779920705,0.0035208283903685814,34.83372926662947,0.005699444033986867,72.66738402701073,0.006860090089510909,34.471142845801126,0.008470989619146769,7.512511123451746,29.939798535806418,109.85265115596358
500.84049999972,115.49566891241619,1,9.598485993824486,71.81934870428157,0.0034832674993489935,33.77555442839283,0.005657648550157572,71.68295614969007,0.0068178349478934565,33.58045560160351,0.00833094301837537,7.512511123451746,29.939798535806418,109.85265115596358
500.8504999997198,115.49566891241619,0,9.598485993824486,69.92965066813879,0.003481493557125077,32.60195887783373,0.005646957975767988,70.53246083123777,0.00676669480448244,32.591340513513984,0.008174208695036144,7.512511123451746,29.939798535806418,109.85265115596358
500.86049999971954,115.49566891241619,0,9.598485993824486,66.33283368287923,0.003481493557125077,30.834336035188958,0.005646957975767988,69.44380849517586,0.006717632604288156,31.62496408687412,0.008021035787079389,7.512511123451746,29.939798535806418,109.85265115596358
500.8704999997193,115.49566891241619,0,9.598485993824486,60.90517060897083,0.003481493557125077,28.178042598099182,0.005646957975767988,68.38789174773487,0.006670235557577889,30.735819411647512,0.007880510045272236,7.512511123451746,29.939798535806418,109.85265115596358
500.88049999971906,115.49566891241619,0,9.598485993824486,53.63134053968439,0.003481493557125077,24.625791644888302,0.005646957975767988,67.36653609737235,0.00662439776304253,29.914869318093476,0.00775106281620601,7.512511123451746,29.939798535806418,109.85265115596358
500.8904999997188,115.49566891241619,0,9.598485993824486,44.52575694145497,0.003481493557125077,20.184327632232904,0.005646957975767988,66.38125403726973,0.006580040498350272,29.153596776605948,0.007631342590950413,7.512511123451746,29.939798535806418,109.85265115596358
500.9004999997186,115.49566891241619,0,9.598485993824486,33.67507529965484,0.003481493557125077,14.895852070043432,0.005646957975767988,65.42328856983863,0.006537089763151673,28.444841855087905,0.007520184874275334,7.512511123451746,29.939798535806418,109.85265115596358
500.91049999971835,115.49566891241619,0,9.598485993824486,21.183234669935736,0.003481493557125077,8.811003127259298,0.005646957975767988,64.49509246009197,0.006495473703078217,27.782996483704117,0.007416584440251063,7.512511123451746,29.939798535806418,109.85265115596358
500.9204999997181,115.49566891241619,0,9.598485993824486,7.181093727148089,0.003481493557125077,2.051262779751492,0.005681316557824782,63.59854185172236,0.006455140760591071,27.16237268467108,0.007319673042737125,7.512511123451746,29.939798535806418,109.85265115596358
500.9304999997179,115.49566891241619,0,0.0,0.1917090073072245,0.003973646442321303,-0.6152477262258458,0.006675967007753883,62.72535932000049,0.006416040978944314,26.578034491445862,0.007228700753811374,7.512511123451746,29.939798535806418,109.85265115596358
500.94049999971764,115.49566891241619,0,0.0,0.7742351467770905,0.004504345518383445,0.07426130897897476,0.007322721972847423,61.87949577800035,0.006378092115180133,26.028332655396753,0.007143017986177721,7.512511123451746,29.939798535806418,109.85265115596358
500.9504999997174,115.49566891241619,0,0.0,1.170303598622744,0.004871749410943749,0.4345370367374026,0.007674064098623543,61.0628589793341,0.006341245427802794,25.509539513542766,0.007062058885320795,7.512511123451746,29.939798535806418,109.85265115596358
500.9604999997172,115.49566891241619,0,0.0,1.4465054154407446,0.005133656672805258,0.656936940458205,0.007900383180998498,60.26746343315463,0.006305463128179238,25.01803509312474,0.00698532560917388,7.512511123451746,29.939798535806418,109.85265115596358
500.97049999971694,115.49566891241619,0,0.0,1.6453108612442664,0.005327212746445044,0.8176487477437293,0.00806986622603352,59.495698252654655,0.006270704198912372,24.551150184387282,0.006912377118995901,7.512511123451746,29.939798535806418,109.85265115596358
500.9804999997167,115.49566891241619,0,0.0,1.7929569754491665,0.005476300927514876,0.9464963491201002,0.008210282950107476,58.749301309296484,0.006236945567350374,24.10557805515826,0.006842823659153665,7.512511123451746,29.939798535806418,109.85265115596358
500.99049999971646,115.49566891241619,0,0.0,1.9078006230710205,0.0055962782516746305,1.0570947297244393,0.00833333253060855,58.020995876050044,0.006204151211901295,23.67907168603493,0.006776322658794203,7.512511123451746,29.939798535806418,109.85265115596358
501.0004999997162,115.49566891241619,0,0.0,2.0013213503600795,0.005697031332039687,1.1553754076321345,0.008444264347194728,57.313471261346635,0.006172279587588162,23.270236557133185,0.00671257333930172,7.512511123451746,29.939798535806418,109.85265115596358
501.010499999716,115.49566891241619,0,0.0,2.07977262106331,0.0057849323991236755,1.2431633422272852,0.008545701587491204,56.62861737570327,0.00614130948748889,22.8767538717835,0.006651312647882024,7.501113988589542,30.791669210378846,108.48329638054301
501.02049999971575,115.49566891241619,0,0.0,2.148772044538106,0.0058640896805246725,1.322912289936799,0.008639160427067753,55.95963012769787,0.006111205883350679,22.49729453353065,0.006592311446493356,7.501113988589542,30.791669210378846,108.48329638054301
501.0304999997155,115.49566891241619,0,0.0,2.211572854057273,0.005937159067432709,1.3959513954579874,0.008725659008169736,55.30926778927087,0.006081929006716393,22.131214792864366,0.006535369604705469,7.501113988589542,30.791669210378846,108.48329638054301
501.0404999997153,115.49566891241619,0,0.0,2.2690397390216424,0.006005863815766853,1.4620346163033258,0.008805976420069092,54.67939553650486,0.006053461751660192,21.77672357113883,0.006480312644595379,7.501113988589542,30.791669210378846,108.48329638054301
501.05049999971504,115.49566891241619,0,0.0,2.3234223855280915,0.006071322901695634,1.522741379277925,0.008880756832311815,54.06355220117868,0.006025771461754106,21.433043332883525,0.006426988837466913,7.501113988589542,30.791669210378846,108.48329638054301
501.0604999997148,115.49566891241619,0,0.0,2.3757888660895277,0.006134268300356371,1.5789248101845073,0.00895055080980399,53.46449290235358,0.005998820932910847,21.099985247742342,0.006375265423432457,7.501113988589542,30.791669210378846,108.48329638054301
501.07049999971457,115.49566891241619,0,0.0,2.4255019513574174,0.006195184178742137,1.629950987281636,0.009015845856111213,52.88401360372312,0.005972597437793045,20.77604795343295,0.006325026345349769,7.501113988589542,30.791669210378846,108.48329638054301
501.08049999971433,115.49566891241619,0,0.0,2.473937951425424,0.00625439112033386,1.677225512869959,0.009077078110356364,52.315951944802784,0.005947070737177914,20.46080781493835,0.006276170372032501,7.501113988589542,30.791669210378846,108.48329638054301
501.0904999997141,115.49566891241619,0,0.0,2.5215917284146085,0.006312105675002768,1.7214450629820055,0.009134633323203824,51.76304305594526,0.005922206071745783,20.154367594581345,0.006228608353357689,7.501113988589542,30.791669210378846,108.48329638054301
501.10049999971386,115.49566891241619,0,0.8582650382049619,2.798212642153978,0.0065943762497681635,2.086638546013224,0.009520838329320378,51.227326330576076,0.005897986627132144,19.85587852356052,0.006182261859470746,7.501113988589542,30.791669210378846,108.48329638054301
501.1104999997136,115.49566891241619,0,1.7976855646854857,3.453633504433044,0.00719996982975621,2.8042937846654614,0.010208886822994593,50.70133394102532,0.005874422884969308,19.562782447739394,0.006137064250442772,7.501113988589542,30.791669210378846,108.48329638054301
501.1204999997134,115.49566891241619,0,2.7659334044902013,4.164904015888273,0.007843339764724002,3.389357464860506,0.01076193808783448,50.188463276388134,0.005851477784565615,19.276220783566014,0.006092971752977417,7.501113988589542,30.791669210378846,108.48329638054301
501.13049999971315,115.49566891241619,0,3.753971504953023,4.735708252015631,0.00835817533719271,3.7316657498669716,0.011090291596690106,49.69077224005228,0.005829135606668065,18.995819190320958,0.0060499705082663665,7.501113988589542,30.791669210378846,108.48329638054301
501.1404999997129,115.49566891241619,0,4.752180574347627,5.101979164725855,0.008691109725681807,3.8757101331837136,0.011236315530892908,49.202794455638994,0.0058073646110798115,18.722143634928127,0.006008063240877038,7.501113988589542,30.791669210378846,108.48329638054301
501.1504999997127,115.49566891241619,0,5.750639019782597,5.274683014075995,0.008853218078839311,3.8819028811229064,0.011256932750701233,48.72735981451444,0.005786129891397529,18.45614667493027,0.005967254727404033,7.501113988589542,30.791669210378846,108.48329638054301
501.16049999971244,115.49566891241619,1,6.739417810539715,5.288535913576114,0.008878614066041898,3.8619459945766828,0.011256932750701233,48.266080434275054,0.005765426610930055,18.196940925547672,0.005927543179465027,7.501113988589542,30.791669210378846,108.48329638054301
501.1704999997122,115.49566891241619,1,7.708875709918113,5.27022707208757,0.008878614066041898,3.843575704519005,0.011256932750701233,47.81346003411004,0.0057452301346511345,17.944640083862517,0.005888913897176117,7.501113988589542,30.791669210378846,108.48329638054301
501.18049999971197,115.49566891241619,1,8.64994029317096,5.255812054104733,0.008878614066041898,3.829099656509797,0.011256932750701233,47.37308180356791,0.005725493481022852,17.701051389190273,0.005851335972473025,7.501113988589542,30.791669210378846,108.48329638054301
501.19049999971173,115.49566891241619,1,9.554361148695255,5.245279222665593,0.008878614066041898,3.818566825070657,0.011256932750701233,46.947127003737165,0.005706193061347367,17.4660728039186,0.00581476111754951,7.501113988589542,30.791669210378846,108.48329638054301
501.2004999997115,114.83253588516794,1,9.598485993824486,6.370166548380409,0.008878614066041898,4.629473468638251,0.011256932750701233,46.531564831735444,0.005687274144838032,17.241422541724287,0.005779121663020994,7.501113988589542,30.791669210378846,108.48329638054301
501.21049999971126,114.83253588516794,1,9.598485993824486,10.917367279888119,0.008878614066041898,7.911877559187019,0.011256932750701233,46.126788525744935,0.005668739362283148,17.02451899841164,0.005744329657402155,7.501113988589542,30.791669210378846,108.48329638054301
501.220499999711,114.83253588516794,1,9.598485993824486,18.817296984273487,0.008878614066041898,13.614684311764426,0.011256932750701233,45.733270126921376,0.0056506248778091135,16.812008798568677,0.005710287709619585,7.501113988589542,30.791669210378846,108.48329638054301
501.2304999997108,114.83253588516794,1,9.598485993824486,29.826357791345153,0.008878614066041898,20.930705524526317,0.011048243247330794,45.34574486333953,0.005632920724925916,17.838261980914975,0.005881681528573513,7.501113988589542,30.791669210378846,108.48329638054301
501.24049999971055,114.83253588516794,1,9.598485993824486,43.60372364480429,0.008878614066041898,26.80861975864235,0.010252921952566349,44.96670076536567,0.0056156057626566315,22.155215816047605,0.006598700699960714,7.501113988589542,30.791669210378846,108.48329638054301
501.2504999997103,114.83253588516794,1,9.598485993824486,55.32683643320872,0.008270670878257834,31.128516642932254,0.009368689705552578,50.42152088036498,0.005842117856162334,26.63415585084371,0.007345528957615104,7.501113988589542,30.791669210378846,108.48329638054301
501.2604999997101,114.83253588516794,1,9.598485993824486,62.01824895861832,0.0072740952959682685,34.11947908871891,0.00857508973911583,56.97408835903583,0.006150258539015501,30.243282366267273,0.007951800469277829,7.501113988589542,30.791669210378846,108.48329638054301
501.27049999970984,114.83253588516794,1,9.598485993824486,66.41125197513861,0.006385197315394419,36.0551611034578,0.007911512406582591,62.19602493913526,0.006402915328855564,32.85749960407728,0.008392929899905808,7.501113988589542,30.791669210378846,108.48329638054301
501.2804999997096,114.83253588516794,1,9.598485993824486,69.45302729859864,0.005664572995153776,37.18141111832575,0.007373492358024344,66.06831895168446,0.006592038269297771,34.589860272710425,0.008687169824064585,7.501113988589542,30.791669210378846,108.48329638054301
501.29049999970937,114.83253588516794,1,9.598485993824486,71.5144224071237,0.005092595631573016,37.69303076516143,0.006943441254922067,68.82403623082446,0.006727816764714026,35.613443732851536,0.008863176585760378,7.501113988589542,30.791669210378846,108.48329638054301
501.30049999970913,114.83253588516794,1,9.598485993824486,72.83891732363901,0.004641693524609097,37.76557716110384,0.006602207114031907,70.71588731231903,0.006821005456562675,36.11311955284296,0.008948382527310707,7.501113988589542,30.791669210378846,108.48329638054301
501.3104999997089,114.83253588516794,1,9.598485993824486,73.65517078849211,0.004287565993811226,37.6086272412358,0.00633323103034803,71.9764229064004,0.006879295452177575,36.29385529758414,0.008965265613381493,7.501113988589542,30.791669210378846,108.48329638054301
501.32049999970866,114.83253588516794,1,9.598485993824486,73.96895405055812,0.004012840717259694,37.19819304901364,0.006122987451592735,72.66433231270223,0.006910667190537139,36.163527973258304,0.00893143101377075,7.501113988589542,30.791669210378846,108.48329638054301
501.3304999997084,114.83253588516794,1,9.598485993824486,73.87759338516727,0.003804436337560497,36.600849239920535,0.0059610886409387775,72.89013307069912,0.0069201408214337335,35.80276286767429,0.008859994261711229,7.501113988589542,30.791669210378846,108.48329638054301
501.3404999997082,114.83253588516794,1,9.598485993824486,73.44357823762583,0.0036530133822041994,35.8665554229476,0.005840133315517258,72.73158894247054,0.006911256491642908,35.26790489102763,0.008760123079184346,7.501113988589542,30.791669210378846,108.48329638054301
501.35049999970795,114.83253588516794,1,9.598485993824486,72.68592037648801,0.003552611846123203,35.014192653903,0.0057549737809339035,72.22826005775818,0.006886329841754355,34.59677376930608,0.008638080427861305,7.501113988589542,30.791669210378846,108.48329638054301
501.3604999997077,114.83253588516794,1,9.598485993824486,71.61775738456892,0.0035004877642363726,34.05679077003636,0.005702647606234948,71.40775826784547,0.006846564282546247,33.812069791792176,0.008497551267558955,7.501113988589542,30.791669210378846,108.48329638054301
501.3704999997075,114.83253588516794,0,9.598485993824486,70.12191187835681,0.003492451223349853,32.99371322369392,0.005682513982540936,70.33474592639894,0.006794338008598639,32.92159814107702,0.008339714436231244,7.501113988589542,30.791669210378846,108.48329638054301
501.38049999970724,114.83253588516794,0,9.598485993824486,67.12854125945795,0.003492451223349853,31.536202046745608,0.005682312635135669,69.29255118614377,0.006742776283796682,31.999251625851727,0.008177031464149795,7.501113988589542,30.791669210378846,108.48329638054301
501.390499999707,114.83253588516794,0,9.598485993824486,62.31332063007038,0.003492451223349853,29.186355148488826,0.005682312635135669,68.28368243652662,0.006692914351684105,31.155416019161677,0.008027837132312808,7.501113988589542,30.791669210378846,108.48329638054301
501.40049999970677,114.83253588516794,0,9.598485993824486,55.6447419720285,0.003492451223349853,25.919504293113818,0.005682312635135669,67.30967744935074,0.006644636332639568,30.381669178886494,0.007890625949114346,7.501113988589542,30.791669210378846,108.48329638054301
501.41049999970653,114.83253588516794,0,9.598485993824486,47.14233617369926,0.003492451223349853,21.745323589588946,0.005682312635135669,66.36174391721855,0.006597861430026591,29.668835552778038,0.007763928471728328,7.501113988589542,30.791669210378846,108.48329638054301
501.4204999997063,114.83253588516794,0,9.598485993824486,36.86011682383228,0.003492451223349853,16.690508005116236,0.005682312635135669,65.44183656090635,0.006552515919230683,29.009412810109968,0.007646477711291521,7.501113988589542,30.791669210378846,108.48329638054301
501.43049999970606,114.83253588516794,0,9.598485993824486,24.885200118085677,0.003492451223349853,10.79835814551258,0.005682312635135669,64.55235355131009,0.006508527439310202,28.39745564387074,0.007537180580416563,7.501113988589542,30.791669210378846,108.48329638054301
501.4404999997058,114.83253588516794,0,9.598485993824486,11.379441605031841,0.003492451223349853,4.148832566174496,0.005682312635135669,63.685293788196205,0.006465843426502917,27.826898789046982,0.007435093957473292,7.501113988589542,30.791669210378846,108.48329638054301
501.4504999997056,114.83253588516794,0,0.0,0.03047297399791349,0.003785775862137345,-0.8322352041885956,0.0064360199242476344,62.842562424552135,0.006424416261570379,27.292503934233256,0.007339402404689109,7.501113988589542,30.791669210378846,108.48329638054301
501.46049999970535,114.83253588516794,0,0.0,0.7573182510553154,0.004375809306978682,0.1129568452944798,0.007242289574732559,62.027932760032286,0.006384173261595019,26.792115815896025,0.007249400345437782,7.501113988589542,30.791669210378846,108.48329638054301
501.4704999997051,114.83253588516794,0,0.0,1.2716233106627932,0.00478136982569118,0.61649678058262,0.007654999349216191,61.23429425194202,0.006345049205950463,26.322632134172842,0.007164475478777063,7.501113988589542,30.791669210378846,108.48329638054301
501.4804999997049,114.83253588516794,0,0.0,1.647618349396598,0.0050679328189474505,0.9351098804703306,0.007903374285274952,60.46328438849779,0.006307013138725973,25.8799922209752,0.007084090022863837,7.501113988589542,30.791669210378846,108.48329638054301
501.49049999970464,114.83253588516794,0,0.0,1.933403090863659,0.005277539334865567,1.1711181729563416,0.008078779021732178,59.71709821338951,0.006270027777929414,25.46127713179715,0.007007768500506497,7.501113988589542,30.791669210378846,108.48329638054301
501.5004999997044,114.83253588516794,0,0.0,2.159989430202932,0.00543718600065685,1.3657750455499582,0.008218179782000396,58.98828888168202,0.006234069587104086,25.063035896656565,0.00693509117559632,7.501113988589542,30.791669210378846,108.48329638054301
501.51049999970417,114.83253588516794,0,0.0,2.3468083226338927,0.005564224687614306,1.5357283648300126,0.008336982203280382,58.27893077857993,0.00619910901935292,24.68273420404488,0.006865687962022582,7.501113988589542,30.791669210378846,108.48329638054301
501.52049999970393,114.83253588516794,0,0.0,2.506993321092886,0.005669815940363862,1.6888130151569287,0.008441982225194858,57.591649414632116,0.006165105253272207,24.318982432630342,0.006799234011152351,7.501113988589542,30.791669210378846,108.48329638054301
501.5304999997037,114.83253588516794,0,0.0,2.649115261733675,0.005761138914056809,1.8288787791719479,0.008536480646404254,56.91959877776684,0.006132033163178118,23.969560975953115,0.006735445508653584,7.501113988589542,30.791669210378846,108.48329638054301
501.54049999970346,114.83253588516794,0,0.0,2.7781058624414747,0.005842819982528994,1.9575602239419698,0.008622318457110874,56.2649761459434,0.006099863582592392,23.63290118517373,0.006674074250578159,7.501113988589542,30.791669210378846,108.48329638054301
501.5504999997032,114.83253588516794,0,0.0,2.8977943955650125,0.005917846831692428,2.0765788156083285,0.008700701122638783,55.63048017747694,0.00606855681506775,23.308426253600295,0.006614903682713114,7.501113988589542,30.791669210378846,108.48329638054301
501.560499999703,114.83253588516794,0,0.0,3.0107462112447805,0.005988149610648019,2.187170702762955,0.008772526231630988,55.009594570523475,0.006038090165649933,22.99455657116651,0.006557745374321694,7.501113988589542,30.791669210378846,108.48329638054301
501.57049999970275,114.83253588516794,0,0.0,3.1179858598531807,0.00605498106404894,2.289731413132171,0.008838520075648138,54.40448099608172,0.0060084374331570035,22.690237428829086,0.006502434628022347,7.501113988589542,30.791669210378846,108.48329638054301
501.5804999997025,114.83253588516794,0,0.0,3.2208449027755046,0.006119159713033119,2.3853553308071014,0.008899306182429696,53.81781273500573,0.0059795615997796075,22.39535225725028,0.006448827628068074,7.501113988589542,30.791669210378846,108.48329638054301
501.5904999997023,114.83253588516794,0,0.0,3.320266843758631,0.00618122063518957,2.4748871747453958,0.008955430368957384,53.24333552346805,0.0059514430316893055,22.1086953731047,0.006396799033263411,7.501113988589542,30.791669210378846,108.48329638054301
501.60049999970204,114.83253588516794,0,0.0,3.416202941043254,0.006241518191235012,2.5584221329608647,0.009007372810946388,52.68314913663761,0.0059240586581473685,21.8295159808359,0.006346238762179492,7.501113988589542,30.791669210378846,108.48329638054301
501.6104999997018,114.83253588516794,0,0.0,3.5093054754112494,0.006300291709098964,2.6368393531905916,0.009055565063346644,52.139883141607726,0.005897374180487133,21.557978747365443,0.0062970501863855895,7.501113988589542,30.791669210378846,108.48329638054301
501.62049999970156,114.83253588516794,0,0.447152577874474,3.659483822996001,0.006422447485755891,2.7994509388889712,0.0092013893545395,51.60783011563171,0.005871367683567632,21.293512680257695,0.006249148654589082,7.501113988589542,30.791669210378846,108.48329638054301
501.6304999997013,114.83253588516794,0,1.3708663436648025,4.231376970013224,0.006922604523497519,3.4680107876280246,0.009815020066233313,51.088122084827816,0.005846034135421404,21.034369344536636,0.00620245961147735,7.501113988589542,30.791669210378846,108.48329638054301
501.6404999997011,114.83253588516794,0,2.327215784887949,4.992982416959064,0.007577664436264525,4.168863550626453,0.010439942554641356,50.583377537670614,0.005821354269205865,20.780663566026977,0.006156925157794221,7.501113988589542,30.791669210378846,108.48329638054301
501.65049999970086,114.83253588516794,0,3.3075100568724776,5.683785486675609,0.008163063150145882,4.648417141760515,0.010856612209695556,50.08823445002157,0.0057973051473536215,20.53235749826672,0.006112517726584688,7.501113988589542,30.791669210378846,108.48329638054301
501.6604999997006,114.83253588516794,0,4.302358639469016,6.184667177441197,0.008579602824020564,4.906265495999712,0.011070770382931245,49.60484594627101,0.0057738629863663205,20.28960259977373,0.00606923356697567,7.501113988589542,30.791669210378846,108.48329638054301
501.6704999997004,114.83253588516794,0,5.301940048272467,6.479901834470472,0.008816139353106012,4.997829911291015,0.011133363232490612,49.13583271336279,0.005750995277882519,20.05330568292692,0.006027076889835101,7.501113988589542,30.791669210378846,108.48329638054301
501.68049999970015,114.83253588516794,0,6.296291744053338,6.595625048392558,0.008895544791627805,5.015354054324674,0.011133425349243362,48.67569266202692,0.005728686662634054,19.823138833308434,0.005986049328220331,7.501113988589542,30.791669210378846,108.48329638054301
501.6904999996999,114.83253588516794,1,7.275607025531121,6.613463009471413,0.008895767508593767,5.032230855890864,0.011133425349243362,48.22632953148824,0.005706919641089875,19.59892765601182,0.005946141249464626,7.501113988589542,30.791669210378846,108.48329638054301
501.7004999996997,114.83253588516794,1,8.23052420819867,6.631024675243168,0.008895767508593767,5.049792521662619,0.011133425349243362,47.7902754364752,0.0056856653836091006,19.38131958698565,0.005907327750100421,7.501113988589542,30.791669210378846,108.48329638054301
501.71049999969944,114.83253588516794,1,9.15239392471444,6.651461553216203,0.008895767508593767,5.0701661401708265,0.011133425349243362,47.362911007392654,0.005664894724832272,19.170725057326596,0.005869567565865624,7.501113988589542,30.791669210378846,108.48329638054301
501.7204999996992,114.39466158246,1,9.598485993824486,6.891060310716126,0.008895767508593767,5.246682768842461,0.011133425349243362,46.946715120063196,0.005644575915406662,18.96761995144264,0.005832800509764369,7.501113988589542,30.791669210378846,108.48329638054301
501.73049999969896,114.39466158246,1,9.598485993824486,9.899452203632444,0.008895767508593767,7.384513976418985,0.011133425349243362,46.543598819167954,0.005624678590634846,18.77187363667693,0.005796945779246545,7.501113988589542,30.791669210378846,108.48329638054301
501.7404999996987,114.39466158246,1,9.598485993824486,16.32852241523343,0.008895767508593767,11.944666467911533,0.011133425349243362,46.147277915536534,0.005605225143480981,18.580631019177257,0.00576190697574777,7.501113988589542,30.791669210378846,108.48329638054301
501.7504999996985,114.39466158246,1,9.598485993824486,25.98306621325769,0.008895767508593767,18.78863154694086,0.01112990970900587,45.75924859776178,0.005586214528012329,18.41370300507286,0.005731089049126084,7.501113988589542,30.791669210378846,108.48329638054301
501.76049999969825,114.39466158246,1,9.598485993824486,38.56747471914423,0.008895767508593767,25.55664438433806,0.010586180780635453,45.38177578927296,0.005567627680616716,21.39938872919458,0.00622316570088465,7.501113988589542,30.791669210378846,108.48329638054301
501.770499999698,114.39466158246,1,9.598485993824486,52.056281711394384,0.008619822743354173,30.576243065083304,0.009722575110680996,48.12938489370313,0.005672791563145683,25.979167551928388,0.0069804419746835045,7.501113988589542,30.791669210378846,108.48329638054301
501.7804999996978,114.39466158246,1,9.598485993824486,60.19413904241562,0.007658130994422979,34.15778283946735,0.008888411736494031,54.94940686057973,0.005983720457526633,30.0297892400286,0.00765309576401366,7.501113988589542,30.791669210378846,108.48329638054301
501.79049999969754,114.39466158246,1,9.598485993824486,65.35305420854445,0.006704876306870225,36.580144670801744,0.008172236895341772,60.76501529511965,0.006261539249561487,33.1128724631363,0.008165826189387335,7.501113988589542,30.791669210378846,108.48329638054301
501.8004999996973,114.39466158246,1,9.598485993824486,68.88780938662447,0.005914303756032894,38.08731003158597,0.007584379314488141,65.16740812395618,0.006474597815498557,35.258060982041016,0.008522764350868883,7.501113988589542,30.791669210378846,108.48329638054301
501.8104999996971,114.39466158246,1,9.598485993824486,71.31966945170868,0.005283007146436949,38.89788117785724,0.007111494700017335,68.354112568346,0.006629707125921445,36.620289227360026,0.008749530385666508,7.501113988589542,30.791669210378846,108.48329638054301
501.82049999969684,114.39466158246,1,9.598485993824486,72.92541202225448,0.004783993991184748,39.19461494866059,0.006735006090408652,70.57175402356647,0.006738059131585271,37.369129424728335,0.008874160583721554,7.501113988589542,30.791669210378846,108.48329638054301
501.8304999996966,114.39466158246,1,9.598485993824486,73.87611390624154,0.00439172489476502,39.10703576422381,0.006437141863300785,72.01719794106748,0.006809404555668411,37.652392563814736,0.00892132827532034,7.501113988589542,30.791669210378846,108.48329638054301
501.84049999969636,114.39466158246,1,9.598485993824486,74.30678922781681,0.004085806386790437,38.73791952297326,0.006203063269866843,72.85216765143137,0.0068513940567160704,37.58845421035285,0.008910724224171478,7.501113988589542,30.791669210378846,108.48329638054301
501.8504999996961,114.39466158246,1,9.598485993824486,74.31849811306759,0.0038509458432846263,38.167014017886956,0.006021329690127486,73.19886840222054,0.006869736693050989,37.26676385788562,0.008857089786772318,7.501113988589542,30.791669210378846,108.48329638054301
501.8604999996959,114.39466158246,1,9.598485993824486,73.96570847295816,0.0036760989020950363,37.43850784197005,0.005883263536371047,73.13497434256209,0.006868578232203064,36.75195769091085,0.008771276394305286,7.501113988589542,30.791669210378846,108.48329638054301
501.87049999969565,114.39466158246,1,9.598485993824486,73.29318148185672,0.00355384952731842,36.58656633582625,0.005782696523760803,72.72182853372225,0.006850766496672028,36.08948201532865,0.008660850334347527,7.501113988589542,30.791669210378846,108.48329638054301
501.8804999996954,114.39466158246,1,9.598485993824486,72.32299668608324,0.0034800425795757464,35.63363482709228,0.005715846150244432,71.99696630395506,0.006817977663786688,35.30823439116627,0.008530488643539618,7.501113988589542,30.791669210378846,108.48329638054301
501.8904999996952,114.39466158246,1,9.598485993824486,71.04134480167525,0.003453646312962236,34.57726886247697,0.005680961862921351,70.96370838200659,0.006770816776046262,34.421841344211664,0.008382555598566691,7.501113988589542,30.791669210378846,108.48329638054301
501.90049999969494,114.39466158246,0,9.598485993824486,68.8619610487384,0.0034535998469985133,33.35381267728461,0.005675483454641872,69.84997740353344,0.006718493675837786,33.448395193044234,0.008220106312072295,7.501113988589542,30.791669210378846,108.48329638054301
501.9104999996947,114.39466158246,0,9.598485993824486,64.9280416357797,0.0034535998469985133,31.39463849998288,0.005675483454641872,68.78985513904522,0.006668294230662477,32.52862191151988,0.008066465873088497,7.501113988589542,30.791669210378846,108.48329638054301
501.92049999969447,114.39466158246,0,9.598485993824486,59.186042838565484,0.0034535998469985133,28.532979691713145,0.005675483454641872,67.76166885585913,0.0066197566186466834,31.68448067999377,0.007925385918640405,7.501113988589542,30.791669210378846,108.48329638054301
501.93049999969423,114.39466158246,0,9.598485993824486,51.63071493180178,0.0034535998469985133,24.76610217478119,0.005675483454641872,66.76653226206554,0.006572787779945718,30.906499903292943,0.007795315166684446,7.501113988589542,30.791669210378846,108.48329638054301
501.940499999694,114.39466158246,0,9.598485993824486,42.29214944455717,0.0034535998469985133,20.109297551131345,0.005675483454641872,65.80625935917284,0.0065272956534046045,30.18728044587909,0.007674916989195863,7.501113988589542,30.791669210378846,108.48329638054301
501.95049999969376,114.39466158246,0,9.598485993824486,31.25571756046266,0.0034535998469985133,14.605040401070225,0.005675483454641872,64.87274291095936,0.00648321634843716,29.51927862289258,0.007563039535902231,7.501113988589542,30.791669210378846,108.48329638054301
501.9604999996935,114.39466158246,0,9.598485993824486,18.636242160682,0.0034535998469985133,8.310518002415868,0.005675483454641872,63.96766088920179,0.006440488920435919,28.896385444017874,0.007458688399492985,7.501113988589542,30.791669210378846,108.48329638054301
501.9704999996933,114.39466158246,0,9.598485993824486,4.581370768344861,0.003459169319808719,1.5631777809896192,0.005829262345170393,63.09317888667299,0.006399046219746101,28.31402664610966,0.0073610045481720225,7.501113988589542,30.791669210378846,108.48329638054301
501.98049999969305,114.39466158246,0,0.0,1.3011679774338973,0.004099551845419886,0.5277400145742148,0.006835844933242257,62.24180573591827,0.006358845585811742,27.76705954700728,0.0072692458003402755,7.501113988589542,30.791669210378846,108.48329638054301
501.9904999996928,114.39466158246,0,0.0,1.8813920480011905,0.004592103324159279,1.1302137414646274,0.007367339442539936,61.416343194543586,0.006319817376419775,27.25290970135564,0.0071827688230812255,7.501113988589542,30.791669210378846,108.48329638054301
502.0004999996926,114.39466158246,0,0.0,2.2891417169780803,0.004934872074888868,1.469745797369436,0.007664065113097878,60.61885351318237,0.006281904963899904,26.768606782031668,0.007101011746191578,7.501113988589542,30.791669210378846,108.48329638054301
502.01049999969234,114.39466158246,0,0.0,2.5853584098730296,0.0051809494877004,1.6971574463518952,0.007860332485660532,59.841994268778464,0.006245079137505812,26.31014943890275,0.007023479166045659,7.491031037426697,31.56535175850917,107.14413619970912
502.0204999996921,114.39466158246,0,0.0,2.8086965957787613,0.005364414091638549,1.8722244726000805,0.008009925727509625,59.08746212248916,0.006209307470715345,25.874426634664996,0.006949732204467504,7.491031037426697,31.56535175850917,107.14413619970912
502.03049999969187,114.39466158246,0,0.0,2.984545656568289,0.005507150650974635,2.019737916878737,0.008134840168431443,58.35746841122448,0.0061745463856027845,25.459474661554008,0.006879383325129633,7.491031037426697,31.56535175850917,107.14413619970912
502.04049999969163,114.39466158246,0,0.0,3.1292723121400257,0.005623214661746701,2.1501876330301566,0.008244440950892879,57.64529490225491,0.0061407681615278905,25.062605411443265,0.006812092161761683,7.491031037426697,31.56535175850917,107.14413619970912
502.0504999996914,114.39466158246,0,0.0,3.2528711638648855,0.005721644205625442,2.267911019204225,0.008343021144855052,56.95285417347444,0.006107941213016732,24.681859968635145,0.006747560104336291,7.491031037426697,31.56535175850917,107.14413619970912
502.06049999969116,114.39466158246,0,0.0,3.3623112440755794,0.0058082581599072465,2.3756259575801106,0.0084328013170357,56.282480911655774,0.006076024019060958,24.31622079780053,0.006685526113753004,7.491031037426697,31.56535175850917,107.14413619970912
502.0704999996909,114.39466158246,0,0.0,3.4621757451947945,0.005886804155021986,2.4749575035317792,0.008515117683184515,55.627850133556464,0.006044990987567093,23.963827570818165,0.006625762806379467,7.491031037426697,31.56535175850917,107.14413619970912
502.0804999996907,114.39466158246,0,0.0,3.5548498711140124,0.005959702752567301,2.566538451758072,0.008590901563102807,54.99090438928514,0.006014813280765201,23.623399672236626,0.006568071597631226,7.491031037426697,31.56535175850917,107.14413619970912
502.09049999969045,114.39466158246,0,0.0,3.6423842748309694,0.006028523392078095,2.6514335725850895,0.008660884228288776,54.37397190520066,0.005985452908946493,23.294466245778686,0.00651227931464793,7.491031037426697,31.56535175850917,107.14413619970912
502.1004999996902,114.39466158246,0,0.0,3.7262390346574814,0.006094284593174617,2.730506727635406,0.00872567722844275,53.771023195809576,0.005956887244119585,22.97566950803102,0.006458235259244188,7.491031037426697,31.56535175850917,107.14413619970912
502.11049999969,114.39466158246,0,0.0,3.8067688484657163,0.006157652562762666,2.8039503661240524,0.008785807778701148,53.18398094495477,0.005929090533387691,22.666143553013757,0.00640580751650782,7.491031037426697,31.56535175850917,107.14413619970912
502.12049999968974,114.39466158246,0,0.0,3.884690321755796,0.006219068181214274,2.8725181479597994,0.008841744725503546,52.61513638555569,0.005902028335277596,22.365746560667347,0.006354880682172378,7.491031037426697,31.56535175850917,107.14413619970912
502.1304999996895,114.39466158246,0,0.0,3.9606395864005868,0.0062788235803126835,2.9368815830471484,0.008893906195942084,52.05872229270861,0.00587568083749824,22.073440671118465,0.006305353968162319,7.491031037426697,31.56535175850917,107.14413619970912
502.14049999968927,114.39466158246,0,0.0,4.034424555004827,0.006337116537118605,2.997060548426274,0.008942663111770837,51.516630483783196,0.005850025122379424,21.788621645942456,0.006257138547127434,7.491031037426697,31.56535175850917,107.14413619970912
502.15049999968903,114.39466158246,0,0.81220201606152,4.313829583319022,0.006597964616435842,3.335294429295145,0.009277416429395287,50.99130731386648,0.005825025618123731,21.511636944233867,0.006210156179327941,7.491031037426697,31.56535175850917,107.14413619970912
502.1604999996888,114.39466158246,0,1.7499579332561088,4.985829456228842,0.00719475102489201,4.040500867470572,0.009929480749315794,50.47642493926408,0.005800685666951738,21.240436442687745,0.0061643399741485826,7.491031037426697,31.56535175850917,107.14413619970912
502.17049999968856,114.39466158246,0,2.716973068269756,5.726826364619882,0.007841229890074342,4.633306664423571,0.010466045703775339,49.9741710313502,0.005776984407451135,20.974996573880706,0.006119645134033222,7.491031037426697,31.56535175850917,107.14413619970912
502.1804999996883,114.39466158246,0,3.704246371655628,6.334177271519096,0.008364928719099246,4.994863215661237,0.010788504556371882,49.48698276236006,0.0057538873113976595,20.716101618918774,0.006076057228544238,7.491031037426697,31.56535175850917,107.14413619970912
502.1904999996881,114.39466158246,0,4.7021811993437215,6.7372197454370495,0.00870776393769958,5.163004306623117,0.010934038637102444,49.00964718591194,0.005731375964981093,20.46352426085849,0.006033579419648487,7.491031037426697,31.56535175850917,107.14413619970912
502.20049999968785,114.39466158246,0,5.700864136481049,6.943566686239475,0.008878666676069964,5.19403285977997,0.010956203604164282,48.54405933774533,0.0057094296662632245,20.21735789254327,0.005992217373670984,7.491031037426697,31.56535175850917,107.14413619970912
502.2104999996876,114.39466158246,1,6.690359455660843,6.9866307207282725,0.008908917731581723,5.197211304630241,0.010956203604164282,48.09239297457816,0.005688020626518419,19.9781498948752,0.005951970188337789,7.491031037426697,31.56535175850917,107.14413619970912
502.2204999996874,114.39466158246,1,7.661004680605171,6.99069878713324,0.008908917731581723,5.2012118941031265,0.010956203604164282,47.649497666390516,0.005667134803732914,19.74538675248114,0.005912823824182118,7.491031037426697,31.56535175850917,107.14413619970912
502.23049999968714,114.39466158246,1,8.603692649942937,6.9964708218709735,0.008908917731581723,5.206916964310183,0.010956203604164282,47.21751765427471,0.005646748824189525,19.519318491392355,0.005874747830188529,7.491031037426697,31.56535175850917,107.14413619970912
502.2404999996869,114.39466158246,1,9.510126406385815,7.005013212874846,0.008908917731581723,5.215459355314055,0.010956203604164282,46.79895675046533,0.005626824590676988,19.300843484275706,0.005837694243252494,7.491031037426697,31.56535175850917,107.14413619970912
502.25049999968667,114.06844106463933,1,9.598485993824486,8.005988361885679,0.008908917731581723,5.909286429738167,0.010956203604164282,46.38947094293368,0.005607334620993115,19.090052946173195,0.005801595584413816,7.491031037426697,31.56535175850917,107.14413619970912
502.26049999968643,114.06844106463933,1,9.598485993824486,12.379362884120404,0.008908917731581723,8.928348615936773,0.010956203604164282,45.9897783250749,0.005588277721843671,18.885088984612374,0.0057663637465100795,7.491031037426697,31.56535175850917,107.14413619970912
502.2704999996862,114.06844106463933,1,9.598485993824486,20.103390004131438,0.008908917731581723,14.257449110579504,0.010956203604164282,45.60143205166025,0.00556964966855669,18.684924428314947,0.005731900290854219,7.491031037426697,31.56535175850917,107.14413619970912
502.28049999968596,114.06844106463933,1,9.598485993824486,30.94312000967692,0.008908917731581723,21.4444419335755,0.010849886046107808,45.21959102583651,0.005551446772726773,19.120769111441064,0.005802997978687095,7.491031037426697,31.56535175850917,107.14413619970912
502.2904999996857,114.06844106463933,1,9.598485993824486,44.56338625212626,0.008908917731581723,27.40575417591184,0.010138608302898994,44.84591190662524,0.005533658686516755,23.00940563804663,0.0064469007045315635,7.491031037426697,31.56535175850917,107.14413619970912
502.3004999996855,114.06844106463933,1,9.598485993824486,55.76047673896299,0.008238172408049768,31.753251052180968,0.009287631351122648,50.76038102409484,0.005780922841421208,27.388932576106406,0.0071738488561889765,7.491031037426697,31.56535175850917,107.14413619970912
502.31049999968525,114.06844106463933,1,9.598485993824486,62.34601480610867,0.007235991462010211,34.79431262034365,0.008512526383523459,57.29598656257804,0.00608836979037115,31.000246171690033,0.007775144603338686,7.491031037426697,31.56535175850917,107.14413619970912
502.320499999685,114.06844106463933,1,9.598485993824486,66.71990845192717,0.006346783635360889,36.794285119432296,0.00786089720633888,62.50022789674768,0.0063395207166859055,33.65154908865742,0.008217282936454882,7.491031037426697,31.56535175850917,107.14413619970912
502.3304999996848,114.06844106463933,1,9.598485993824486,69.75126527245159,0.005625472354602181,37.989528818103544,0.007330901725723007,66.36165532142013,0.006527330256647665,35.437859297891016,0.008515613987667226,7.491031037426697,31.56535175850917,107.14413619970912
502.34049999968454,114.06844106463933,1,9.598485993824486,71.80759969527217,0.0050524781538868555,38.57331017163334,0.006906376278062105,69.110909118566,0.006661929565600196,36.52237864023554,0.008697265367143056,7.491031037426697,31.56535175850917,107.14413619970912
502.3504999996843,114.06844106463933,1,9.598485993824486,73.1160510531559,0.004600433056184057,38.703544006365554,0.006569019698332948,70.979739002067,0.006754125940774423,37.06508919632773,0.008788799719669777,7.491031037426697,31.56535175850917,107.14413619970912
502.36049999968407,114.06844106463933,1,9.598485993824486,73.83956800637573,0.004245922255735888,38.50428810942565,0.006302679759602168,72.15599231465616,0.00681277078290292,37.19949528619266,0.008812314985044098,7.491031037426697,31.56535175850917,107.14413619970912
502.37049999968383,114.06844106463933,1,9.598485993824486,74.08504220409127,0.003970756452421549,38.05848348139992,0.006094151825548294,72.7736558367465,0.0068446665300185274,37.029456762077935,0.008785146311696268,7.491031037426697,31.56535175850917,107.14413619970912
502.3804999996836,114.06844106463933,1,9.598485993824486,73.93728338059402,0.0037614513290677677,37.429985517452394,0.005933248433639558,72.939710053798,0.006854859717736804,36.633099992707905,0.00872026614455024,7.491031037426697,31.56535175850917,107.14413619970912
502.39049999968336,114.06844106463933,1,9.598485993824486,73.45517706202386,0.003608529272164707,36.666197450912,0.005812607797032276,72.73107839445213,0.006846927398591485,36.06617197894677,0.008626860047536749,7.491031037426697,31.56535175850917,107.14413619970912
502.4004999996831,114.06844106463933,1,9.598485993824486,72.66251186188363,0.003505915517162006,35.788307458242684,0.005727117105655836,72.18885688829647,0.00682323445357572,35.36601334128829,0.008511209640838997,7.491031037426697,31.56535175850917,107.14413619970912
502.4104999996829,114.06844106463933,1,9.598485993824486,71.57183943992243,0.0034506718298218703,34.80897778067867,0.005673775653319418,71.3408743879941,0.006785043497570265,34.55536211454844,0.008377081280556762,7.491031037426697,31.56535175850917,107.14413619970912
502.42049999968265,114.06844106463933,0,9.598485993824486,70.11169626895945,0.0034401379351932868,33.72856512204127,0.005651799768567284,70.23207488463125,0.00673400042940131,33.64281410669482,0.008225827065108798,7.491031037426697,31.56535175850917,107.14413619970912
502.4304999996824,114.06844106463933,0,9.598485993824486,67.28048257861629,0.0034401379351932868,32.310490159180816,0.005651250878737455,69.14592081179791,0.006682966522580153,32.68915648987305,0.008067682638465988,7.491031037426697,31.56535175850917,107.14413619970912
502.4404999996822,114.06844106463933,0,9.598485993824486,62.679736579425324,0.0034401379351932868,30.037168537630908,0.005651250878737455,68.09711055838984,0.006633681395843928,31.812558298762454,0.007922292350119424,7.491031037426697,31.56535175850917,107.14413619970912
502.45049999968194,114.06844106463933,0,9.598485993824486,56.27794043364396,0.0034401379351932868,26.873669879952708,0.005651250878737455,67.08610252535405,0.0065860168882195085,31.006702556502113,0.007788547655272945,7.491031037426697,31.56535175850917,107.14413619970912
502.4604999996817,114.06844106463933,0,9.598485993824486,48.08487333961172,0.0034401379351932868,22.82475579701026,0.005651250878737455,66.10474644444777,0.0065398877043235226,30.26252258385891,0.007665020741032182,7.491031037426697,31.56535175850917,107.14413619970912
502.47049999968146,114.06844106463933,0,9.598485993824486,38.15118547785486,0.0034401379351932868,17.915413757349228,0.005651250878737455,65.15436880616166,0.006495216605394902,29.572607239890957,0.00755048086755717,7.491031037426697,31.56535175850917,107.14413619970912
502.48049999968123,114.06844106463933,0,9.598485993824486,26.563622151614872,0.0034401379351932868,12.188641788910045,0.005651250878737455,64.23660399141423,0.006451929160532694,28.93091015851012,0.007443866492267918,7.491031037426697,31.56535175850917,107.14413619970912
502.490499999681,114.06844106463933,0,9.598485993824486,13.464419481776611,0.0034401379351932868,5.714690757781476,0.005651250878737455,63.34416265708475,0.0064099687806035725,28.331486347784193,0.007344261853862076,7.491031037426697,31.56535175850917,107.14413619970912
502.50049999968076,114.06844106463933,0,0.0,0.9288167877500269,0.0036746636841927267,-0.020840533059227173,0.006239598248880275,62.478589884637884,0.006369281894341423,27.769410217514494,0.007250875366536857,7.491031037426697,31.56535175850917,107.14413619970912
502.5104999996805,114.06844106463933,0,0.0,1.6592460734118095,0.004301303176046724,0.904997280415218,0.00706248723190773,61.64222836782934,0.006329806127077008,27.241443360525725,0.0071630222530037965,7.491031037426697,31.56535175850917,107.14413619970912
502.5204999996803,114.06844106463933,0,0.0,2.1618946783974677,0.004730135519835259,1.3748549112262323,0.007479558514481469,60.82869903915583,0.00629148055281176,26.744394911310334,0.007080108505748417,7.491031037426697,31.56535175850917,107.14413619970912
502.53049999968005,114.06844106463933,0,0.0,2.517375656221936,0.005031536588291826,1.6562229686653378,0.0077284749344109765,60.039506367544334,0.006254264718746552,26.27476115278848,0.007001612494383698,7.491031037426697,31.56535175850917,107.14413619970912
502.5404999996798,114.06844106463933,0,0.0,2.777545427079272,0.005250637231415733,1.8551370834431657,0.007903591565920137,59.276350162189615,0.006218117177958197,25.829695509743036,0.006927072516568888,7.491031037426697,31.56535175850917,107.14413619970912
502.5504999996796,114.06844106463933,0,0.0,2.9759564526839912,0.005416383964991583,2.0143017741626834,0.00804288666047921,58.53267139609662,0.006183006816155717,25.406093451313076,0.006856080341421373,7.491031037426697,31.56535175850917,107.14413619970912
502.56049999967934,114.06844106463933,0,0.0,3.133732290952816,0.005547359106712127,2.1509663452449015,0.008162066101221476,57.810217353592336,0.0061488988685402335,25.00164038353569,0.006788275616762552,7.491031037426697,31.56535175850917,107.14413619970912
502.5704999996791,114.06844106463933,0,0.0,3.2646408449638704,0.005655499925869446,2.2727439805777,0.008267974411942021,57.11091987066433,0.006115754116548683,24.614647601010887,0.006723341796070382,7.491031037426697,31.56535175850917,107.14413619970912
502.58049999967886,114.06844106463933,0,0.0,3.3778697392626347,0.0057484768809128745,2.3834771788833278,0.008363877365855648,56.42869703511585,0.006083542986846682,24.243054161543576,0.0066610021727244815,7.491031037426697,31.56535175850917,107.14413619970912
502.5904999996786,114.06844106463933,0,0.0,3.478853832346572,0.005831227273235352,2.484871792012508,0.008451556800158149,55.765396081997864,0.006052232971455034,23.88541089487583,0.006601014781349598,7.491031037426697,31.56535175850917,107.14413619970912
502.6004999996784,114.06844106463933,0,0.0,3.5712695222632984,0.005906935799320394,2.578195106194494,0.008532154872911426,55.12299530802019,0.0060217880506811955,23.540738545787338,0.006543168567748376,7.491031037426697,31.56535175850917,107.14413619970912
502.61049999967815,114.06844106463933,0,0.0,3.657860365361235,0.0059776583258150905,2.6646434366483662,0.008606509972340602,54.495729598373046,0.005992181590968469,23.207607034549344,0.006487279930387377,7.491031037426697,31.56535175850917,107.14413619970912
502.6204999996779,114.06844106463933,0,0.0,3.7398948936820418,0.0060447280208494525,2.744705557991727,0.008675295253401648,53.88544846353147,0.005963384272421559,22.885088646978737,0.006433188517352145,7.491031037426697,31.56535175850917,107.14413619970912
502.6304999996777,114.06844106463933,0,0.0,3.818353085098731,0.0061090150275374365,2.8190133253163276,0.008739086428470842,53.294115211901634,0.005935363686884975,22.572631369897202,0.006380754412679558,7.491031037426697,31.56535175850917,107.14413619970912
502.64049999967744,114.06844106463933,0,0.0,3.8942746198484848,0.006171088349554289,2.8884193268493146,0.00879838760632033,52.71622907766089,0.005908096243570902,22.269200382224707,0.006329855736190333,7.491031037426697,31.56535175850917,107.14413619970912
502.6504999996772,114.06844106463933,0,0.0,3.9678140084820295,0.006231324782239555,2.953158904336435,0.008853642812282474,52.153618188266826,0.005881555698054674,21.974193386722778,0.006280385563348957,7.491031037426697,31.56535175850917,107.14413619970912
502.660499999677,114.06844106463933,0,0.0,4.039215886900186,0.006289978578392902,3.013652910143591,0.008905251445634312,51.60821617864963,0.005855712997136462,21.68732105108349,0.006232250123845947,7.491031037426697,31.56535175850917,107.14413619970912
502.67049999967674,114.06844106463933,0,0.1775899657781093,4.114293319039361,0.006356248197559988,3.078609308925996,0.008968058064072701,51.07487789477488,0.005830546971716503,21.40791668095304,0.006185367311642672,7.491031037426697,31.56535175850917,107.14413619970912
502.6804999996765,114.06844106463933,0,1.089952593717379,4.412816657912279,0.006746737155516524,3.465550041852495,0.009462897905652651,50.466237736749704,0.005807956200064191,21.007051157581138,0.006139664579456708,7.491031037426697,31.56535175850917,107.14413619970912
502.69049999967626,114.06844106463933,0,2.0373855357064543,5.072186794270665,0.007380993831815061,4.106810157310517,0.010105712152245313,49.926982855284464,0.005785163750305259,20.68284282373599,0.006095082094825488,7.491031037426697,31.56535175850917,107.14413619970912
502.700499999676,114.06844106463933,0,3.0114554693843347,5.725989546286109,0.007999817388565485,4.5721319420636615,0.01057769708050215,49.39914422540068,0.0057630068691578145,20.365451765562916,0.006051586841916484,7.491031037426697,31.56535175850917,107.14413619970912
502.7104999996758,114.06844106463933,0,4.00295487831223,6.215207113385418,0.008469313773451143,4.812495831297756,0.010841974106764055,48.88531493214553,0.005741471912595737,20.05533667806844,0.006009173136799896,7.491031037426697,31.56535175850917,107.14413619970912
502.72049999967555,114.06844106463933,0,5.002161825730361,6.4977976792987215,0.008756715498127938,4.876954962691503,0.010945230153762371,48.38715272429564,0.005720534785323618,19.752581701620343,0.00596784715189772,7.491031037426697,31.56535175850917,107.14413619970912
502.7304999996753,114.06844106463933,0,5.999124948878174,6.593674077168341,0.00887987422096895,4.832758465358495,0.010951352718286012,47.89994098302162,0.005700171415643652,19.457248370863706,0.005927614900981039,7.491031037426697,31.56535175850917,107.14413619970912
502.7404999996751,114.06844106463933,1,6.983959797642021,6.555013289752039,0.008888450812732528,4.781283787715235,0.010951352718286012,47.42551028869107,0.005680354809790427,19.16962251366114,0.00588847327167594,7.491031037426697,31.56535175850917,107.14413619970912
502.75049999967484,114.06844106463933,1,7.947141858574677,6.505084273235858,0.008888450812732528,4.7313547711990545,0.010951352718286012,46.96536948071113,0.005661067219794,18.889433694169842,0.005850404556160824,7.491031037426697,31.56535175850917,107.14413619970912
502.7604999996746,114.06844106463933,1,8.879781834444692,6.459051268677333,0.008888450812732528,4.685259997832322,0.010951352718286012,46.51558213835728,0.005642273740878534,18.617359647681788,0.005813374741027253,7.491031037426697,31.56535175850917,107.14413619970912
502.77049999967437,113.85199240986775,1,9.598485993824486,6.422127967338321,0.008888450812732528,4.646921037920704,0.010951352718286012,46.078448866337695,0.005623935951872786,18.354173256670446,0.005777331295716422,7.491031037426697,31.56535175850917,107.14413619970912
502.78049999967413,113.85199240986775,1,9.598485993824486,8.306013879561487,0.008888450812732528,5.936490107748016,0.010951352718286012,45.65577075360643,0.005606020960008334,18.099973140627757,0.005742201137428904,7.491031037426697,31.56535175850917,107.14413619970912
502.7904999996739,113.85199240986775,1,9.598485993824486,13.627967411359865,0.008888450812732528,9.601163347193078,0.010951352718286012,45.24185466467893,0.005588537753311247,17.852300959632053,0.005707892499281627,7.491031037426697,31.56535175850917,107.14413619970912
502.80049999967366,113.85199240986775,1,9.598485993824486,22.22588784473017,0.008888450812732528,15.528827595342081,0.010951352718286012,44.83814458503856,0.005571477622560381,17.61021960115207,0.0056743081118933395,7.491031037426697,31.56535175850917,107.14413619970912
502.8104999996734,113.85199240986775,1,9.598485993824486,33.83597866997568,0.008888450812732528,22.533154456022935,0.01065599766242448,44.44578787397401,0.005554837634040304,19.111962958218037,0.005929893301806949,7.491031037426697,31.56535175850917,107.14413619970912
502.8204999996732,113.85199240986775,1,9.598485993824486,47.71785667322915,0.008803065180466887,27.865538786781727,0.009857447781517006,45.28470030464597,0.005583392049507325,23.375543051628213,0.0066436966308341255,7.491031037426697,31.56535175850917,107.14413619970912
502.83049999967295,113.85199240986775,1,9.598485993824486,57.13120207045629,0.007943386602698875,31.711404641820376,0.009021482494273122,51.924761732155936,0.005879189267478054,27.50964206707229,0.007338855122579759,7.491031037426697,31.56535175850917,107.14413619970912
502.8404999996727,113.85199240986775,1,9.598485993824486,62.890573264407024,0.006960929472585053,34.34711055470937,0.00828511599186703,58.07367977771267,0.0061742694004096555,30.762108686494447,0.007889031342164402,7.491031037426697,31.56535175850917,107.14413619970912
502.8504999996725,113.85199240986775,1,9.598485993824486,66.78448332987777,0.006123460086395013,36.02190622010526,0.007673857317896939,62.82890628614279,0.006407139106183087,33.07422233348706,0.008282967588821275,7.491031037426697,31.56535175850917,107.14413619970912
502.86049999967224,113.85199240986775,1,9.598485993824486,69.47459086208501,0.005450114463131993,36.95835797159857,0.007179405993171164,66.30906211306801,0.006579315224994588,34.57486207456455,0.008541707293222647,7.491031037426697,31.56535175850917,107.14413619970912
502.870499999672,113.85199240986775,1,9.598485993824486,71.27403668168225,0.004916479471812132,37.34264332042536,0.006784434166506142,68.75890228865902,0.006701715074356906,35.42865190989274,0.008692644355376124,7.491031037426697,31.56535175850917,107.14413619970912
502.88049999967177,113.85199240986775,1,9.598485993824486,72.37875533646098,0.004496111591658857,37.31653586470251,0.006471147340835969,70.38836668889897,0.0067845938392677736,35.78763495088608,0.00876103782727794,7.491031037426697,31.56535175850917,107.14413619970912
502.89049999967153,113.85199240986775,1,9.598485993824486,72.93478285486636,0.004167248508429572,36.989851185231984,0.00622422216571291,71.37043726007707,0.00683614353111744,35.7765366031169,0.008767523251146369,7.491031037426697,31.56535175850917,107.14413619970912
502.9004999996713,113.85199240986775,1,9.598485993824486,73.04742798141278,0.003913236182301393,36.44457734611066,0.006031539835374598,71.83600318817301,0.006862600916215466,35.48966413554103,0.008727875435331198,7.491031037426697,31.56535175850917,107.14413619970912
502.91049999967106,113.85199240986775,1,9.598485993824486,72.78428466822267,0.0037219083375385304,35.73355188736284,0.005883835567174962,71.87301793741914,0.006868528696659777,34.997490136849876,0.00865379725500285,7.491031037426697,31.56535175850917,107.14413619970912
502.9204999996708,113.85199240986775,1,9.598485993824486,72.1958091683093,0.0035848804293799105,34.895332409299215,0.005774388282072625,71.54990623736282,0.006857110234876249,34.35060499259697,0.008553592460251808,7.491031037426697,31.56535175850917,107.14413619970912
502.9304999996706,113.85199240986775,1,9.598485993824486,71.30800650927195,0.003497060126091554,33.954019018857075,0.005698822515066026,70.90957075223693,0.006830371174753077,33.580765016899306,0.008432649676055544,7.491031037426697,31.56535175850917,107.14413619970912
502.94049999967035,113.85199240986775,1,9.598485993824486,70.11731330795972,0.0034564639357832477,32.91375074179237,0.00565478503627642,69.96383304261815,0.006789238854865707,32.70636383659222,0.008293995909584451,7.491031037426697,31.56535175850917,107.14413619970912
502.9504999996701,113.85199240986775,0,9.598485993824486,68.35587333371431,0.0034535544498720417,31.767314762690948,0.005641867117261098,68.83242715599545,0.006738361041367856,31.73368741290367,0.008138574870695105,7.491031037426697,31.56535175850917,107.14413619970912
502.9604999996699,113.85199240986775,0,9.598485993824486,64.97053125788246,0.0034535544498720417,30.094854289927373,0.005641867117261098,67.7593047530338,0.006689347212073926,30.770451068231864,0.007984542123705873,7.491031037426697,31.56535175850917,107.14413619970912
502.97049999966964,113.85199240986775,0,9.598485993824486,59.79594043497737,0.0034535544498720417,27.547800279185715,0.005641867117261098,66.71992771510595,0.006642015586868303,29.88515048988519,0.007843269191841896,7.491031037426697,31.56535175850917,107.14413619970912
502.9804999996694,113.85199240986775,0,9.598485993824486,52.815281808218366,0.0034535544498720417,24.118208591455097,0.005641867117261098,65.71536402911703,0.006596252468083582,29.068875670837805,0.007713172177147453,7.491031037426697,31.56535175850917,107.14413619970912
502.99049999966917,113.85199240986775,0,9.598485993824486,44.047822899692505,0.0034535544498720417,19.81497942646689,0.005641867117261098,64.74591886788241,0.006551985329516818,28.312474817098455,0.007592887002501753,7.491031037426697,31.56535175850917,107.14413619970912
503.00049999966893,113.85199240986775,0,9.598485993824486,33.55731940081506,0.0034535544498720417,14.669538683876738,0.005641867117261098,63.80459777302216,0.006509133353655574,27.60905535692931,0.007481238598016453,7.491031037426697,31.56535175850917,107.14413619970912
503.0104999996687,113.85199240986775,0,9.598485993824486,21.44868812902158,0.0034535544498720417,8.733486556799242,0.005641867117261098,62.89317661871026,0.006467619231972077,26.953172637932628,0.0073772130177450395,7.48235988753885,32.24612074968869,105.91058414392337
503.02049999966846,113.85199240986775,0,9.598485993824486,7.861638158675791,0.0034535544498720417,2.0958715785929334,0.005657306268372495,62.01237976824415,0.006427398862802694,26.338538558176147,0.007279934760318332,7.48235988753885,32.24612074968869,105.91058414392337
503.0304999996682,113.85199240986775,0,0.0,-0.44278830004309677,0.0038893524117299327,-1.206032422169422,0.0066351594224870825,61.15555964498145,0.006388417791065811,25.760391566059514,0.007188647686358972,7.48235988753885,32.24612074968869,105.91058414392337
503.040499999668,113.85199240986775,0,0.0,0.17881537573708783,0.004443717132117322,-0.43012541510503866,0.00734777552353926,60.326348164022555,0.006350585397589706,25.217638065642426,0.007102697119828537,7.48235988753885,32.24612074968869,105.91058414392337
503.05049999966775,113.85199240986775,0,0.0,0.6025939999632888,0.004825610964959445,-0.026721936000929425,0.007728080718638124,59.52564923796931,0.006313853827059752,24.70624551575685,0.007021513257475878,7.48235988753885,32.24612074968869,105.91058414392337
503.0604999996675,113.85199240986775,0,0.0,0.8995365608292794,0.005096380609302186,0.22196947509510867,0.007968915933991924,58.74699530841891,0.006278182524173946,24.222688247899676,0.006944594874974797,7.48235988753885,32.24612074968869,105.91058414392337
503.0704999996673,113.85199240986775,0,0.0,1.1149910250046293,0.005295351860548491,0.4023062508828037,0.00814698840811886,57.99205655481203,0.006243528987955522,23.76431346882147,0.00687149777983108,7.48235988753885,32.24612074968869,105.91058414392337
503.08049999966704,113.85199240986775,0,0.0,1.276301657326342,0.005447745820701238,0.5473600004502783,0.00829332903010135,57.261399158134616,0.006209880502132092,23.32711030334505,0.006801829128805714,7.48235988753885,32.24612074968869,105.91058414392337
503.0904999996668,113.85199240986775,0,0.0,1.4029392596300099,0.0055697406646000305,0.6723453319829629,0.008420912461143425,56.549328955393804,0.0061771972177269915,22.90906051295653,0.006735243292282786,7.48235988753885,32.24612074968869,105.91058414392337
503.10049999966657,113.85199240986775,0,0.0,1.507311965184682,0.005671724926441181,0.784081713226672,0.008535510167438743,55.85795456307293,0.006145434156147724,22.508942526719167,0.006671436732100273,7.48235988753885,32.24612074968869,105.91058414392337
503.11049999966633,113.85199240986775,0,0.0,1.5955888398466156,0.005760376601652375,0.8841754616837125,0.008639977752203421,55.18809380281507,0.006114578859212824,22.123849168882685,0.006610143912574682,7.48235988753885,32.24612074968869,105.91058414392337
503.1204999996661,113.85199240986775,0,0.0,1.6737574003475908,0.005839990831101789,0.9753767443799743,0.008735952489002599,54.53452657284974,0.006084591470653804,21.752752360854153,0.006551133394798079,7.48235988753885,32.24612074968869,105.91058414392337
503.13049999966586,113.85199240986775,0,0.0,1.7455424437905087,0.005913336912610994,1.0594132457704148,0.008824528312760163,53.899480108503205,0.006055428306085717,21.395223289857586,0.006494203092267558,7.48235988753885,32.24612074968869,105.91058414392337
503.1404999996656,113.85199240986775,0,0.0,1.811450311728712,0.005982206287393943,1.135640714432518,0.008906538504813509,53.28378793612694,0.00602708054633615,21.04891763952344,0.0064391768249811845,7.48235988753885,32.24612074968869,105.91058414392337
503.1504999996654,113.85199240986775,0,0.0,1.8739144630986493,0.006047759678985938,1.2058457639703555,0.008982671952474569,52.68253451900695,0.005999510652746946,20.713367773462018,0.006385901290581776,7.48235988753885,32.24612074968869,105.91058414392337
503.16049999966515,113.85199240986775,0,0.0,1.9343633794576807,0.006110754155347706,1.2712403248644968,0.009053518100380561,52.097968058021024,0.005972677547365325,20.38860591524235,0.006334242417983437,7.48235988753885,32.24612074968869,105.91058414392337
503.1704999996649,113.85199240986775,0,0.0,1.9917458759887525,0.0061716884836421695,1.3307819563170815,0.009119597462777141,51.53088064459202,0.005946576590737425,20.072594487536115,0.006284083007461346,7.48235988753885,32.24612074968869,105.91058414392337
503.1804999996647,113.85199240986775,0,0.0,2.0475703048482776,0.006230892495721924,1.3860571840887497,0.009181376211515768,50.97661279386671,0.005921172780889381,19.765216080608553,0.006235320738825797,7.48235988753885,32.24612074968869,105.91058414392337
503.19049999966444,113.85199240986775,0,0.0,2.1026629368240686,0.00628858825538559,1.4381052310035471,0.009239267525578828,50.43741091952465,0.005896427621540216,19.466792855454003,0.0061878655592644055,7.48235988753885,32.24612074968869,105.91058414392337
503.2004999996642,113.85199240986775,0,0.4019672239808142,2.2020697468120574,0.006396576404640428,1.5586208687374121,0.00937842164346537,49.91454862338789,0.0058723326461253625,19.1761280045337,0.006141638222106219,7.48235988753885,32.24612074968869,105.91058414392337
503.21049999966397,113.85199240986775,0,1.3238369404965855,2.714778501024501,0.0068747548532389294,2.203621145546995,0.010002761799759358,49.40194942418636,0.0058488768303088965,18.891324060083043,0.006096569427751902,7.48235988753885,32.24612074968869,105.91058414392337
503.22049999966373,113.85199240986775,0,2.278754123164132,3.433795071779045,0.00752071596604193,2.9061341900497686,0.010658943481922619,48.9019301553531,0.005826047675523687,18.612417801793978,0.006052604948227051,7.48235988753885,32.24612074968869,105.91058414392337
503.2304999996635,113.85199240986775,0,3.258069404641916,4.092316619791329,0.008106655100266806,3.3838405436884447,0.011104292206656385,48.41583437415218,0.005803833492023814,18.338778222585148,0.006009719507516117,7.48235988753885,32.24612074968869,105.91058414392337
503.24049999966326,113.85199240986775,0,4.252421100422787,4.567376361816804,0.008528555249326959,3.6308066831794896,0.011338189189580206,47.939787689931045,0.0057821935500621735,18.071510392927244,0.005967912222066377,7.48235988753885,32.24612074968869,105.91058414392337
503.250499999663,113.85199240986775,0,5.252002509226238,4.935085670386106,0.008771258578229659,3.800414697849914,0.011412789464810781,47.550777035703135,0.005759700998816356,17.913730121193357,0.005927189973646176,7.48235988753885,32.24612074968869,105.91058414392337
503.2604999996628,113.85199240986775,0,6.246851091822776,5.136879016974227,0.008856493383200822,3.897867619590283,0.011413242675177585,47.17066139713769,0.0057372185768116545,17.77120431949279,0.005887556966267851,7.48235988753885,32.24612074968869,105.91058414392337
503.27049999966255,113.85199240986775,1,7.2271453638073035,5.2282386154115335,0.008857179402621535,3.9874261448383086,0.011413242675177585,46.79255102156201,0.005715274365228798,17.627721232246508,0.005849007083775533,7.48235988753885,32.24612074968869,105.91058414392337
503.2804999996623,113.85199240986775,1,8.183494805030453,5.3131363871567885,0.008857179402621535,4.072284389953458,0.011413242675177585,46.41943276247038,0.005693835252453374,17.484871180695166,0.005811518678190386,7.48235988753885,32.24612074968869,105.91058414392337
503.2904999996621,113.85199240986775,1,9.10720857082078,5.39647983620392,0.008857179402621535,4.155627839000589,0.011413242675177585,46.055017598482024,0.0056728479632782835,17.345335515298586,0.0057750532259214,7.48235988753885,32.24612074968869,105.91058414392337
503.30049999966184,113.74407582938447,1,9.598485993824486,5.6376055506632845,0.008857179402621535,4.355872009279146,0.011413242675177585,45.69645214582421,0.005652272105920884,17.210582591602467,0.005739553621124946,7.48235988753885,32.24612074968869,105.91058414392337
503.3104999996616,113.74407582938447,1,9.598485993824486,8.49572456013615,0.008857179402621535,6.490945467045211,0.011413242675177585,45.34495257299365,0.005632082620533533,17.080096388228636,0.005704941668353869,7.48235988753885,32.24612074968869,105.91058414392337
503.32049999966137,113.74407582938447,1,9.598485993824486,14.73678593173087,0.008857179402621535,11.126369093566385,0.011413242675177585,45.00070863310581,0.005612314216328467,16.9508967900438,0.005671122538493988,7.48235988753885,32.24612074968869,105.91058414392337
503.33049999966113,113.74407582938447,1,9.598485993824486,24.17494115551613,0.008857179402621535,18.087328215868425,0.011389739053171212,44.65936965416409,0.005592974768885574,16.962206023803713,0.005661336677763795,7.48235988753885,32.24612074968869,105.91058414392337
503.3404999996609,113.74407582938447,1,9.598485993824486,36.52083500018479,0.008857179402621535,24.781232444178897,0.010771428961047425,44.32252807736058,0.005574059147665565,20.41996445052616,0.006224080190097981,7.48235988753885,32.24612074968869,105.91058414392337
503.35049999966066,113.74407582938447,1,9.598485993824486,50.1646784589773,0.00863872472380296,29.90399848953581,0.009878686783660032,46.56840898580179,0.00565623887583696,25.178076110760905,0.0070039058608179095,7.48235988753885,32.24612074968869,105.91058414392337
503.3604999996604,113.74407582938447,1,9.598485993824486,58.56319298000763,0.007701137684695345,33.60458746730104,0.009021041938566335,53.34006097991672,0.0059625709681738,29.356288776887798,0.007692453986554242,7.48235988753885,32.24612074968869,105.91058414392337
503.3704999996602,113.74407582938447,1,9.598485993824486,63.83489453568802,0.006744484249317877,36.12038963788816,0.008283326262346265,59.21171295544945,0.0062425876454322545,32.5470633838599,0.008218449451908734,7.48235988753885,32.24612074968869,105.91058414392337
503.38049999965995,113.74407582938447,1,9.598485993824486,67.44577096224106,0.005946352734264139,37.70033071254139,0.00767678771417993,63.68728755458275,0.006458479953292205,34.780735796417545,0.008585359812327942,7.48235988753885,32.24612074968869,105.91058414392337
503.3904999996597,113.74407582938447,1,9.598485993824486,69.94050770825608,0.005307890313610625,38.565204855058084,0.007188459066753706,66.94018377666374,0.0066159851297291515,36.21141955015717,0.008818695340264826,7.48235988753885,32.24612074968869,105.91058414392337
503.4004999996595,113.74407582938447,1,9.598485993824486,71.59610968614304,0.004802728699780627,38.89644022733634,0.00679934008498015,69.21308532758653,0.006726219052453691,37.01144776632854,0.008947145754497905,7.48235988753885,32.24612074968869,105.91058414392337
503.41049999965924,113.74407582938447,1,9.598485993824486,72.59689768790847,0.004405216516818377,38.83644305429963,0.006491272422609779,70.71412121710541,0.00679902003058448,37.33301958266771,0.008995946717115004,7.48235988753885,32.24612074968869,105.91058414392337
503.420499999659,113.74407582938447,1,9.598485993824486,73.0737193254203,0.004094829322471438,38.48809448798829,0.006249014476751059,71.59751560869441,0.006842126634104714,37.29699903228821,0.008985307282456499,7.48235988753885,32.24612074968869,105.91058414392337
503.43049999965876,113.74407582938447,1,9.598485993824486,73.1236131459109,0.00385604953475922,37.92734938854615,0.006060568729570799,71.98505735821377,0.006861350700697555,36.99560786167312,0.008930594547031014,7.48235988753885,32.24612074968869,105.91058414392337
503.4404999996585,113.74407582938447,1,9.598485993824486,72.81425040359012,0.0036776060334507946,37.210104316948964,0.0059169835314657705,71.96656388672885,0.006860920276187405,36.49662236916664,0.00884297097309096,7.48235988753885,32.24612074968869,105.91058414392337
503.4504999996583,113.74407582938447,1,9.598485993824486,72.18389325977776,0.003551917881965061,36.36782260065655,0.00581185728535284,71.59557590972305,0.006843756761782341,35.84643529966628,0.008730243442663481,7.48235988753885,32.24612074968869,105.91058414392337
503.46049999965805,113.74407582938447,1,9.598485993824486,71.2537499043095,0.003474623078814053,35.41931691213882,0.005741052123551525,70.90974111076663,0.0068116249307251945,35.07514479056771,0.008597433233939345,7.48235988753885,32.24612074968869,105.91058414392337
503.4704999996578,113.74407582938447,1,9.598485993824486,70.02182629697474,0.0034444473739163642,34.371940952511984,0.005702666198259171,69.92449685887397,0.006765198533424209,34.19852994805561,0.008447033350024955,7.48235988753885,32.24612074968869,105.91058414392337
503.4804999996576,113.74407582938447,0,9.598485993824486,67.99699731336752,0.0034440715303172423,33.181054787823996,0.005695158087482113,68.82389922416134,0.006712241320165634,33.22796891030078,0.008281063116007478,7.48235988753885,32.24612074968869,105.91058414392337
503.49049999965735,113.74407582938447,0,9.598485993824486,64.25129867057203,0.0034440715303172423,31.29818469601312,0.005695158087482113,67.77672131145968,0.00666151151966452,32.300462663158164,0.008122423151642013,7.48235988753885,32.24612074968869,105.91058414392337
503.5004999996571,113.74407582938447,0,9.598485993824486,58.71808482323645,0.0034440715303172423,28.509200612434615,0.005695158087482113,66.76709910275129,0.006612459276158526,31.45136527242748,0.007976862702894457,7.48235988753885,32.24612074968869,105.91058414392337
503.5104999996569,113.74407582938447,0,9.598485993824486,51.383637416697674,0.0034440715303172423,24.807028878566012,0.005695158087482113,65.78743517592635,0.006564993648904742,30.67038718810602,0.007842763557336348,7.48235988753885,32.24612074968869,105.91058414392337
503.52049999965664,113.74407582938447,0,9.598485993824486,42.280951381745275,0.0034440715303172423,20.208268602244033,0.005695158087482113,64.8384576242664,0.006519034445216641,29.94897031145183,0.007718731590484246,7.48235988753885,32.24612074968869,105.91058414392337
503.5304999996564,113.74407582938447,0,9.598485993824486,31.483479240697097,0.0034440715303172423,14.750472230760082,0.005695158087482113,63.92166936230176,0.006474497556950964,29.28064272162459,0.007603564911016023,7.48235988753885,32.24612074968869,105.91058414392337
503.54049999965616,113.74407582938447,0,9.598485993824486,19.103734233725735,0.0034440715303172423,8.490520368812085,0.005695158087482113,63.030379259515065,0.006431325976782261,28.6586187436596,0.007496227058514802,7.48235988753885,32.24612074968869,105.91058414392337
503.5504999996559,113.74407582938447,0,9.598485993824486,5.296469280339684,0.0034440715303172423,1.703171143685982,0.0058011670716790345,62.16570463236421,0.006389465076026685,28.077296687469964,0.007395822637416441,7.48235988753885,32.24612074968869,105.91058414392337
503.5604999996557,113.74407582938447,0,0.0,0.8304197063302179,0.004039826078233704,0.11508426115025339,0.006831567649272007,61.32934007206887,0.006348854815330603,27.532560244545714,0.007301577541192645,7.48235988753885,32.24612074968869,105.91058414392337
503.57049999965545,113.74407582938447,0,0.0,1.4438387255713074,0.004544660908793865,0.7824875603337551,0.007403717078557567,60.516394914757655,0.00630942362803486,27.02173569610282,0.0072128218519083385,7.48235988753885,32.24612074968869,105.91058414392337
503.5804999996552,113.74407582938447,0,0.0,1.8778933904389867,0.004894859374430895,1.1586118742130957,0.007717504499743152,59.72784567203432,0.006271125372892714,26.540907323601402,0.007128970885875982,7.48235988753885,32.24612074968869,105.91058414392337
503.590499999655,113.74407582938447,0,0.0,2.1961726697879684,0.0051454385738032805,1.4112907138907507,0.007921506591735183,58.96515710213007,0.006233914930577161,26.087073610717205,0.007049509061363597,7.48235988753885,32.24612074968869,105.91058414392337
503.60049999965474,113.74407582938447,0,0.0,2.4391022597037533,0.005331640700622681,1.6068996083308682,0.008074960808131887,58.222173937482125,0.006197767222256964,25.65644901375705,0.00697398056219505,7.48235988753885,32.24612074968869,105.91058414392337
503.6104999996545,113.74407582938447,0,0.0,2.632188775726492,0.00547605796805615,1.7718896778902034,0.008201969271816106,57.50005067146276,0.006162652521871205,25.246099313072353,0.0069019826737120055,7.48235988753885,32.24612074968869,105.91058414392337
503.62049999965427,113.74407582938447,0,0.0,2.792639896505067,0.005593181429402072,1.918117393388055,0.008312738126812012,56.80066957935828,0.006128525646745684,24.854500281211827,0.006833161170543001,7.48235988753885,32.24612074968869,105.91058414392337
503.63049999965403,113.74407582938447,0,0.0,2.9312578653619195,0.005692308045333404,2.0507111879895428,0.008411915014423111,56.11846675667192,0.006095360489472263,24.479185841488935,0.0067672059454957426,7.48235988753885,32.24612074968869,105.91058414392337
503.6404999996538,113.74407582938447,0,0.0,3.0545093300473343,0.005779410664842547,2.1718570120755394,0.008501880256513172,55.45479669441187,0.006063127681280973,24.118295260347452,0.006703845614191758,7.48235988753885,32.24612074968869,105.91058414392337
503.65049999965356,113.74407582938447,0,0.0,3.167376078494463,0.005858332773216135,2.28366183950556,0.008584059396134781,54.81165430702887,0.006031783804911278,23.77117302398026,0.006642843273955961,7.48235988753885,32.24612074968869,105.91058414392337
503.6604999996533,113.74407582938447,0,0.0,3.272830712869112,0.005931549315601429,2.387246759029855,0.008659443498655982,54.183793722157546,0.006001305101858484,23.436082281420763,0.006583992627640992,7.48235988753885,32.24612074968869,105.91058414392337
503.6704999996531,113.74407582938447,0,0.0,3.3722853548706864,0.006000659658931499,2.483029704995155,0.008728802660509535,53.57259143291293,0.005971665102506198,23.111757585086877,0.006527113478470417,7.48235988753885,32.24612074968869,105.91058414392337
503.68049999965285,113.74407582938447,0,0.0,3.467460718270116,0.006066702554026603,2.5722537764395743,0.008792782821589415,52.98004134000283,0.005942823711422617,22.79803366500234,0.006472048543718058,7.48235988753885,32.24612074968869,105.91058414392337
503.6904999996526,113.74407582938447,0,0.0,3.559251786761439,0.0061303537821454064,2.6555800675513126,0.00885194322697749,52.40113893997873,0.005914760222022503,22.493609033539485,0.00641866070845739,7.48235988753885,32.24612074968869,105.91058414392337
503.7004999996524,113.74407582938447,0,0.0,3.647718471770602,0.006192057415983297,2.7331132436625025,0.008906774770635324,51.83724517043853,0.005887451279461804,22.197578886662193,0.006366829729242263,7.48235988753885,32.24612074968869,105.91058414392337
503.71049999965214,113.74407582938447,0,0.0,3.7336940747701934,0.006252109663590225,2.805849372857679,0.008957717275566743,51.29032827513264,0.005860860110496865,21.910071926889433,0.00631645015666887,7.48235988753885,32.24612074968869,105.91058414392337
503.7204999996519,113.74407582938447,0,0.0,3.817521089853367,0.006310708666105876,2.874271418294637,0.009005164089216693,50.75560168250538,0.005834968847442757,21.630062203643263,0.006267429596181312,7.48235988753885,32.24612074968869,105.91058414392337
503.73049999965167,113.74407582938447,0,0.6288970329307265,4.021812517675038,0.0064927235750078015,3.1136534470449986,0.009235298214837607,50.23466157787083,0.005809751606139082,21.357237775064043,0.006219686381063077,7.48235988753885,32.24612074968869,105.91058414392337
503.74049999965143,113.74407582938447,0,1.5597913976002562,4.647315910190336,0.007042082941479944,3.8089962332072878,0.009872950192275081,49.72856249145677,0.005785194346905411,21.090633510602526,0.006173149277367224,7.48235988753885,32.24612074968869,105.91058414392337
503.7504999996512,113.74407582938447,0,2.521651092288311,5.399293328515658,0.007690499205185647,4.45613277797141,0.010451196662373957,49.23292924281659,0.005761286582411599,20.829549146099712,0.006127766695958348,7.48235988753885,32.24612074968869,105.91058414392337
503.76049999965096,113.74407582938447,0,3.5056253029040674,6.047165386049294,0.008241824911309406,4.874611875267149,0.01081750513300064,48.74941591533892,0.005738002526839353,20.574165873253424,0.006083517629149184,7.48235988753885,32.24612074968869,105.91058414392337
503.7704999996507,113.74407582938447,0,4.5022149455237415,6.497703206193149,0.008618873483208203,5.086003872004496,0.01099531905248934,48.28004129873107,0.005715306795733398,20.325415446367803,0.006040402108726549,7.48235988753885,32.24612074968869,105.91058414392337
503.7804999996505,113.74407582938447,0,5.5015466978143825,6.748202455323792,0.008821349818768117,5.144491762585983,0.011034720636937728,47.82050251558385,0.005693183367450346,20.08302089806723,0.0059984256887445145,7.48235988753885,32.24612074968869,105.91058414392337
503.79049999965025,113.74407582938447,1,6.493665472300014,6.8248258971229845,0.008873439292760849,5.1544263965584065,0.011034720636937728,47.372126781352634,0.005671613799500235,19.846890752670117,0.005957588621579303,7.48235988753885,32.24612074968869,105.91058414392337
503.80049999965,113.74407582938447,1,7.4688309396642305,6.835048581148822,0.008873439292760849,5.164649080584244,0.011034720636937728,46.936725211058494,0.005650568114807063,19.617636770493583,0.0059178785277527145,7.48235988753885,32.24612074968869,105.91058414392337
503.8104999996498,113.74407582938447,1,8.4178034303599,6.846832591063572,0.008873439292760849,5.176384092564348,0.011034720636937728,46.51030608295569,0.005630031300998666,19.39492337995298,0.005879267330097464,7.48235988753885,32.24612074968869,105.91058414392337
503.82049999964954,113.74407582938447,1,9.332105275838861,6.861088779990776,0.008873439292760849,5.19059178479681,0.011034720636937728,46.094726940729004,0.005609971237256334,19.179270695376495,0.00584170953697603,7.48235988753885,32.24612074968869,105.91058414392337
503.8304999996493,113.74407582938447,1,9.598485993824486,7.405858198850148,0.008873439292760849,5.577378309188224,0.011034720636937728,45.69237705869495,0.005590344503076164,18.971897293230846,0.005805140341319679,7.48235988753885,32.24612074968869,105.91058414392337
503.84049999964907,113.74407582938447,1,9.598485993824486,11.061592760068038,0.008873439292760849,8.142913421843506,0.011034720636937728,45.298387436984726,0.005571147340166165,18.770935954602766,0.005769474413177423,7.48235988753885,32.24612074968869,105.91058414392337
503.85049999964883,113.74407582938447,1,9.598485993824486,18.070044243699257,0.008873439292760849,13.055925948809774,0.011034720636937728,44.91321001913471,0.005552391397056486,18.574300695996453,0.005734612846956059,7.48235988753885,32.24612074968869,105.91058414392337
503.8604999996486,113.74407582938447,1,9.598485993824486,28.22042756033319,0.008873439292760849,20.08680167059643,0.010995095464103282,44.538374617648145,0.005534060936407252,18.61838064626389,0.005739738494934756,7.48235988753885,32.24612074968869,105.91058414392337
503.87049999964836,113.74407582938447,1,9.598485993824486,41.200006473100295,0.008873439292760849,26.404110326903766,0.010357906524351878,44.16997296512969,0.005516151303419976,22.115118725638556,0.0063179047570601,7.48235988753885,32.24612074968869,105.91058414392337
503.8804999996481,113.74407582938447,1,9.598485993824486,53.357181980585466,0.008379595297043478,31.06033805655814,0.009501131050982697,48.69780953774463,0.005701294283787143,26.58939754514227,0.007059682259604449,7.48235988753885,32.24612074968869,105.91058414392337
503.8904999996479,113.74407582938447,1,9.598485993824486,60.47820724876821,0.007387034678963337,34.35778271730681,0.008698629915838581,55.33829484526892,0.006011676751599029,30.40672083371014,0.007694782393051907,7.48235988753885,32.24612074968869,105.91058414392337
503.90049999964765,113.74407582938447,1,9.598485993824486,65.13537143863468,0.006471370838992953,36.56202281158388,0.008016461010717691,60.76518434695153,0.006273783889293193,33.26409939113637,0.008170832994404848,7.48235988753885,32.24612074968869,105.91058414392337
503.9104999996474,113.74407582938447,1,9.598485993824486,68.35225458082363,0.005721973841818874,37.91026889542265,0.007458622315220823,64.82559313694554,0.006471850291636645,35.22434409816052,0.00849776915820718,7.48235988753885,32.24612074968869,105.91058414392337
503.9204999996472,113.74407582938447,1,9.598485993824486,70.55026537572483,0.0051250933190046324,38.60897065994987,0.0070105290138703065,67.7420981595114,0.006614789700259228,36.446019384906194,0.008701749746888792,7.48235988753885,32.24612074968869,105.91058414392337
503.93049999964694,113.74407582938447,1,9.598485993824486,71.97098327395877,0.00465357816166567,38.823751729348054,0.006653865130387807,69.74347817488089,0.006713577843279202,37.091972139038134,0.008809920648086436,7.48235988753885,32.24612074968869,105.91058414392337
503.9404999996467,113.74407582938447,1,9.598485993824486,72.78238479837825,0.0042832180214274745,38.681595197622975,0.006371760872856473,71.02302655154698,0.0067774309913948404,37.30211494363158,0.008845559350321252,7.48235988753885,32.24612074968869,105.91058414392337
503.95049999964647,113.74407582938447,1,9.598485993824486,73.1053343285657,0.003994860235614437,38.278613278981545,0.006150340110272496,71.73129397204472,0.006813513332014711,37.18753730913028,0.008827026058182955,7.48235988753885,32.24612074968869,105.91058414392337
503.96049999964623,113.74407582938447,1,9.598485993824486,73.02558600813813,0.003774261248486428,37.68140375407134,0.005978809573042499,71.9729772531863,0.006827177418787672,36.830916590641515,0.008768153946949507,7.48235988753885,32.24612074968869,105.91058414392337
503.970499999646,113.74407582938447,1,9.598485993824486,72.60343056175451,0.0036112658839171693,36.93670217526647,0.005849133578856851,71.82852478699118,0.006822254297511693,36.29252119955348,0.008678979000150248,7.48235988753885,32.24612074968869,105.91058414392337
503.98049999964576,113.74407582938447,1,9.598485993824486,71.87546353606146,0.0034991400323194657,36.07670416762014,0.005755746965694821,71.35322998434354,0.006801329036064374,35.6141986016517,0.008566352645513664,7.48235988753885,32.24612074968869,105.91058414392337
503.9904999996455,113.74407582938447,1,9.598485993824486,70.85210741543516,0.003434331639697624,35.113506471197084,0.005695227599641266,70.57108156155023,0.006765890759335661,34.82103716546185,0.00843452811676805,7.48235988753885,32.24612074968869,105.91058414392337
504.0004999996453,113.74407582938447,0,9.598485993824486,69.52095561128439,0.0034160366850644565,34.047383568183996,0.0056662378220818915,69.49742914710278,0.006716561353426166,33.924591998730605,0.00828543546355007,7.48235988753885,32.24612074968869,105.91058414392337
504.01049999964505,113.74407582938447,0,9.598485993824486,67.0867628644855,0.0034160366850644565,32.754772115753845,0.005663636318088878,68.4089818262308,0.006664944501179335,32.958737578095295,0.008124654078914351,7.474463146617697,32.878768396083764,104.62899114959859
504.0204999996448,113.74407582938447,0,9.598485993824486,62.91385264362319,0.0034160366850644565,30.66048413818819,0.005663636318088878,67.35851859253772,0.006615195341711111,32.060427532476936,0.007975070730809027,7.474463146617697,32.878768396083764,104.62899114959859
504.0304999996446,113.74407582938447,0,9.598485993824486,56.9655787088435,0.0034160366850644565,27.674000895481292,0.005663636318088878,66.34317170791869,0.006567115692678206,31.23493169732144,0.007837581386515314,7.474463146617697,32.878768396083764,104.62899114959859
504.04049999964434,113.74407582938447,0,9.598485993824486,49.2449909735197,0.0034160366850644565,23.797088386575087,0.005663636318088878,65.36364002038785,0.006520601171450341,30.473824675346904,0.007710698163636145,7.474463146617697,32.878768396083764,104.62899114959859
504.0504999996441,113.74407582938447,0,9.598485993824486,39.78862594494914,0.0034160366850644565,19.047989235020545,0.005663636318088878,64.41317662277542,0.006475576178925797,29.768895945817572,0.007593139911540285,7.474463146617697,32.878768396083764,104.62899114959859
504.06049999964387,113.74407582938447,0,9.598485993824486,28.680697611086767,0.0034160366850644565,13.468918319688683,0.005663636318088878,63.49254466798255,0.006431971364404818,29.113371995538134,0.0074838017955520236,7.474463146617697,32.878768396083764,104.62899114959859
504.07049999964363,113.74407582938447,0,9.598485993824486,16.04544164099064,0.0034160366850644565,7.122512066396,0.005663636318088878,62.60301121095535,0.006389714316097617,28.502030766818734,0.007381730362113318,7.474463146617697,32.878768396083764,104.62899114959859
504.0804999996434,113.74407582938447,0,9.598485993824486,2.1295906198763923,0.003497153757437824,0.5008272778022977,0.005992806778685068,61.73844953856216,0.006348753775345897,27.92936391469912,0.007286102515011458,7.474463146617697,32.878768396083764,104.62899114959859
504.09049999964316,113.74407582938447,0,0.0,1.4908377949857736,0.004177549699306772,0.7493511858608066,0.006948060794462072,60.90010150081356,0.006309038444818799,27.391136602673782,0.007196206264392269,7.474463146617697,32.878768396083764,104.62899114959859
504.1004999996429,113.74407582938447,0,0.0,2.0417710537722407,0.004644666808908188,1.2857433156445541,0.007420728661142492,60.09016662198543,0.006270488667961274,26.88533065976862,0.007111424255131411,7.474463146617697,32.878768396083764,104.62899114959859
504.1104999996427,113.74407582938447,0,0.0,2.42930960930009,0.004970584502743549,1.5961708642268886,0.007692503918050284,59.30271409864422,0.006233065820703195,26.407921882077353,0.007031216378651787,7.474463146617697,32.878768396083764,104.62899114959859
504.12049999964245,113.74407582938447,0,0.0,2.710977506835329,0.005205500058408068,1.8091840437847262,0.007877634964061003,58.53863276675341,0.006196734897018923,25.955494878621185,0.006955104693484726,7.474463146617697,32.878768396083764,104.62899114959859
504.1304999996422,113.74407582938447,0,0.0,2.924091107547289,0.005381567188196338,1.9763784857609723,0.008021802456680212,57.79926999338597,0.006161452471772654,25.525663495225423,0.006882665831098447,7.474463146617697,32.878768396083764,104.62899114959859
504.140499999642,113.74407582938447,0,0.0,3.092553533607583,0.005519386089647046,2.1187296106566262,0.008143710476932287,57.07921812862244,0.0061271883315164935,25.11557536142022,0.006813526384882661,7.474463146617697,32.878768396083764,104.62899114959859
504.15049999964174,113.74407582938447,0,0.0,3.2313243239612643,0.005632166888076341,2.2448569133803553,0.008251379123552949,56.379661170119,0.006093909161499101,24.72305585279054,0.006747357823077766,7.474463146617697,32.878768396083764,104.62899114959859
504.1604999996415,113.74407582938447,0,0.0,3.350452194556977,0.0057283882861309185,2.359143470032557,0.008348549170536118,55.70215198150765,0.006061573437503874,24.34678117017097,0.0066838723326368265,7.474463146617697,32.878768396083764,104.62899114959859
504.17049999964127,113.74407582938447,0,0.0,3.456418215883357,0.005813494969650914,2.463869218021246,0.008437203876697972,55.04167512068483,0.006030152802387715,23.984833975697796,0.006622818759987525,7.474463146617697,32.878768396083764,104.62899114959859
504.18049999964103,113.74407582938447,0,0.0,3.5529802116972626,0.0058909905131657465,2.560091269203752,0.008518572301651752,54.399502623361776,0.0059996165370932155,23.635810876360022,0.006563977755668344,7.474463146617697,32.878768396083764,104.62899114959859
504.1904999996408,113.74407582938447,0,0.0,3.6429737317689574,0.005963135528082075,2.6490083927741996,0.008593539040138546,53.77722310219941,0.0059699266766641435,23.299007624951088,0.006507158078230144,7.474463146617697,32.878768396083764,104.62899114959859
504.20049999964056,113.74407582938447,0,0.0,3.7282902143920986,0.006031390763391612,2.731520093475923,0.008662807707326536,53.17008700827847,0.005941057923290024,22.97306982100853,0.006452193295044642,7.474463146617697,32.878768396083764,104.62899114959859
504.2104999996403,113.74407582938447,0,0.0,3.809725278970402,0.006096705459271213,2.8079896190182576,0.00872697041068188,52.579380604186554,0.005912982773800948,22.657062234627144,0.006398937971931057,7.474463146617697,32.878768396083764,104.62899114959859
504.2204999996401,113.74407582938447,0,0.0,3.888183988722467,0.00615970156480933,2.8791914364510545,0.008786545786785992,52.006682808022425,0.005885666996047001,22.350652280770454,0.006347265067254793,7.474463146617697,32.878768396083764,104.62899114959859
504.23049999963985,113.74407582938447,0,0.0,3.964350310454793,0.006220788043793339,2.945775761663109,0.008841993290291847,51.447471219528936,0.005859088295086178,22.052840941611326,0.006297063707632552,7.474463146617697,32.878768396083764,104.62899114959859
504.2404999996396,113.74407582938447,0,0.0,4.038232192345173,0.006280238059623407,3.007904720496674,0.008893720413401666,50.90302806624274,0.005833222176974589,21.76298752280238,0.006248236460999165,7.474463146617697,32.878768396083764,104.62899114959859
504.2504999996394,113.74407582938447,0,0.0,4.110200174607089,0.006338238311103828,3.0661614654789573,0.00894209449254099,50.37491087987479,0.005808037835024296,21.480985042868056,0.006200697690260241,7.474463146617697,32.878768396083764,104.62899114959859
504.26049999963914,113.74407582938447,0,0.9044208555242937,4.4343086173565975,0.006640026974002021,3.4596251554086668,0.009329035150669303,49.85897711401658,0.005783511872865826,21.206314038852256,0.006154372206169271,7.474463146617697,32.878768396083764,104.62899114959859
504.2704999996389,113.74407582938447,0,1.8454854387771407,5.1205346930264035,0.00724669285856008,4.161883636884843,0.009975073409143208,49.35573206003316,0.005759643386501024,20.937335671819593,0.006109195877307832,7.474463146617697,32.878768396083764,104.62899114959859
504.28049999963866,113.74407582938447,0,2.814943338155539,5.849188703723993,0.007880057075592549,4.728411666359117,0.01048617042924496,48.86707184447814,0.0057364022413204496,20.67458418822682,0.006065128362507645,7.474463146617697,32.878768396083764,104.62899114959859
504.2904999996384,113.74407582938447,0,3.803722128912657,6.433991978627545,0.008382481614824393,5.066374356056132,0.010786815333912335,48.389087865870586,0.005713765450369609,20.41802337860958,0.006022159378308632,7.474463146617697,32.878768396083764,104.62899114959859
504.3004999996382,113.74407582938447,0,4.802180574347627,6.813849681174979,0.008704960359946619,5.216941588977484,0.010917160822505115,47.923107372748255,0.005691710612240929,20.16776673429784,0.005980293924800744,7.474463146617697,32.878768396083764,104.62899114959859
504.31049999963795,113.74407582938447,0,5.800389643742231,7.000447706175207,0.008859213118368065,5.238710456982747,0.010932605394293917,47.47070262072448,0.005670210229902422,19.924340248978307,0.0059395385283431325,7.474463146617697,32.878768396083764,104.62899114959859
504.3204999996377,113.74407582938447,1,6.788427744205053,7.031937006830999,0.008880791447188448,5.240840411857025,0.010932605394293917,47.02795945925697,0.0056492471690368085,19.68751302536676,0.005899892294894342,7.474463146617697,32.878768396083764,104.62899114959859
504.3304999996375,113.74407582938447,1,7.756675584009768,7.034628131700483,0.008880791447188448,5.243483238319184,0.010932605394293917,46.59604556788436,0.005628803362277968,19.45709781856201,0.005861339979501978,7.474463146617697,32.878768396083764,104.62899114959859
504.34049999963725,113.74407582938447,1,8.696096110490291,7.0392597691646746,0.008880791447188448,5.248114875783376,0.010932605394293917,46.17683574427253,0.0056088476110104845,19.233824318707512,0.005823849863914647,7.474463146617697,32.878768396083764,104.62899114959859
504.350499999637,113.74407582938447,1,9.598485993824486,7.047132638825836,0.008880791447188448,5.255939979562809,0.010932605394293917,45.76693026534907,0.005589352834803866,19.017773358666112,0.005787372533025638,7.474463146617697,32.878768396083764,104.62899114959859
504.3604999996368,113.85199240986775,1,9.598485993824486,8.315810867471226,0.008880791447188448,6.133927041968329,0.010932605394293917,45.36804966492983,0.005570287752008929,18.809318147317466,0.005751838140412175,7.474463146617697,32.878768396083764,104.62899114959859
504.37049999963654,113.85199240986775,1,9.598485993824486,12.987362604668977,0.008880791447188448,9.358115732847384,0.010932605394293917,44.98050435534735,0.005551648877406396,18.606806381487484,0.0057171566965313475,7.474463146617697,32.878768396083764,104.62899114959859
504.3804999996363,113.85199240986775,1,9.598485993824486,20.96080389979261,0.008880791447188448,14.858691661342947,0.010932605394293917,44.600331655478634,0.005533439019780663,18.408672513592123,0.005683229724242903,7.474463146617697,32.878768396083764,104.62899114959859
504.39049999963606,113.85199240986775,1,9.598485993824486,31.993961721643622,0.008880791447188448,21.970570112064017,0.010766347340887699,44.228577113802636,0.005515649951077586,19.198989383307758,0.005813404238030832,7.474463146617697,32.878768396083764,104.62899114959859
504.4004999996358,113.85199240986775,1,9.598485993824486,45.67399992040135,0.008854360127941838,27.669205487640863,0.010021739493069129,44.326003945386155,0.005513902986666309,23.251234907955034,0.006484979488936434,7.474463146617697,32.878768396083764,104.62899114959859
504.4104999996356,113.85199240986775,1,9.598485993824486,55.847785729760915,0.008075494287373848,31.828120240919752,0.009179359663641796,50.72213568507479,0.005790841668601592,27.540821512558193,0.007197941316753883,7.474463146617697,32.878768396083764,104.62899114959859
504.42049999963535,113.85199240986775,1,9.598485993824486,62.00473899923992,0.007080696855534056,34.730277212204555,0.00842117636289787,57.05814044840233,0.0060922000664047965,31.02541397647215,0.007778673510658008,7.474463146617697,32.878768396083764,104.62899114959859
504.4304999996351,113.85199240986775,1,9.598485993824486,66.13918929355889,0.006215296607057033,36.626609506361945,0.007786188007423866,62.04070629432316,0.006334213060120559,33.563485707926105,0.00820225882149545,7.474463146617697,32.878768396083764,104.62899114959859
504.4404999996349,113.85199240986775,1,9.598485993824486,69.00132144801402,0.005515980650389348,37.743990721200994,0.007270379757077501,65.7139634561172,0.006514099196486116,35.25972989290235,0.008485876076369728,7.474463146617697,32.878768396083764,104.62899114959859
504.45049999963464,113.85199240986775,1,9.598485993824486,70.93310535076246,0.004960971041061244,38.273417281089756,0.0068574005540042865,68.31685192588775,0.00664232514155487,36.276596812339896,0.008656472440737238,7.474463146617697,32.878768396083764,104.62899114959859
504.4604999996344,113.85199240986775,1,9.598485993824486,72.14492846629297,0.004523244581831785,38.366664119050824,0.006529312810967744,70.07404597745246,0.0067294773441276745,36.770227874652434,0.008739933150434904,7.474463146617697,32.878768396083764,104.62899114959859
504.47049999963417,113.85199240986775,1,9.598485993824486,72.78982186067937,0.004180151645962267,38.139189748211045,0.006270333029793983,71.15892537038303,0.006784147772770043,36.86956474321076,0.008757744921520762,7.474463146617697,32.878768396083764,104.62899114959859
504.48049999963393,113.85199240986775,1,9.598485993824486,72.97795856103693,0.003914203805888201,37.67546584755249,0.006067703636375891,71.70814395509316,0.006812883430116628,36.67518921248331,0.008726618777827957,7.474463146617697,32.878768396083764,104.62899114959859
504.4904999996337,113.85199240986775,1,9.598485993824486,72.78597907347216,0.003712404917100698,37.03700711232702,0.00591165421281195,71.82356102719439,0.00682054143513596,36.262201907540856,0.008658982895835972,7.474463146617697,32.878768396083764,104.62899114959859
504.50049999963346,113.85199240986775,1,9.598485993824486,72.26486883704979,0.0035657195614606035,36.263515295548856,0.005795042676880277,71.57063931981315,0.0068105657826135636,35.68367524531947,0.008563715792854533,7.474463146617697,32.878768396083764,104.62899114959859
504.5104999996332,113.85199240986775,1,9.598485993824486,71.44442116811298,0.0034684536391628882,35.37949909760628,0.005713003139915295,70.99636887274863,0.006785183569975767,34.97564212571796,0.00844679792211808,7.474463146617697,32.878768396083764,104.62899114959859
504.520499999633,113.85199240986775,1,9.598485993824486,70.33207586696462,0.0034179538752030663,34.397403266472644,0.00566282010587163,70.12546478684722,0.006745547777916745,34.15918899788202,0.008311679227651659,7.474463146617697,32.878768396083764,104.62899114959859
504.53049999963275,113.85199240986775,0,9.598485993824486,68.80993190177503,0.0034101845325915313,33.31039426050123,0.005643869766554396,69.01149187545197,0.0066939698081752725,33.241098837433604,0.00815954002654378,7.474463146617697,32.878768396083764,104.62899114959859
504.5404999996325,113.85199240986775,0,9.598485993824486,65.8535987206519,0.0034101845325915313,31.832998749563604,0.005643735143038664,67.93556647122462,0.006643137467619074,32.297010490202,0.008003008698961263,7.474463146617697,32.878768396083764,104.62899114959859
504.5504999996323,113.85199240986775,0,9.598485993824486,61.15202376019007,0.0034101845325915313,29.49442791111031,0.005643735143038664,66.89926088594561,0.006594054567671317,31.431386606940833,0.00785941497187552,7.474463146617697,32.878768396083764,104.62899114959859
504.56049999963204,113.85199240986775,0,9.598485993824486,54.67310313274391,0.0034101845325915313,26.27160563750597,0.005643735143038664,65.89539563382449,0.00654661009551422,30.634887145069417,0.007727266748626042,7.474463146617697,32.878768396083764,104.62899114959859
504.5704999996318,113.85199240986775,0,9.598485993824486,46.30989963183073,0.0034101845325915313,22.049904079993,0.005643735143038664,64.8333869821163,0.006502470969920339,29.773613603376013,0.007605163363199778,7.474463146617697,32.878768396083764,104.62899114959859
504.58049999963157,113.85199240986775,0,9.598485993824486,36.29730580769143,0.0034101845325915313,17.03602945707983,0.005643735143038664,63.858616374054215,0.006459340982764867,29.025752864784984,0.007491897997418167,7.474463146617697,32.878768396083764,104.62899114959859
504.59049999963133,113.85199240986775,0,9.598485993824486,24.669013493969995,0.0034101845325915313,11.218865336200109,0.005643735143038664,62.90958335484964,0.006417538406697018,28.32601210621612,0.007386430505742818,7.474463146617697,32.878768396083764,104.62899114959859
504.6004999996311,113.85199240986775,0,9.598485993824486,11.562770408084294,0.0034101845325915313,4.6670316374734675,0.005643735143038664,61.990735863284684,0.006377102326776489,27.669219788434226,0.007287862892690918,7.474463146617697,32.878768396083764,104.62899114959859
504.61049999963086,113.85199240986775,0,0.0,0.6359476110738251,0.00372538658116945,-0.24464811873471692,0.006357517984255868,61.102639963410944,0.006337976100330048,27.050388643477877,0.007195419267797724,7.474463146617697,32.878768396083764,104.62899114959859
504.6204999996306,113.85199240986775,0,0.0,1.2849928366874637,0.004332087222685565,0.5614541506812389,0.007125500871728568,60.24058468924888,0.006300094841484727,26.466218869048888,0.007108428869103427,7.474463146617697,32.878768396083764,104.62899114959859
504.6304999996304,113.85199240986775,0,0.0,1.7140717600116462,0.004747419359303536,0.9502855321384964,0.007522426649883148,59.406057374503476,0.006263384954260229,25.91420085409751,0.007026308631895011,7.474463146617697,32.878768396083764,104.62899114959859
504.64049999963015,113.85199240986775,0,0.0,2.001593050942552,0.005039684075713245,1.167597952870178,0.0077658733913605745,58.599589338534365,0.006227805189381142,25.39065144958473,0.006948546012814896,7.474463146617697,32.878768396083764,104.62899114959859
504.6504999996299,113.85199240986775,0,0.0,2.198353929974963,0.005252588121194758,1.3107941316664737,0.007941907189412404,57.81588312776263,0.006193315838313386,24.892356076437963,0.006874687350825731,7.474463146617697,32.878768396083764,104.62899114959859
504.6604999996297,113.85199240986775,0,0.0,2.3367417109588584,0.005414120374505349,1.4187568313210863,0.008085062713301113,57.05602501058888,0.006159874069096638,24.416893753090378,0.0068043307841239445,7.474463146617697,32.878768396083764,104.62899114959859
504.67049999962944,113.85199240986775,0,0.0,2.4369306618492295,0.005542213803054111,1.5068750599444116,0.008209592928505522,56.320747641027666,0.006127447079512444,23.961621558434935,0.006737121933993818,7.474463146617697,32.878768396083764,104.62899114959859
504.6804999996292,113.85199240986775,0,0.0,2.5126999025062875,0.005648362124066131,1.5824544422895497,0.008321703669866344,55.60529239267341,0.0060959966078310045,23.524552431049695,0.006672749933454466,7.474463146617697,32.878768396083764,104.62899114959859
504.69049999962897,113.85199240986775,0,0.0,2.5727239249331735,0.005739940928389444,1.648906262055288,0.008424360723886474,54.910989384747886,0.006065481117563982,23.104334940712615,0.006610942487544516,7.474463146617697,32.878768396083764,104.62899114959859
504.70049999962873,113.85199240986775,0,0.0,2.6218495018287564,0.005821689940305367,1.707380927503893,0.008519194091290164,54.2386465592193,0.006035872399997566,22.699076886709374,0.0065514618226508595,7.474463146617697,32.878768396083764,104.62899114959859
504.7104999996285,113.85199240986775,0,0.0,2.6641757065307288,0.0058966579664876265,1.759527075611834,0.008607253414677718,53.58384734874881,0.006007134427066818,22.30757709403536,0.0064941008840562016,7.474463146617697,32.878768396083764,104.62899114959859
504.72049999962826,113.85199240986775,0,0.0,2.7021655949393675,0.005966812209665981,1.8063829666056788,0.008689310930345313,52.948012630648826,0.005979228300451635,21.92914120885359,0.006438678979732841,7.474463146617697,32.878768396083764,104.62899114959859
504.730499999628,113.85199240986775,0,0.0,2.7365437073457763,0.0060334275364608055,1.8478941182627646,0.008765993184866898,52.33192319763697,0.005952131227159778,21.56228594355008,0.006385038570835868,7.474463146617697,32.878768396083764,104.62899114959859
504.7404999996278,113.85199240986775,0,0.0,2.7688928340381866,0.006097332383646634,1.8852136757385893,0.008837835629219326,51.731425626371866,0.005925809901543047,21.206306777035106,0.00633304246613661,7.474463146617697,32.878768396083764,104.62899114959859
504.75049999962755,113.85199240986775,0,0.0,2.8000618490919726,0.006159069745119452,1.9190889636114297,0.008905304506840852,51.14798560347527,0.005900228208727194,20.860927633862104,0.006282570588282409,7.474463146617697,32.878768396083764,104.62899114959859
504.7604999996273,113.85199240986775,0,0.0,2.8296052793129722,0.006219000134730376,1.9491303617519722,0.008968815149058177,50.582330770907475,0.00587536856277649,20.5248820591405,0.006233517831190327,7.474463146617697,32.878768396083764,104.62899114959859
504.7704999996271,113.85199240986775,0,0.0,2.8584729062403356,0.00627736446563816,1.9763670663946198,0.009028740360330544,50.030541771718234,0.005851200183193002,20.19779344316372,0.006185792245624092,7.474463146617697,32.878768396083764,104.62899114959859
504.78049999962684,113.85199240986775,0,0.3119037588379519,2.912375246226669,0.006364741415440273,2.0402969878619848,0.009134406301290638,49.49446266279786,0.005827685910477575,19.88006121099329,0.006139312763305348,7.474463146617697,32.878768396083764,104.62899114959859
504.7904999996266,113.85199240986775,0,1.2300276088674984,3.3589388243348113,0.006806763966836222,2.599954509515211,0.009703568730935704,48.97376796470417,0.005804821196602937,19.56943523447029,0.006094008092659676,7.474463146617697,32.878768396083764,104.62899114959859
504.80049999962637,113.85199240986775,0,2.1820153637692585,4.04498157342091,0.007444374517088072,3.264547129051688,0.01034672441589624,48.46461045675774,0.00578260240430398,19.265051275860216,0.006049821426285081,7.474463146617697,32.878768396083764,104.62899114959859
504.81049999962613,113.85199240986775,0,3.1593023579602657,4.693368382398029,0.008039521452332212,3.727278304644554,0.01079769009005925,47.968970260961264,0.005760988033171717,18.96793586681407,0.006006723996595198,7.474463146617697,32.878768396083764,104.62899114959859
504.8204999996259,113.85199240986775,0,4.152586587308782,5.165928574262429,0.008477560180838133,3.964191430677943,0.011042204312093799,47.48770803416366,0.005739961999103574,18.677663484957463,0.005964712992663047,7.474463146617697,32.878768396083764,104.62899114959859
504.83049999962566,113.85199240986775,0,5.1520930926102455,5.434963167877374,0.008736728057992516,4.029025756765213,0.011129245120738658,47.01743276935033,0.005719494140578824,18.394729977817093,0.005923795510159408,7.474463146617697,32.878768396083764,104.62899114959859
504.8404999996254,113.85199240986775,0,6.147861570486437,5.5228356464757375,0.008836911051195379,3.997692938235757,0.011131467505784094,46.55979949107596,0.005699550799133632,18.119937187516047,0.005883976507324113,7.474463146617697,32.878768396083764,104.62899114959859
504.8504999996252,113.85199240986775,1,7.13004315529509,5.493582045120203,0.008839749632926205,3.9633979074799135,0.011131467505784094,46.115320932221366,0.00568012559788931,17.852359955895167,0.005845250744126331,7.474463146617697,32.878768396083764,104.62899114959859
504.86049999962495,113.85199240986775,1,8.089191682429393,5.461886378777425,0.008839749632926205,3.931664715380781,0.011131467505784094,45.68087772682761,0.005661190272835621,17.592432762244613,0.005807597965516212,7.474463146617697,32.878768396083764,104.62899114959859
504.8704999996247,113.85199240986775,1,9.016535124730916,5.43509021014117,0.008839749632926205,3.904831500373249,0.011131467505784094,45.258965262525265,0.0056426926029740955,17.341986221789163,0.0057709808787928035,7.474463146617697,32.878768396083764,104.62899114959859
504.8804999996245,113.96011396011453,1,9.598485993824486,5.482618358112964,0.008839749632926205,3.932429551111362,0.011131467505784094,44.850820857870076,0.005624610031634269,17.100902300697495,0.005735343542866623,7.474463146617697,32.878768396083764,104.62899114959859
504.89049999962424,113.96011396011453,1,9.598485993824486,7.885805202984052,0.008839749632926205,5.640527294097975,0.011131467505784094,44.45324609595525,0.005606899195270623,16.869474477079063,0.005700609394488147,7.474463146617697,32.878768396083764,104.62899114959859
504.900499999624,113.96011396011453,1,9.598485993824486,13.677732452370574,0.008839749632926205,9.764651111988375,0.011131467505784094,44.06598169107032,0.005589577847710562,16.64502545443716,0.005666683998610421,7.474463146617697,32.878768396083764,104.62899114959859
504.91049999962377,113.96011396011453,1,9.598485993824486,22.681211522683626,0.008839749632926205,16.177906303428223,0.011131467505784094,43.68889320003622,0.005572665583475423,16.4249780269905,0.005633470389466434,7.474463146617697,32.878768396083764,104.62899114959859
504.92049999962353,113.96011396011453,1,9.598485993824486,34.62010936151036,0.008839749632926205,22.937153190257597,0.010658451712062715,43.31884970239037,0.005556148187751905,18.97238152602098,0.006059530952125645,7.474463146617697,32.878768396083764,104.62899114959859
504.9304999996233,113.96011396011453,1,9.598485993824486,48.2496114721033,0.008673629464691116,28.04065261330851,0.00981126157140546,45.02147525982442,0.005619421098840888,23.456612694242434,0.00680741964181582,7.474463146617697,32.878768396083764,104.62899114959859
504.94049999962306,113.96011396011453,1,9.598485993824486,56.89461307593153,0.007763034979009504,31.71515164371176,0.00897179731958439,51.68863819800819,0.005923114845234262,27.531516221288566,0.0074918452497706855,7.474463146617697,32.878768396083764,104.62899114959859
504.9504999996228,113.96011396011453,1,9.598485993824486,62.26858374260524,0.006800473808635927,34.211370104716984,0.00824292319119747,57.593494449451136,0.006208834748984479,30.671412393722626,0.00802228949827261,7.474463146617697,32.878768396083764,104.62899114959859
504.9604999996226,113.96011396011453,1,9.598485993824486,65.92925949123092,0.0059916820083244044,35.77536128264642,0.00764122463589563,62.11231607669197,0.00643113564759964,32.874032289245406,0.008396548545547899,7.474463146617697,32.878768396083764,104.62899114959859
504.97049999962235,113.96011396011453,1,9.598485993824486,68.44996184929518,0.00534350278722157,36.623230811819084,0.007155735148877,65.40279752689953,0.006594387152078689,34.2809049635288,0.008638079279291904,7.474463146617697,32.878768396083764,104.62899114959859
504.9804999996221,113.96011396011453,1,9.598485993824486,70.12171547710547,0.004830372499591119,36.937973969700614,0.006768414663484551,67.70176960039488,0.006709611863225946,35.05951861610331,0.008774665370305457,7.474463146617697,32.878768396083764,104.62899114959859
504.9904999996219,113.96011396011453,1,9.598485993824486,71.13322691480676,0.0044265776854461305,36.85998452539881,0.0064615065478799815,69.21796146119142,0.006786724320034235,35.36035130742111,0.008831228745271565,7.474463146617697,32.878768396083764,104.62899114959859
505.00049999962164,113.96011396011453,1,9.598485993824486,71.61535490158985,0.004111133638179762,36.492469170307075,0.006219925848572179,70.11474337281831,0.006833639066958436,35.30315570285683,0.008827916776972445,7.474463146617697,32.878768396083764,104.62899114959859
505.0104999996214,113.96011396011453,1,9.598485993824486,71.66881469054542,0.0038682086534525817,35.91334732171699,0.00603178792667046,70.51067355825168,0.006856306438476055,34.98049563721861,0.008780074002213232,7.468359205602351,33.376220080140236,103.28718887992041
505.02049999962117,113.96011396011453,1,9.598485993824486,71.36249194027783,0.0036863332790613083,35.176565066263166,0.005888111774855172,70.49627849156664,0.006859030053320843,34.46090394968495,0.008698970885498107,7.468359205602351,33.376220080140236,103.28718887992041
505.03049999962093,113.96011396011453,1,9.598485993824486,70.73714822830279,0.003557634748624261,34.31674246193136,0.005782475887552354,70.13343375085245,0.006844834927499955,33.7905170398741,0.008592501939746953,7.468359205602351,33.376220080140236,103.28718887992041
505.0404999996207,113.96011396011453,1,9.598485993824486,69.81349656348277,0.003477540037885775,33.35320308744077,0.005710714343034916,69.45523126843835,0.006815564532495953,33.00049032497663,0.008465770347279909,7.468359205602351,33.376220080140236,103.28718887992041
505.05049999962046,113.96011396011453,1,9.598485993824486,68.59049410150241,0.003444592527480025,32.29173460857359,0.0056707479234783045,68.47795322087927,0.006771953963789668,32.108062158262264,0.00832148526952444,7.468359205602351,33.376220080140236,103.28718887992041
505.0604999996202,113.96011396011453,0,9.598485993824486,66.6467180247194,0.003443761898679141,31.107563512171584,0.005661672471822228,67.37039603996449,0.006720870602953602,31.12014847591911,0.008161063353844335,7.468359205602351,33.376220080140236,103.28718887992041
505.07049999962,113.96011396011453,0,9.598485993824486,63.00538390832176,0.003443761898679141,29.28950816213369,0.005661672471822228,66.31716383046191,0.006671974226256415,30.165574937945458,0.008006016053291293,7.468359205602351,33.376220080140236,103.28718887992041
505.08049999961975,113.96011396011453,0,9.598485993824486,57.58072835459373,0.003443761898679141,26.586374908017767,0.005661672471822228,65.30050515391238,0.0066247371499911735,29.289693025732365,0.007863747589774931,7.468359205602351,33.376220080140236,103.28718887992041
505.0904999996195,113.96011396011453,0,9.598485993824486,50.361884935461724,0.003443761898679141,22.992000284834695,0.005661672471822228,64.31935890605364,0.0065790805821763065,28.48150354554869,0.00773267554576931,7.468359205602351,33.376220080140236,103.28718887992041
505.1004999996193,113.96011396011453,0,9.598485993824486,41.37018992969161,0.003443761898679141,18.517350984509154,0.005661672471822228,63.36813427877535,0.006534908213210773,27.733305191612523,0.007611437839943374,7.468359205602351,33.376220080140236,103.28718887992041
505.11049999961904,113.96011396011453,0,9.598485993824486,30.678989873930526,0.003443761898679141,13.199270836218558,0.005661672471822228,62.44788181724409,0.006492131068678624,27.03890240171336,0.007498860385614602,7.468359205602351,33.376220080140236,103.28718887992041
505.1204999996188,113.96011396011453,0,9.598485993824486,18.484768320362203,0.003443761898679141,7.1763726231260945,0.005661672471822228,61.62582216192552,0.006449553436304318,26.480307307809053,0.007393930401909029,7.468359205602351,33.376220080140236,103.28718887992041
505.13049999961856,113.96011396011453,0,9.598485993824486,4.890603104180726,0.003443761898679141,0.6906736142698486,0.005762891986045136,60.8418852099446,0.006407256387805122,25.99903084808853,0.007295773862148991,7.468359205602351,33.376220080140236,103.28718887992041
505.1404999996183,113.96011396011453,0,0.0,-0.600173931273289,0.00399550631776421,-1.2442395262036174,0.0068565865053926865,60.075477604549356,0.006366242502679514,25.544496480534754,0.0072036350924256035,7.468359205602351,33.376220080140236,103.28718887992041
505.1504999996181,113.96011396011453,0,0.0,0.10512209517030069,0.004515647701180927,-0.4228412523057554,0.007499661055674128,59.331279999254114,0.0063263972274677435,25.11789491844452,0.007116859826253645,7.468359205602351,33.376220080140236,103.28718887992041
505.16049999961785,113.96011396011453,0,0.0,0.6195387850910485,0.004875163046641082,0.06289456745731048,0.007849502422932053,58.60484549240196,0.00628766210331159,24.71643308598715,0.007034878013158727,7.468359205602351,33.376220080140236,103.28718887992041
505.1704999996176,113.96011396011453,0,0.0,1.0090100176476389,0.005131335235659382,0.4034525007598635,0.008074615917694667,57.89699560889376,0.006250007810946627,24.33663962221065,0.006957186752463465,7.468359205602351,33.376220080140236,103.28718887992041
505.1804999996174,113.96011396011453,0,0.0,1.3160077804559829,0.005320819864661581,0.6745969625266528,0.00824203536308614,57.208902378199205,0.006213402539889923,23.975828170738133,0.006883340668729395,7.468359205602351,33.376220080140236,103.28718887992041
505.19049999961715,113.96011396011453,0,0.0,1.5679747648421305,0.005467078954642185,0.9072173033241206,0.0083790132057414,56.53602638280408,0.006177819951554203,23.631283241254724,0.006812946529830855,7.468359205602351,33.376220080140236,103.28718887992041
505.2004999996169,113.96011396011453,0,0.0,1.7822813877755195,0.005585141727612092,1.1142073279755378,0.008497114729247713,55.87956294071908,0.006143229569039831,23.300941302261624,0.0067456580440054936,7.468359205602351,33.376220080140236,103.28718887992041
505.2104999996167,113.96011396011453,0,0.0,1.9705740807768022,0.00568464304012806,1.3019466991329027,0.008601654542355397,55.241087374994144,0.006109593902457257,22.983566970465205,0.006681171569450825,7.468359205602351,33.376220080140236,103.28718887992041
505.22049999961644,113.96011396011453,0,0.0,2.1404574716465063,0.005771762810691603,1.4738747609901166,0.008695400038965366,54.61644765589601,0.006076885175439055,22.67749585604522,0.006619221898831698,7.468359205602351,33.376220080140236,103.28718887992041
505.2304999996162,113.96011396011453,0,0.0,2.29651391015742,0.0058504718757416314,1.631815915254824,0.008780036716601367,54.00689803220867,0.006045073606235237,22.381472502347354,0.006559577348820313,7.468359205602351,33.376220080140236,103.28718887992041
505.24049999961596,113.96011396011453,0,0.0,2.442253392697083,0.005923327523075487,1.7776225655257543,0.008856759437781915,53.41407731755692,0.006014122050042895,22.0950013873409,0.006502035871413634,7.468359205602351,33.376220080140236,103.28718887992041
505.2504999996157,113.96011396011453,0,0.0,2.579956294855975,0.0059919791484986055,1.9126468572401545,0.008926509083093085,52.83399562460263,0.005984005680387424,21.816921756707604,0.006446421548951696,7.468359205602351,33.376220080140236,103.28718887992041
505.2604999996155,113.96011396011453,0,0.0,2.7107411777046333,0.006057495685501291,2.0376345947049814,0.008990072578070298,52.26784178130031,0.005954698078262173,21.54638109188401,0.006392580703599639,7.468359205602351,33.376220080140236,103.28718887992041
505.27049999961525,113.96011396011453,0,0.0,2.835951368113869,0.006120574732235421,2.1538776267674313,0.009048133841629,51.71724139207466,0.005926164171266116,21.283303171977785,0.006340379108314762,7.468359205602351,33.376220080140236,103.28718887992041
505.280499999615,113.96011396011453,0,0.0,2.9563942191526706,0.006181673287256464,2.2622746761647035,0.009101294836911406,51.17833213407789,0.0058983826370552425,21.02680488860787,0.006289699587102017,7.468359205602351,33.376220080140236,103.28718887992041
505.2904999996148,113.96011396011453,0,0.0,3.072209403998455,0.006241094784351968,2.3632073153712074,0.00915008722973172,50.65223056519762,0.005871330512264492,20.776260566673944,0.006240439241454369,7.468359205602351,33.376220080140236,103.28718887992041
505.30049999961454,113.96011396011453,0,0.0,3.1841584738329565,0.0062990447113817245,2.457733388288586,0.009194986359573103,50.14054099241331,0.005844974921486904,20.531854722213755,0.006192507663466004,7.468359205602351,33.376220080140236,103.28718887992041
505.3104999996143,113.96011396011453,0,0.7203582013936618,3.453815165258791,0.006515375004044674,2.7815428230666495,0.009479711982808291,49.639857209797086,0.005819290370096233,20.293346258112795,0.006145825436461035,7.468359205602351,33.376220080140236,103.28718887992041
505.32049999961407,113.96011396011453,0,1.6547237218107087,4.127558759911533,0.007081396742703099,3.5358881339738786,0.01014405009990741,49.14999163723624,0.005794285438323421,20.058432287938274,0.006100323567069989,7.468359205602351,33.376220080140236,103.28718887992041
505.33049999961383,113.96011396011453,0,2.619205874660251,4.896195602030367,0.0077206369924167585,4.205211469462286,0.010718084875851788,48.67293459801519,0.005769931534968091,19.82786915529803,0.006055953897551059,7.468359205602351,33.376220080140236,103.28718887992041
505.3404999996136,113.96011396011453,0,3.60487749271227,5.54632095348377,0.008251756206923526,4.635260364467131,0.01107241707694929,48.20551431799072,0.00574620264874315,19.601916467414295,0.00601269922054333,7.468359205602351,33.376220080140236,103.28718887992041
505.35049999961336,113.96011396011453,0,4.6021893239648275,5.995884161717425,0.008607837469949963,4.855655365159789,0.011237839720562972,47.74888566036553,0.005723076116021813,19.380736679723473,0.005970561292433523,7.468359205602351,33.376220080140236,103.28718887992041
505.3604999996131,113.96011396011453,0,5.6012465261101765,6.247345405835498,0.008792611184967046,4.923903324944483,0.011267581935443588,47.304721534985156,0.005700519369687374,19.1652779746939,0.00592954580134579,7.468359205602351,33.376220080140236,103.28718887992041
505.3704999996129,113.96011396011453,1,6.592102205024545,6.329747398512591,0.008832582176929199,4.954229345930041,0.011267581935443588,46.869595855824244,0.005678516488725049,18.955325495010513,0.00588965275446506,7.468359205602351,33.376220080140236,103.28718887992041
505.38049999961265,113.96011396011453,1,7.565053531900713,6.359205605046469,0.008832582176929199,4.983657239880437,0.011267581935443588,46.444399960503965,0.005657050940978332,18.750625243085103,0.00585086888215903,7.468359205602351,33.376220080140236,103.28718887992041
505.3904999996124,113.96011396011453,1,8.510925795389946,6.389409510701032,0.008832582176929199,5.013861145535,0.011267581935443588,46.03097114871736,0.005636090718209881,18.552113205870892,0.005813164824954316,7.468359205602351,33.376220080140236,103.28718887992041
505.4004999996122,113.96011396011453,1,9.421330577342355,6.422344964463612,0.008832582176929199,5.046766679820362,0.011267581935443588,45.626780108200236,0.00561560078683056,18.36047396610315,0.005776493998686473,7.468359205602351,33.376220080140236,103.28718887992041
505.41049999961194,114.17697431018132,1,9.598485993824486,7.19026875786215,0.008832582176929199,5.614884161093038,0.011267581935443588,45.2334972232011,0.005595545468474095,18.176365727601386,0.005740790009773971,7.468359205602351,33.376220080140236,103.28718887992041
505.4204999996117,114.17697431018132,1,9.598485993824486,11.183810751122746,0.008832582176929199,8.528296476429135,0.011267581935443588,44.85121223191311,0.005575914823800619,17.998310759153217,0.005705965819399996,7.468359205602351,33.376220080140236,103.28718887992041
505.43049999961147,114.17697431018132,1,9.598485993824486,18.495154411238875,0.008832582176929199,13.853558305804288,0.011267581935443588,44.47584624275272,0.005556728889772086,17.82382015801668,0.0056719227043715,7.468359205602351,33.376220080140236,103.28718887992041
505.44049999961123,114.17697431018132,1,9.598485993824486,28.90279892730231,0.008832582176929199,21.05755053829236,0.011130850132851098,44.108008109616875,0.005537986516526937,18.46294405936747,0.005773220865481356,7.468359205602351,33.376220080140236,103.28718887992041
505.450499999611,114.17697431018132,1,9.598485993824486,42.08544833916983,0.008832582176929199,27.122627217713358,0.010383566234483062,43.74910759754189,0.005519667487224383,22.566330958808464,0.006449774810480411,7.468359205602351,33.376220080140236,103.28718887992041
505.46049999961076,114.17697431018132,1,9.598485993824486,53.6995100403594,0.008257639966139891,31.653216727454275,0.00950104796219979,48.88240562564416,0.005732536112751892,27.118533936096906,0.007202939984517101,7.468359205602351,33.376220080140236,103.28718887992041
505.4704999996105,114.17697431018132,1,9.598485993824486,60.471474275578935,0.007264700690449358,34.85434177269255,0.008693438374573129,55.39856335071668,0.0060393824564719395,30.892019194982826,0.007829651690017569,7.468359205602351,33.376220080140236,103.28718887992041
505.4804999996103,114.17697431018132,1,9.598485993824486,64.92393417372786,0.006367284354211436,36.97336432351625,0.008011855402907725,60.65313284410723,0.006293892288715173,33.68186833508784,0.008293166589493592,7.468359205602351,33.376220080140236,103.28718887992041
505.49049999961005,114.17697431018132,1,9.598485993824486,68.00006899093428,0.005636334011504914,38.24954158803117,0.0074563077855352294,64.56294538921534,0.006484910032020382,35.57476854121806,0.008607437750709978,7.468359205602351,33.376220080140236,103.28718887992041
505.5004999996098,114.17697431018132,1,9.598485993824486,70.09344938502825,0.005055147654562334,38.887174546743324,0.00701089522053921,67.35532816904818,0.006621952287697463,36.73519393348297,0.00879979083980164,7.468359205602351,33.376220080140236,103.28718887992041
505.5104999996096,114.17697431018132,1,9.598485993824486,71.43036902482658,0.004596380873889147,39.04973919709902,0.0066567687192418045,69.26232538578725,0.0067159172345443415,37.32911941695925,0.00889771623716796,7.468359205602351,33.376220080140236,103.28718887992041
505.52049999960934,114.17697431018132,1,9.598485993824486,72.17662007155722,0.004236360691389087,38.86472687285362,0.006376991701654656,70.46701528236092,0.006775843302453043,37.49522007194113,0.00892438012613098,7.468359205602351,33.376220080140236,103.28718887992041
505.5304999996091,114.17697431018132,1,9.598485993824486,72.44834185646943,0.003956607492935436,38.423990168144464,0.0061577227586216855,71.1130464694302,0.006808664911501613,37.34245832291707,0.008897951112715026,7.468359205602351,33.376220080140236,103.28718887992041
505.54049999960887,114.17697431018132,1,9.598485993824486,72.32625544500776,0.003743241652350127,37.7942946258798,0.005988232813281779,71.30860805472307,0.006819561858169301,36.9535350919501,0.008832068192908814,7.468359205602351,33.376220080140236,103.28718887992041
505.55049999960863,114.17697431018132,1,9.598485993824486,71.86837584371757,0.003586524020391977,37.021270627954664,0.005860634320262049,71.12519229471206,0.006812246853012344,36.3867229568362,0.008736515897126216,7.468359205602351,33.376220080140236,103.28718887992041
505.5604999996084,114.17697431018132,1,9.598485993824486,71.10749508721396,0.003480151422113951,36.132387815268665,0.005769457735286131,70.61360377099585,0.006789168433556356,35.68194496414136,0.008617969305967749,7.468359205602351,33.376220080140236,103.28718887992041
505.57049999960816,114.17697431018132,1,9.598485993824486,70.05485396444413,0.003420872221494131,35.14281331335804,0.005711455939585486,69.80283539937143,0.006751684087378037,34.864129142495614,0.008480449773407533,7.468359205602351,33.376220080140236,103.28718887992041
505.5804999996079,114.17697431018132,0,9.598485993824486,68.66970629375577,0.003407174299653602,34.04900803138228,0.005685542624254913,68.71485875309361,0.006700878405782245,33.942674095576784,0.008325600809744604,7.468359205602351,33.376220080140236,103.28718887992041
505.5904999996077,114.17697431018132,0,9.598485993824486,66.03810222571784,0.003407174299653602,32.670690106967854,0.0056841424029086506,67.63591818759718,0.0066492029567055905,32.96463224925988,0.008161354035675012,7.468359205602351,33.376220080140236,103.28718887992041
505.60049999960745,114.17697431018132,0,9.598485993824486,61.6709714324308,0.003407174299653602,30.448603523322323,0.0056841424029086506,66.59751615462284,0.006599338056902256,32.062721626063194,0.008009696159033351,7.468359205602351,33.376220080140236,103.28718887992041
505.6104999996072,114.17697431018132,0,9.598485993824486,55.52825710985858,0.003407174299653602,27.320222912255165,0.0056841424029086506,65.5921368915799,0.006551146226855537,31.234369560314498,0.007870287417844178,7.468359205602351,33.376220080140236,103.28718887992041
505.620499999607,114.17697431018132,0,9.598485993824486,47.617970228889405,0.003407174299653602,23.28950331141639,0.0056841424029086506,64.61952338844989,0.0065045361564523094,30.470290071496255,0.007741623042107074,7.468359205602351,33.376220080140236,103.28718887992041
505.63049999960674,114.17697431018132,0,9.598485993824486,37.99140675182745,0.003407174299653602,18.382928770065227,0.0056841424029086506,63.68025024747897,0.0064594152987637295,29.763356813385485,0.007622406800299226,7.468359205602351,33.376220080140236,103.28718887992041
505.6404999996065,114.17697431018132,0,9.598485993824486,26.72714619903298,0.003407174299653602,12.640456623632156,0.0056841424029086506,62.76884251070888,0.006415718933452088,29.1063394960714,0.007511521582582057,7.468359205602351,33.376220080140236,103.28718887992041
505.65049999960627,114.17697431018132,0,9.598485993824486,13.95701226517988,0.003407174299653602,6.129221898440143,0.0056841424029086506,61.88563366758751,0.0063733866880138195,28.493216649066362,0.007408003185500844,7.468359205602351,33.376220080140236,103.28718887992041
505.66049999960603,114.17697431018132,0,0.0,0.6649995926623862,0.003593799429914993,-0.25558600009079546,0.006188726541281387,61.03147478143134,0.006332351651807424,27.919468005224683,0.007311018713831975,7.468359205602351,33.376220080140236,103.28718887992041
505.6704999996058,114.17697431018132,0,0.0,1.433729539425229,0.004241737518137584,0.7373199358130211,0.007057665811465996,60.20186835669974,0.0062925629462570725,27.38078641755934,0.007219848275958979,7.468359205602351,33.376220080140236,103.28718887992041
505.68049999960556,114.17697431018132,0,0.0,1.9631188598299296,0.004683535204665112,1.2375997989725867,0.007491427530622463,59.397994731426735,0.006253951117644213,26.874321932846133,0.007133867042973238,7.468359205602351,33.376220080140236,103.28718887992041
505.6904999996053,114.17697431018132,0,0.0,2.3387800194849633,0.0049929250351651525,1.5361771513103952,0.007746288152030814,58.62061838526705,0.006216464388718551,26.396943063308978,0.00705252717443094,7.468359205602351,33.376220080140236,103.28718887992041
505.7004999996051,114.17697431018132,0,0.0,2.615031868289567,0.005217050104835943,1.7471535195108179,0.007923350671525619,57.86479989405502,0.006180073165594983,25.94477756894814,0.00697534438022185,7.468359205602351,33.376220080140236,103.28718887992041
505.71049999960485,114.17697431018132,0,0.0,2.8263420245846747,0.005386073449403413,1.9156554945172641,0.008063042284356255,57.13100350118662,0.006144745257736155,25.51470305221123,0.006901889824861731,7.468359205602351,33.376220080140236,103.28718887992041
505.7204999996046,114.17697431018132,0,0.0,2.995496272373822,0.005519303481194947,2.060730026401686,0.008181965288670327,56.420335973080526,0.0061104353635342765,25.10486684789471,0.006831785264831124,7.468359205602351,33.376220080140236,103.28718887992041
505.7304999996044,114.17697431018132,0,0.0,3.136810062313802,0.005629104214987922,2.1902970817144793,0.008287294622831027,55.72840963840338,0.006077114432728802,24.71272860017407,0.006764698713901623,7.468359205602351,33.376220080140236,103.28718887992041
505.74049999960414,114.17697431018132,0,0.0,3.2591337665094975,0.00572340140751316,2.307770463062265,0.0083824248591494,55.055947518516334,0.00604475101923147,24.336305016784785,0.0067003392977715535,7.468359205602351,33.376220080140236,103.28718887992041
505.7504999996039,114.17697431018132,0,0.0,3.3688223801384574,0.005807282180174598,2.4156311539968645,0.00846919917537068,54.4042070191743,0.006013302116571507,23.974657756169503,0.006638452911095775,7.468359205602351,33.376220080140236,103.28718887992041
505.76049999960367,114.17697431018132,0,0.0,3.469704979596434,0.005884014630178965,2.5151407770091203,0.008548789855850992,53.76910247580044,0.005982741052310899,23.626043630894003,0.006578818127267801,7.468359205602351,33.376220080140236,103.28718887992041
505.77049999960343,114.17697431018132,0,0.0,3.563894397559393,0.005955704061528242,2.6069127865819546,0.008622053558377094,53.151426053939296,0.005953039313199523,23.289137664271692,0.006521241670848225,7.468359205602351,33.376220080140236,103.28718887992041
505.7804999996032,114.17697431018132,0,0.0,3.653393575710646,0.006023711944964229,2.692137583495429,0.00868968244819228,52.552459574464564,0.0059241576467761745,22.96352359714188,0.0064655549614852925,7.468359205602351,33.376220080140236,103.28718887992041
505.79049999960296,114.17697431018132,0,0.0,3.7392747486654714,0.0060889209223608945,2.7714572463976377,0.008752264964899243,51.968334276846846,0.005896072505397449,22.64794058131702,0.006411611079110778,7.468359205602351,33.376220080140236,103.28718887992041
505.8004999996027,114.17697431018132,0,0.0,3.821872520592789,0.006151907691030715,2.8451134371905495,0.008810314019638605,51.39986307070251,0.005868758565505118,22.341467242245145,0.006359281417555804,7.468359205602351,33.376220080140236,103.28718887992041
505.8104999996025,114.17697431018132,0,0.0,3.902015107219368,0.006213053397934937,2.914009474841686,0.008864286498835337,50.84832207122291,0.005842180286787044,22.043999443008527,0.006308453360171126,7.468359205602351,33.376220080140236,103.28718887992041
505.82049999960225,114.17697431018132,0,0.0,3.9800514186647336,0.006272611472551942,2.978601507972537,0.008914590306095678,50.31003389209372,0.005816317047004578,21.754583079017166,0.006259028300221783,7.468359205602351,33.376220080140236,103.28718887992041
505.830499999602,114.17697431018132,0,0.3119037588379519,4.080946631597758,0.006361063545973983,3.076551485942811,0.009009041673295267,49.78604604963541,0.005791144045920777,21.472814621383016,0.006210919306815247,7.468359205602351,33.376220080140236,103.28718887992041
505.8404999996018,114.17697431018132,0,1.2300276088674984,4.573486099580399,0.006802964688435817,3.6572007486961935,0.00955459139224623,49.277013177645316,0.005766634899631322,21.198096069904008,0.006164049892455524,7.468359205602351,33.376220080140236,103.28718887992041
505.85049999960154,114.17697431018132,0,2.1820153637692585,5.30437302025444,0.007439822160498855,4.341995836236072,0.010174585280061824,48.779375552938234,0.005742787425118902,20.929268692160814,0.006118358615475749,7.468359205602351,33.376220080140236,103.28718887992041
505.8604999996013,114.17697431018132,0,3.1593023579602657,5.99576856471466,0.008034129550601116,4.830437956556673,0.010609360869124207,48.29424814968103,0.005719575609279446,20.666415149069234,0.006073812765854456,7.468359205602351,33.376220080140236,103.28718887992041
505.87049999960107,114.17697431018132,0,4.152586587308782,6.51113871426877,0.008471759681054002,5.09932521092939,0.010844042004730702,47.82303259562075,0.005696965100209093,20.41028743351851,0.006030406600061863,7.468359205602351,33.376220080140236,103.28718887992041
505.88049999960083,114.17697431018132,0,5.1520930926102455,6.822734983008804,0.008731591267161526,5.19966421946696,0.010925712775657173,47.36247056977513,0.005674937560387011,20.160706300249114,0.005988145029657945,7.468359205602351,33.376220080140236,103.28718887992041
505.8904999996006,114.17697431018132,0,6.147861570486437,6.951795874089875,0.00883310727494025,5.206961169961719,0.010927317336126697,46.91344204689234,0.0056534726038506775,19.91767620696241,0.005947030863242492,7.468359205602351,33.376220080140236,103.28718887992041
505.90049999960036,114.17697431018132,1,7.13004315529509,6.962025473545275,0.008836246140166292,5.211712790732237,0.010927317336126697,46.477156213831435,0.0056325420322318655,19.681676487638335,0.0059070562385405735,7.468359205602351,33.376220080140236,103.28718887992041
505.9104999996001,114.17697431018132,1,8.089191682429393,6.967864503492012,0.008836246140166292,5.2175167183957765,0.010927317336126697,46.05044202874533,0.005612131244879705,19.452261703826952,0.005868198083291426,7.468359205602351,33.376220080140236,103.28718887992041
505.9204999995999,114.17697431018132,1,9.016535124730916,6.9759500353723105,0.008836246140166292,5.225567648337721,0.010927317336126697,45.634675853337924,0.0055922102979029465,19.229921001033993,0.005830416414772426,7.468359205602351,33.376220080140236,103.28718887992041
505.93049999959965,114.39466158246,1,9.598485993824486,7.056760181534802,0.008836246140166292,5.285041375260872,0.010927317336126697,45.23147683895795,0.005572741530737353,19.01548958687225,0.005793652786941859,7.468359205602351,33.376220080140236,103.28718887992041
505.9404999995994,114.39466158246,1,9.598485993824486,9.491646408247806,0.008836246140166292,6.975791684714913,0.010927317336126697,44.837748220782636,0.005553702210766965,18.80836234979659,0.005757828272646566,7.468359205602351,33.376220080140236,103.28718887992041
505.9504999995992,114.39466158246,1,9.598485993824486,15.314639454068777,0.008836246140166292,11.013311402490812,0.010927317336126697,44.45327387373035,0.005535104092963734,18.606278615107897,0.0057228462396437235,7.468359205602351,33.376220080140236,103.28718887992041
505.96049999959894,114.39466158246,1,9.598485993824486,24.349885198564213,0.008836246140166292,17.27575803258076,0.010927317336126697,44.07891573465182,0.0055169354027704,18.408570413390684,0.005688607721157922,7.468359205602351,33.376220080140236,103.28718887992041
505.9704999995987,114.39466158246,1,9.598485993824486,36.321135035579175,0.008836246140166292,24.1705731411929,0.010543159881027123,43.71171894820866,0.005499190070618644,20.466160434876777,0.0060288364871629715,7.468359205602351,33.376220080140236,103.28718887992041
505.98049999959846,114.39466158246,1,9.598485993824486,49.60709758894757,0.008609632408205855,29.305667360953095,0.0097264857684151,45.97957875593243,0.005585331231552799,24.832104912790363,0.006752805029260387,7.468359205602351,33.376220080140236,103.28718887992041
505.9904999995982,114.39466158246,1,9.598485993824486,57.902901678829856,0.0076718688807077525,32.995074570948866,0.008903587779313861,52.67669227192697,0.005891929230907494,28.889047774118037,0.00742795776668959,7.468359205602351,33.376220080140236,103.28718887992041
506.000499999598,114.39466158246,1,9.598485993824486,63.150353368230874,0.006713411087805684,35.518185871798245,0.008187130163787165,58.511432408278,0.006173289705523781,32.04005907309183,0.007953362558370975,7.468359205602351,33.376220080140236,103.28718887992041
506.01049999959776,114.39466158246,1,9.598485993824486,66.73809329999197,0.005912258677386868,37.11785470915604,0.007595268692965681,62.958715041862476,0.006390764863251608,34.26588778557014,0.008325018480063303,7.463356776374032,33.789471181868706,101.32666265231109
506.0204999995975,114.39466158246,1,9.598485993824486,69.20324231500966,0.005270994426846546,38.00768600008336,0.0071175343424676836,66.18842574419158,0.006549635038578766,35.70514462795764,0.008565746052724674,7.463356776374032,33.789471181868706,101.32666265231109
506.0304999995973,114.39466158246,1,9.598485993824486,70.83088905222769,0.004763640504775341,38.368176770434296,0.006736318136809541,68.43746460870135,0.006660991091003798,36.5216071693182,0.008702809024897017,7.463356776374032,33.789471181868706,101.32666265231109
506.04049999959705,114.39466158246,1,9.598485993824486,71.80631660314371,0.0043645572098772725,38.33675340270604,0.00643423537051995,69.91228684008253,0.00673471095164534,36.86258277332655,0.008760706693899261,7.463356776374032,33.789471181868706,101.32666265231109
506.0504999995968,114.39466158246,1,9.598485993824486,72.25968021233666,0.004052858473311176,38.01623738640326,0.006196475010569299,70.77592859122576,0.006778637973721957,36.84789171702512,0.008759290834854144,7.463356776374032,33.789471181868706,101.32666265231109
506.0604999995966,114.39466158246,1,9.598485993824486,72.29150851247213,0.003812836429944991,37.48370108885656,0.006011386429114819,71.14608716350293,0.006798686325531917,36.568049907030286,0.008713671261728784,7.463356776374032,33.789471181868706,101.32666265231109
506.07049999959634,114.39466158246,1,9.598485993824486,71.96855479933282,0.0036331167826398956,36.79136458162557,0.005870171942967402,71.11136564437456,0.006799131944101121,36.08976260410113,0.008634947743150979,7.463356776374032,33.789471181868706,101.32666265231109
506.0804999995961,114.39466158246,1,9.598485993824486,71.33196349677596,0.003505874112197354,35.9745391068902,0.005766534799728376,70.73393738456276,0.006782952158961481,35.46029748367726,0.008530911483252645,7.463356776374032,33.789471181868706,101.32666265231109
506.09049999959586,114.39466158246,1,9.598485993824486,70.40260054857318,0.0034265825724300956,35.05201916835002,0.0056964210584881285,70.04665466411583,0.006751984194633305,34.7095033411662,0.00840658082277516,7.463356776374032,33.789471181868706,101.32666265231109
506.1004999995956,114.39466158246,1,9.598485993824486,69.17797048529462,0.00339379690903312,34.028175035380514,0.005657846237550145,69.06454834867046,0.006706968441669901,33.8532718502058,0.008264600212654594,7.463356776374032,33.789471181868706,101.32666265231109
506.1104999995954,114.39466158246,0,9.598485993824486,67.2504932935427,0.003392920053444886,32.87402345871951,0.005649665340584029,67.95265790011536,0.006654559182943588,32.90202071952939,0.008106655086082779,7.463356776374032,33.789471181868706,101.32666265231109
506.12049999959515,114.39466158246,0,9.598485993824486,63.65512126190406,0.003392920053444886,31.06828431515106,0.005649665340584029,66.89541832149385,0.006604371680499099,31.9866591774036,0.007954627455282052,7.463356776374032,33.789471181868706,101.32666265231109
506.1304999995949,114.39466158246,0,9.598485993824486,58.30539803580422,0.003392920053444886,28.380843607487183,0.005649665340584029,65.87437904788139,0.006555904421443881,31.146417519428056,0.007815051811008276,7.463356776374032,33.789471181868706,101.32666265231109
506.1404999995947,114.39466158246,0,9.598485993824486,51.19369965114145,0.003392920053444886,24.8080136314619,0.005649665340584029,64.88929565736271,0.006509048328744276,30.372350413604465,0.007686388607278103,7.463356776374032,33.789471181868706,101.32666265231109
506.15049999959444,114.39466158246,0,9.598485993824486,42.34087301808281,0.003392920053444886,20.360199748326117,0.005649665340584029,63.934689668638434,0.006463719999277018,29.65613698082429,0.007567312757040883,7.463356776374032,33.789471181868706,101.32666265231109
506.1604999995942,114.39466158246,0,9.598485993824486,31.819462232046202,0.003392920053444886,15.073800588685039,0.005649665340584029,63.01063032039797,0.00641984456501454,28.99083329651178,0.007456682204866645,7.463356776374032,33.789471181868706,101.32666265231109
506.17049999959397,114.39466158246,0,9.598485993824486,19.74477745738717,0.003392920053444886,9.006891914733671,0.005649665340584029,62.11756201810031,0.006377349087798303,28.370822449466633,0.007353511891715974,7.463356776374032,33.789471181868706,101.32666265231109
506.18049999959374,114.39466158246,0,9.598485993824486,6.256774685113255,0.003392920053444886,2.3795542213168943,0.005729883828889306,61.25069126322002,0.0063361766510875404,27.79065874415221,0.007256951730002332,7.463356776374032,33.789471181868706,101.32666265231109
506.1904999995935,114.39466158246,0,0.0,1.3250541909759606,0.003985431240110421,0.555944151173875,0.006726443464841159,60.410348931390814,0.0062962759895460315,27.24567906124395,0.007166266844255469,7.463356776374032,33.789471181868706,101.32666265231109
506.20049999959326,114.39466158246,0,0.0,1.9418928696003155,0.004509543389539421,1.204888310841846,0.007298898945359329,59.59810808226706,0.006257570815225647,26.733612048182053,0.007080820954477464,7.463356776374032,33.789471181868706,101.32666265231109
506.210499999593,114.39466158246,0,0.0,2.370714315767879,0.004871683392969669,1.5607832631706144,0.007611992613194436,58.809428412065955,0.006220012654818584,26.25077749917819,0.007000059206140425,7.463356776374032,33.789471181868706,101.32666265231109
506.2204999995928,114.39466158246,0,0.0,2.6782042169553266,0.005129665884574426,1.7931824868845299,0.007815549922320624,58.04461584243621,0.0061835634331096675,25.793750266404174,0.00692349152308068,7.463356776374032,33.789471181868706,101.32666265231109
506.23049999959255,114.39466158246,0,0.0,2.9072732760819187,0.005320462944143748,1.9693638067367467,0.007969028219770437,57.304276998927435,0.006148181379901318,25.359863167932396,0.006850683462621689,7.463356776374032,33.789471181868706,101.32666265231109
506.2404999995923,114.39466158246,0,0.0,3.0854259834521027,0.005467724998303783,2.1164441800392018,0.008096492811481728,56.584186002695155,0.006113833427719854,24.946316707235223,0.006781251172716843,7.463356776374032,33.789471181868706,101.32666265231109
506.2504999995921,114.39466158246,0,0.0,3.2300382404168313,0.005586592538536626,2.245564299024308,0.008208068669347843,55.88496549060984,0.006080484402384071,24.55091338910762,0.00671485654467492,7.463356776374032,33.789471181868706,101.32666265231109
506.26049999959184,114.39466158246,0,0.0,3.3524987526411225,0.005686765901065483,2.3619424436430903,0.008308335751263617,55.20746930702454,0.006048094632522145,24.17207873807784,0.006651203094233284,7.463356776374032,33.789471181868706,101.32666265231109
506.2704999995916,114.39466158246,0,0.0,3.460184073443119,0.005774463999541398,2.4682435740387128,0.008399622979129382,54.547833792636936,0.006016633070877116,23.807973044808357,0.006590031857858928,7.463356776374032,33.789471181868706,101.32666265231109
506.28049999959137,114.39466158246,0,0.0,3.5575616188405013,0.005853680815871254,2.5658133241655587,0.008483310907880001,53.90680306281279,0.005986067252453781,23.457196287432108,0.006531116680849439,7.463356776374032,33.789471181868706,101.32666265231109
506.29049999959113,114.39466158246,0,0.0,3.6477333436222645,0.0059269874289696765,2.655820219566162,0.00856035665388704,53.28529990957747,0.005956361043420117,23.11882436877764,0.006474260400231281,7.463356776374032,33.789471181868706,101.32666265231109
506.3004999995909,114.39466158246,0,0.0,3.7327942133381122,0.00599604202845795,2.739196016012952,0.0086315042793216,52.67969054022755,0.005927486628232806,22.79159600566645,0.006419291385114937,7.463356776374032,33.789471181868706,101.32666265231109
506.31049999959066,114.39466158246,0,0.0,3.8138149326105455,0.006061919257160949,2.816451692793039,0.008697372876645784,52.090757451912054,0.005899414913986324,22.47459499286127,0.006366059786940445,7.463356776374032,33.789471181868706,101.32666265231109
506.3204999995904,114.39466158246,0,0.0,3.8916998394138913,0.006125320506736248,2.8882796611589914,0.008758500505805438,51.51944043346594,0.0058721135050747155,22.16729057884492,0.0063144347823610066,7.463356776374032,33.789471181868706,101.32666265231109
506.3304999995902,114.39466158246,0,0.0,3.967156116050413,0.0061867058490716826,2.9553291573066955,0.008815362454508568,50.9622965300813,0.00584555777143889,21.86878461024487,0.006264302190029615,7.463356776374032,33.789471181868706,101.32666265231109
506.34049999958995,114.39466158246,0,0.0,4.040355414484271,0.006246381187179895,3.017894709653603,0.008868380415001985,50.42012448415763,0.005819721785107041,21.578464263678924,0.006215561807187532,7.463356776374032,33.789471181868706,101.32666265231109
506.3504999995897,114.39466158246,0,0.0,4.1116053107893755,0.006304553961611369,3.076476198983538,0.008917933482563093,49.89386659656235,0.005794576572270634,21.296040484693034,0.006168125633748299,7.463356776374032,33.789471181868706,101.32666265231109
506.3604999995895,114.39466158246,0,0.9044208555242937,4.432364557380366,0.006603239621839171,3.4669218770832675,0.009301633154850785,49.38041721160387,0.0057700967212339725,21.02108638830922,0.006121916394657029,7.463356776374032,33.789471181868706,101.32666265231109
506.37049999958924,114.39466158246,0,1.8454854387771407,5.111768649951471,0.007202835180999165,4.163068842382769,0.009940930225042006,48.87984420108459,0.005746279523342438,20.7520354184138,0.006076868222797131,7.463356776374032,33.789471181868706,101.32666265231109
506.380499999589,114.39466158246,0,2.814943338155539,5.833432342996547,0.007828977898442236,4.72526628687457,0.010447427247095343,48.39343627689845,0.005723096746561015,20.489236940026476,0.006032939269477615,7.463356776374032,33.789471181868706,101.32666265231109
506.39049999958877,114.39466158246,0,3.803722128912657,6.412930551677155,0.008326141885324366,5.061100753229959,0.010746151915086636,47.91829263899698,0.005700523551740641,20.23274998924707,0.005990118030186228,7.463356776374032,33.789471181868706,101.32666265231109
506.40049999958853,114.39466158246,0,4.802180574347627,6.658202869382146,0.008645754394322693,5.079296462990049,0.01087610561965723,47.36146792965906,0.00568056893330631,19.847672355409067,0.005948408735383888,7.463356776374032,33.789471181868706,101.32666265231109
506.4104999995883,114.39466158246,0,5.800389643742231,6.77235143074012,0.008799101813251798,5.02943152390476,0.010891739848243601,46.86808748548764,0.005660447160423149,19.533467613553924,0.005907817273731568,7.463356776374032,33.789471181868706,101.32666265231109
506.42049999958806,114.39466158246,1,6.788427744205053,6.733339449904857,0.008820758243360316,4.960906249180377,0.010891739848243601,46.386677931681604,0.005640895270070727,19.227245304402064,0.005868341935339562,7.463356776374032,33.789471181868706,101.32666265231109
506.4304999995878,114.39466158246,1,7.756675584009768,6.6669140769677355,0.008820758243360316,4.894448668701848,0.010891739848243601,45.918315953815735,0.0056218983672719465,18.92898261584775,0.005829966617613475,7.463356776374032,33.789471181868706,101.32666265231109
506.4404999995876,114.39466158246,1,8.696096110490291,6.603747820490154,0.008820758243360316,4.831282412224267,0.010891739848243601,45.464135589634466,0.005603425659152152,18.63909294180499,0.005792658769608267,7.463356776374032,33.789471181868706,101.32666265231109
506.45049999958735,114.39466158246,1,9.598485993824486,6.5452817335703095,0.008820758243360316,4.7727846364883675,0.010891739848243601,45.02177727326845,0.005585440089808827,18.358020530887007,0.0057563681661999214,7.463356776374032,33.789471181868706,101.32666265231109
506.4604999995871,114.61318051575981,1,9.598485993824486,7.742208399129023,0.008820758243360316,5.582602331619659,0.010891739848243601,44.59278765288519,0.005567898048310455,18.086651438966534,0.005721024301673367,7.463356776374032,33.789471181868706,101.32666265231109
506.4704999995869,114.61318051575981,1,9.598485993824486,12.323055358592208,0.008820758243360316,8.729359449975002,0.010891739848243601,44.17646801694866,0.005550801795550033,17.822636903385394,0.005686536631619683,7.463356776374032,33.789471181868706,101.32666265231109
506.48049999958664,114.61318051575981,1,9.598485993824486,20.18714551626083,0.008820758243360316,14.143370924716233,0.010891739848243601,43.76975223333748,0.005534148454909808,17.564572430115327,0.005652806194046293,7.463356776374032,33.789471181868706,101.32666265231109
506.4904999995864,114.61318051575981,1,9.598485993824486,31.0930808116076,0.008820758243360316,21.136946816971346,0.010719028209245727,43.373337817796624,0.00551792312148615,18.334116678359784,0.005789450455564303,7.463356776374032,33.789471181868706,101.32666265231109
506.50049999958617,114.61318051575981,1,9.598485993824486,44.641983260608846,0.008797876529053368,26.71811026142654,0.00997533045171614,43.39229179299789,0.005515797270263301,22.31911672492759,0.006459820009477223,7.463356776374032,33.789471181868706,101.32666265231109
506.51049999958593,114.61318051575981,1,9.598485993824486,54.74565069907218,0.008030913396998756,30.77620180700108,0.009138189362837487,49.66172174680631,0.005790523997493876,26.515241962195837,0.007167577541044571,7.463356776374032,33.789471181868706,101.32666265231109
506.5204999995857,114.61318051575981,1,9.598485993824486,60.81397487114524,0.00704351873072521,33.58631290068371,0.008385584826569871,55.89895228079307,0.006091252294300939,29.905708884781884,0.007743181245274727,7.463356776374032,33.789471181868706,101.32666265231109
506.53049999958546,114.61318051575981,1,9.598485993824486,64.86593169886297,0.006184334234297357,35.39772331937907,0.007755588369282076,60.79556844628614,0.006333018849057927,32.356231489670954,0.00816257106017144,7.463356776374032,33.789471181868706,101.32666265231109
506.5404999995852,114.61318051575981,1,9.598485993824486,67.65913747563197,0.005490392529649812,36.43907119815274,0.007244052007696647,64.39597210220856,0.006512926532290784,33.9727353411289,0.008442968613876044,7.463356776374032,33.789471181868706,101.32666265231109
506.550499999585,114.61318051575981,1,9.598485993824486,69.5333492116889,0.004940020160459026,36.90005614841883,0.0068346857763702945,66.93713070652379,0.006641399569705228,34.91720409268259,0.008611176177399208,7.463356776374032,33.789471181868706,101.32666265231109
506.56049999958475,114.61318051575981,1,9.598485993824486,70.69360251375157,0.004506276904452736,36.92859344291277,0.0065095916354877634,68.64084085558423,0.006729010621087978,35.344218843101295,0.00869297073250829,7.463356776374032,33.789471181868706,101.32666265231109
506.5704999995845,114.61318051575981,1,9.598485993824486,71.29564391630564,0.004166659585425411,36.64190877928414,0.006253109903939139,69.680771922818,0.006784310006622762,35.38205558435593,0.00870966361431717,7.463356776374032,33.789471181868706,101.32666265231109
506.5804999995843,114.61318051575981,1,9.598485993824486,71.44738356903359,0.003903833316455131,36.1235737864054,0.006052604512018244,70.19159254129752,0.006813788038285368,35.130693303654965,0.008677805484401903,7.463356776374032,33.789471181868706,101.32666265231109
506.59049999958404,114.61318051575981,1,9.598485993824486,71.22112506107304,0.003704909208391517,35.43185727103782,0.005898356926662876,70.27254845215214,0.00682227836810295,34.66379523162252,0.008609745449183692,7.463356776374032,33.789471181868706,101.32666265231109
506.6004999995838,114.61318051575981,1,9.598485993824486,70.67035794054046,0.0035609822580565777,34.608333325018414,0.0057833171186061644,69.98985518158898,0.006813181393010522,34.03427561679282,0.008514253520228842,7.463356776374032,33.789471181868706,101.32666265231109
506.61049999958357,114.61318051575981,1,9.598485993824486,69.8228081968495,0.0034665009162934105,33.67701163422838,0.005702709102629073,69.38893532606413,0.006788668118736337,33.278040593560625,0.008397210902946449,7.463356776374032,33.789471181868706,101.32666265231109
506.62049999958333,114.61318051575981,1,9.598485993824486,68.68277773098555,0.0034189668893903524,32.647930433855976,0.005653874754402066,68.49197976327463,0.006749854821405965,32.41484931145485,0.008262007905360476,7.463356776374032,33.789471181868706,101.32666265231109
506.6304999995831,114.61318051575981,0,9.598485993824486,67.09430542174547,0.0034129145887725762,31.515229387826388,0.005636290502121873,67.36971185161627,0.0066996751728741425,31.451480485795518,0.00810972961758385,7.463356776374032,33.789471181868706,101.32666265231109
506.64049999958286,114.61318051575981,0,9.598485993824486,64.01293352664099,0.0034129145887725762,29.96619893006028,0.005636253015648908,66.29373817289384,0.006650652156643889,30.47117417426628,0.007954250659217638,7.463356776374032,33.789471181868706,101.32666265231109
506.6504999995826,114.61318051575981,0,9.598485993824486,59.179727914845735,0.0034129145887725762,27.554315090414097,0.005636253015648908,65.25711305920188,0.0066033704238030065,29.5698496720945,0.007811684736186678,7.463356776374032,33.789471181868706,101.32666265231109
506.6604999995824,114.61318051575981,0,9.598485993824486,52.56380953313674,0.0034129145887725762,24.261112459456804,0.005636253015648908,64.25430959788828,0.006557710749267138,28.738253175773103,0.0076804587354338425,7.463356776374032,33.789471181868706,101.32666265231109
506.67049999958215,114.61318051575981,0,9.598485993824486,44.18327046408848,0.0034129145887725762,20.095792483199777,0.005636253015648908,63.28533928126299,0.006513571285155317,27.968567570483895,0.007559186315032144,7.463356776374032,33.789471181868706,101.32666265231109
506.6804999995819,114.61318051575981,0,9.598485993824486,34.09815878466369,0.0034129145887725762,15.087573806841077,0.005636253015648908,62.3494675336171,0.006470885706581197,27.252677495626717,0.007446673230059648,7.463356776374032,33.789471181868706,101.32666265231109
506.6904999995817,114.61318051575981,0,9.598485993824486,22.396628366709493,0.0034129145887725762,9.280295168741267,0.005636253015648908,61.44224645962846,0.006429577144928829,26.584654779424387,0.007341890169159634,7.463356776374032,33.789471181868706,101.32666265231109
506.70049999958144,114.61318051575981,0,9.598485993824486,9.221762447102373,0.0034129145887725762,2.7450057271242088,0.00563682947914444,60.564277299606566,0.006389572721755472,25.95971607358958,0.007243948662230044,7.463356776374032,33.789471181868706,101.32666265231109
506.7104999995812,114.61318051575981,0,0.0,-0.7019528022334325,0.0037740346602583765,-1.4766354385738705,0.006510297576454787,59.71485518253803,0.006350836031365613,25.371785752363557,0.0071520811575896326,7.463356776374032,33.789471181868706,101.32666265231109
506.72049999958097,114.61318051575981,0,0.0,-0.04402886797093597,0.004362394693063229,-0.6290622145567246,0.007288108998371265,58.89151894408841,0.006313283532211674,24.819102249801354,0.007065624027087926,7.463356776374032,33.789471181868706,101.32666265231109
506.73049999958073,114.61318051575981,0,0.0,0.4016409127035976,0.004765390864186261,-0.1987029963005007,0.007694798221249591,58.09546068412591,0.006276829773910828,24.29972631078838,0.006984000195605349,7.463356776374032,33.789471181868706,101.32666265231109
506.7404999995805,114.61318051575981,0,0.0,0.7101323601093465,0.0050493212305586736,0.05913460255263914,0.007947429171396084,57.32582991897915,0.006241455519010145,23.80869552571664,0.006906701993354319,7.463356776374032,33.789471181868706,101.32666265231109
506.75049999958026,114.61318051575981,0,0.0,0.9307679697872082,0.0052565570986556846,0.24171836144724068,0.008131728717960491,56.57848999165305,0.006207121802368214,23.34288935604376,0.0068332798740236055,7.463356776374032,33.789471181868706,101.32666265231109
506.76049999958,114.61318051575981,0,0.0,1.0951546187528534,0.005414195551071991,0.3880386684536212,0.008282089313687914,55.85409594995904,0.0061737859194209415,22.900006164109463,0.006763335753620329,7.463356776374032,33.789471181868706,101.32666265231109
506.7704999995798,114.61318051575981,0,0.0,1.221955964464068,0.0055395748686876845,0.5126167061032874,0.008412745073620196,55.152283595849745,0.00614143239772889,22.476476842698624,0.006696518697880595,7.463356776374032,33.789471181868706,101.32666265231109
506.78049999957955,114.61318051575981,0,0.0,1.3247229646288536,0.00564379419181607,0.6230444727230884,0.0085299487272395,54.46960076699407,0.006110019675892766,22.07067103965037,0.006632520867536878,7.463356776374032,33.789471181868706,101.32666265231109
506.7904999995793,114.61318051575981,0,0.0,1.412202646314915,0.005733966627665664,0.7231655722033326,0.008636741081680428,53.807085432794736,0.006079503429303485,21.681532478170187,0.0065710727403978765,7.463356776374032,33.789471181868706,101.32666265231109
506.8004999995791,114.61318051575981,0,0.0,1.4883612179257506,0.005814657166702983,0.8135206594650928,0.008734835022364907,53.164580987182866,0.006049869665639613,21.306418845353924,0.006511939003675324,7.463356776374032,33.789471181868706,101.32666265231109
506.81049999957884,114.61318051575981,0,0.0,1.5574098239345755,0.005888799331226685,0.8961143639251175,0.008825364434332366,52.538967701171,0.006021078111882332,20.94452566172629,0.006454914681777142,7.463356776374032,33.789471181868706,101.32666265231109
506.8204999995786,114.61318051575981,0,0.0,1.6221025512905953,0.005958283762972148,0.9724366533553521,0.008909181963621978,51.931399760844876,0.005993086640095447,20.595465591156955,0.006399820949407649,7.463356776374032,33.789471181868706,101.32666265231109
506.83049999957836,114.61318051575981,0,0.0,1.6824942733432184,0.006024334130128451,1.0418890148817672,0.008986987654599175,51.34175492198617,0.005965885207507598,20.25707754952652,0.006346501882313228,7.463356776374032,33.789471181868706,101.32666265231109
506.8404999995781,114.61318051575981,0,0.0,1.740350407233124,0.006087745400375345,1.1059442826846988,0.009059385415812821,50.76713027131156,0.005939436314828389,19.929033718737582,0.006294821598966656,7.463356776374032,33.789471181868706,101.32666265231109
506.8504999995779,114.61318051575981,0,0.0,1.7968532491890148,0.006149038277574182,1.1657652838916528,0.009126904192356762,50.20872666504719,0.005913700755034771,19.611343682012706,0.006244661191216221,7.463356776374032,33.789471181868706,101.32666265231109
506.86049999957766,114.61318051575981,0,0.0,1.8509842421935945,0.00620855804045793,1.2204562437597115,0.009190015123206963,49.66641634076845,0.005888672585240707,19.302116557473354,0.006195916543322354,7.463356776374032,33.789471181868706,101.32666265231109
506.8704999995774,114.61318051575981,0,0.0,1.903874590256204,0.006266535873771932,1.2713197096463542,0.009249142422443351,49.13748099276411,0.005864317070080629,19.001323959838942,0.006148496467539773,7.463356776374032,33.789471181868706,101.32666265231109
506.8804999995772,114.61318051575981,0,0.674579314250563,2.0964594658234335,0.006462829150816355,1.5293376945393913,0.009523331629977792,48.62364715167291,0.005840586087695898,18.70996388560368,0.006102320583087273,7.463356776374032,33.789471181868706,101.32666265231109
506.89049999957695,114.61318051575981,0,1.6072192901205773,2.697671081328255,0.007013015174851499,2.24063633088089,0.010198406313660055,48.122751688662795,0.005817521324782289,18.42340738677202,0.006057319101439169,7.463356776374032,33.789471181868706,101.32666265231109
506.9004999995767,114.61318051575981,0,2.570401351053232,3.4091188099159826,0.007648114799976198,2.8821221899425042,0.010794896124456948,47.632832043281795,0.0057950944273208035,18.14234261163756,0.006013442513696663,7.463356776374032,33.789471181868706,101.32666265231109
506.9104999995765,114.61318051575981,0,3.5552361998170796,4.012788001385556,0.008182406885433086,3.284502795749815,0.011169757643295202,47.15580290267302,0.0057732558011438385,17.868406959421453,0.005970671965266026,7.463356776374032,33.789471181868706,101.32666265231109
506.92049999957624,114.61318051575981,0,4.552199322964894,4.42043968103308,0.008544672136047336,3.472630839830387,0.01135066293049507,46.69175604386458,0.005751998282740869,17.60069368841946,0.005929008743402677,7.463356776374032,33.789471181868706,101.32666265231109
506.930499999576,114.61318051575981,0,5.5514062703830245,4.692037905912205,0.008736202463626686,3.563199730415521,0.011389215867356051,46.29165879296005,0.005730521161451434,17.40694271205234,0.005888458870660667,7.463356776374032,33.789471181868706,101.32666265231109
506.94049999957576,114.61318051575981,1,6.542905679310919,4.870059688009775,0.00878155650943496,3.6824937618636664,0.011389215867356051,45.936527966364736,0.005708042570513176,17.288220812700853,0.005849022721808144,7.463356776374032,33.789471181868706,101.32666265231109
506.9504999995755,114.61318051575981,1,7.516975612988799,4.979051353349742,0.00878155650943496,3.791485427203633,0.011389215867356051,45.58368143037781,0.005686121876919844,17.165573358271622,0.00581068778521908,7.463356776374032,33.789471181868706,101.32666265231109
506.9604999995753,114.61318051575981,1,8.464408554977876,5.0822164479743,0.00878155650943496,3.8946316153696223,0.011389215867356051,45.23328338330952,0.005664712950318415,17.04209822566419,0.0057734256599967825,7.463356776374032,33.789471181868706,101.32666265231109
506.97049999957505,114.61318051575981,1,9.376771182917146,5.18283416618115,0.00878155650943496,3.9952307792634922,0.011389215867356051,44.88819727793052,0.005643756986582742,16.920549324310436,0.005737190523097552,7.463356776374032,33.789471181868706,101.32666265231109
506.9804999995748,114.83253588516794,1,9.598485993824486,5.9043360857825515,0.00878155650943496,4.557650318596465,0.011389215867356051,44.551197231360014,0.005623200894728933,16.80335898852779,0.005701917118903078,7.463356776374032,33.789471181868706,101.32666265231109
506.9904999995746,114.83253588516794,1,9.598485993824486,9.772984344333128,0.00878155650943496,7.460317495091771,0.011389215867356051,44.2183187778858,0.005603050989327402,16.688128886593972,0.005667519676303106,7.463356776374032,33.789471181868706,101.32666265231109
507.00049999957434,114.83253588516794,1,9.598485993824486,16.94909835134694,0.00878155650943496,12.821891683774014,0.011389215867356051,43.88929543463912,0.005583339117269414,16.572246049051103,0.005633899750363799,7.463356776374032,33.789471181868706,101.32666265231109
507.0104999995741,114.83253588516794,1,9.598485993824486,27.21579395153317,0.00878155650943496,20.06770133801034,0.01123688248147302,43.56509889029326,0.005564061854116307,17.35798518747182,0.005750847389441515,7.4599391537754665,34.07471717169822,98.93043588194514
507.0204999995739,114.83253588516794,1,9.598485993824486,40.25943174595028,0.00878155650943496,26.21772022685965,0.010473951345822444,43.24361201280628,0.005545213868922595,21.594517927980327,0.006441648215349345,7.4599391537754665,34.07471717169822,98.93043588194514
507.03049999957364,114.83253588516794,1,9.598485993824486,52.386268488918795,0.008290071078282137,30.861567075229463,0.009578093741870254,47.748987733959446,0.005728100791848331,26.25577705283034,0.007205923787876471,7.4599391537754665,34.07471717169822,98.93043588194514
507.0404999995734,114.83253588516794,1,9.598485993824486,59.39245040151502,0.007305597947576242,34.15325259445636,0.008756989661161558,54.305317023518526,0.0060346207807566105,30.125216036466636,0.007843182075230822,7.4599391537754665,34.07471717169822,98.93043588194514
507.05049999957316,114.83253588516794,1,9.598485993824486,63.95456155514285,0.006401155860058378,36.345310694970614,0.00806336234220058,59.64303900215524,0.006292148560385952,32.9963678289601,0.008315217462267974,7.4599391537754665,34.07471717169822,98.93043588194514
507.0604999995729,114.83253588516794,1,9.598485993824486,67.10289161713462,0.005662713530306139,37.67736012641717,0.007497912726433059,63.62838208516463,0.006485819198639037,34.95514932677451,0.008635492072717355,7.4599391537754665,34.07471717169822,98.93043588194514
507.0704999995727,114.83253588516794,1,9.598485993824486,69.24816981972305,0.005075343308433201,38.356108664896624,0.00704456718588849,66.48603801744017,0.006624851087498365,36.16889863116152,0.008831701376943103,7.4599391537754665,34.07471717169822,98.93043588194514
507.08049999957245,114.83253588516794,1,9.598485993824486,70.6336622044251,0.004611860807403035,38.553120973486564,0.0066842784246336434,68.4451187784352,0.006720230978478434,36.80440281441819,0.008931693087957713,7.4599391537754665,34.07471717169822,98.93043588194514
507.0904999995722,114.83253588516794,1,9.598485993824486,71.42161961619085,0.004248318751970353,38.395240286515005,0.006399762023120164,69.69450960562939,0.006781086834791192,37.003266981531695,0.008959089834510112,7.4599391537754665,34.07471717169822,98.93043588194514
507.100499999572,114.83253588516794,1,9.598485993824486,71.72566260520142,0.003965786178737,37.97564566836231,0.006176796935020947,70.38083846769982,0.006814511661365398,36.8777895119552,0.0089325122044106,7.4599391537754665,34.07471717169822,98.93043588194514
507.11049999957174,114.83253588516794,1,9.598485993824486,71.63518292003552,0.003750305125990439,37.36441740991253,0.0060044607868143095,70.60881733253474,0.006825780458961186,36.510923324128,0.008865837879100062,7.4599391537754665,34.07471717169822,98.93043588194514
507.1204999995715,114.83253588516794,1,9.598485993824486,71.20619701995044,0.0035919977944106,36.6069165066405,0.005874675301024376,70.45535545100698,0.006818633201983958,35.96256889059106,0.008769064289665817,7.4599391537754665,34.07471717169822,98.93043588194514
507.13049999957127,114.83253588516794,1,9.598485993824486,70.47067091107786,0.003484354065669655,35.73248372207823,0.005781827600155726,69.97274280921219,0.006795582614772515,35.27435289579483,0.008649019439430696,7.4599391537754665,34.07471717169822,98.93043588194514
507.14049999957103,114.83253588516794,1,9.598485993824486,69.44069860097973,0.0034241095650445687,34.75453710002058,0.005722576730113271,69.18519077549121,0.006758031071950976,34.47066879610054,0.008509819138911582,7.4599391537754665,34.07471717169822,98.93043588194514
507.1504999995708,114.83253588516794,0,9.598485993824486,68.08076592926444,0.0034098476842126225,33.670847984359604,0.005695747269589097,68.11820329267296,0.006706993907903419,33.561816751952314,0.00835319142575601,7.4599391537754665,34.07471717169822,98.93043588194514
507.16049999957056,114.83253588516794,0,9.598485993824486,65.48717525238604,0.0034098476842126225,32.311838900393134,0.005694160579487332,67.05838309445379,0.006654917826120734,32.593169596525186,0.00818667666558086,7.4599391537754665,34.07471717169822,98.93043588194514
507.1704999995703,114.83253588516794,0,9.598485993824486,61.14584047499103,0.0034098476842126225,30.102412620380775,0.005694160579487332,66.03458534441752,0.006604672102336688,31.699511499675346,0.008032813780152982,7.4599391537754665,34.07471717169822,98.93043588194514
507.1804999995701,114.83253588516794,0,9.598485993824486,55.0240332516883,0.0034098476842126225,26.979138465019872,0.005694160579487332,65.04469234081981,0.006556111065416644,30.879583158188147,0.007891418404496827,7.4599391537754665,34.07471717169822,98.93043588194514
507.19049999956985,114.83253588516794,0,9.598485993824486,47.132450548929924,0.0034098476842126225,22.94780963260006,0.005694160579487332,64.08860258158059,0.006509129146151788,30.12481258412894,0.007760957819796573,7.4599391537754665,34.07471717169822,98.93043588194514
507.2004999995696,114.83253588516794,0,9.598485993824486,37.50849838794154,0.0034098476842126225,18.027509206094958,0.005694160579487332,63.16150220384887,0.006463650081635925,29.42687491128913,0.007640112314621424,7.4599391537754665,34.07471717169822,98.93043588194514
507.2104999995694,114.83253588516794,0,9.598485993824486,26.24385607213522,0.0034098476842126225,12.265147242282293,0.005694160579487332,62.263208777521854,0.006419605342977154,28.778742544239233,0.007527744101251354,7.4599391537754665,34.07471717169822,98.93043588194514
507.22049999956914,114.83253588516794,0,9.598485993824486,13.47445120253459,0.0034098476842126225,5.730729116760163,0.005694160579487332,61.39423255619417,0.006376920924631068,28.17516391447239,0.007422871441812341,7.4599391537754665,34.07471717169822,98.93043588194514
507.2304999995689,114.83253588516794,0,0.0,0.2971269995092123,0.0036013023462337424,-0.591876211497318,0.006228552628994328,60.550161115100764,0.006335547011680731,27.61042081552197,0.0073246467191025455,7.4599391537754665,34.07471717169822,98.93043588194514
507.24049999956867,114.83253588516794,0,0.0,1.0757774597728282,0.004243145689811963,0.4311470468437544,0.007108593610034792,59.73175901064347,0.006295427751111628,27.08061643206625,0.007232336854120556,7.4599391537754665,34.07471717169822,98.93043588194514
507.25049999956843,114.83253588516794,0,0.0,1.6170238495601605,0.004680683294432521,0.9534529531059666,0.007546972910655857,58.94052340801989,0.006256474582405539,26.583955886375932,0.007145305820490227,7.4599391537754665,34.07471717169822,98.93043588194514
507.2604999995682,114.83253588516794,0,0.0,2.0052461738740353,0.004987102342902614,1.270286677714028,0.00780394642987528,58.1720387128319,0.00621865427592132,26.116032697256767,0.0070629963419031085,7.4599391537754665,34.07471717169822,98.93043588194514
507.27049999956796,114.83253588516794,0,0.0,2.2940194171441934,0.005209164782128891,1.4972248483859305,0.007982028443913262,57.426150936958386,0.006181936872840877,25.67302687768648,0.006984915473894097,7.4599391537754665,34.07471717169822,98.93043588194514
507.2804999995677,114.83253588516794,0,0.0,2.518359111375567,0.005376762597526689,1.6808625010953744,0.008122159279929066,56.70346124180492,0.006146278715631633,25.25253299917343,0.006910627090539504,7.4599391537754665,34.07471717169822,98.93043588194514
507.2904999995675,114.83253588516794,0,0.0,2.7002978076485196,0.00550900986018967,1.8398891319264568,0.008241138376085172,56.00018207795664,0.006111651234415192,24.85160234724022,0.00683974688763238,7.4599391537754665,34.07471717169822,98.93043588194514
507.30049999956725,114.83253588516794,0,0.0,2.8536979304621504,0.005618138221092702,1.9820690415907478,0.00834623064408497,55.31661099979768,0.006078023226888164,24.46787695702524,0.0067719371823509455,7.4599391537754665,34.07471717169822,98.93043588194514
507.310499999567,114.83253588516794,0,0.0,2.9882042762836525,0.005711981745617526,2.1117626288156544,0.008440885838090231,54.65366958374423,0.0060453505653538684,24.10017984742007,0.006706902335559596,7.4599391537754665,34.07471717169822,98.93043588194514
507.3204999995668,114.83253588516794,0,0.0,3.1096276350148453,0.005795561604605395,2.230967431136636,0.008526984043158879,54.007929813342066,0.00601360555300971,23.746569579394656,0.006644384298699627,7.4599391537754665,34.07471717169822,98.93043588194514
507.33049999956654,114.83253588516794,0,0.0,3.2214214625731517,0.005872101997389698,2.340704360925181,0.008605727226727951,53.379818756190424,0.005982759072769963,23.405501317155615,0.006584157773046459,7.4599391537754665,34.07471717169822,98.93043588194514
507.3404999995663,114.83253588516794,0,0.0,3.326547699646801,0.005943678454268045,2.442493271621857,0.008678001143002777,52.77033219217622,0.005952769974666841,23.07645724361579,0.006526026261084405,7.4599391537754665,34.07471717169822,98.93043588194514
507.35049999956607,114.83253588516794,0,0.0,3.426544517172913,0.006011629810567483,2.5370603651506185,0.008744520830162864,52.176241894613966,0.005923613634446855,22.758060321686067,0.006469818528987261,7.4599391537754665,34.07471717169822,98.93043588194514
507.36049999956583,114.83253588516794,0,0.0,3.522115184319424,0.006076824177371894,2.624771779676159,0.008805893915753487,51.598009095416586,0.005895264192408491,22.44923578077518,0.006415384909576766,7.4599391537754665,34.07471717169822,98.93043588194514
507.3704999995656,114.83253588516794,0,0.0,3.614440583699565,0.006139828709091384,2.7067424611402733,0.008862653679451573,51.03664460074032,0.005867684023676911,22.14985051684828,0.0063625945313261194,7.4599391537754665,34.07471717169822,98.93043588194514
507.38049999956536,114.83253588516794,0,0.0,3.703927562295968,0.006201015970815135,2.783431666696899,0.008915272596788183,50.48908332139915,0.005840851648784257,21.858874189076946,0.006311332928336494,7.4599391537754665,34.07471717169822,98.93043588194514
507.3904999995651,114.83253588516794,0,0.0,3.790546001180497,0.00626063429398459,2.8549926020108463,0.008964170888620842,49.95580062825652,0.005814744313487296,21.57552346775148,0.006261499462569086,7.4599391537754665,34.07471717169822,98.93043588194514
507.4004999995649,114.83253588516794,0,0.583312293202497,3.978473783655737,0.0064246299915867765,3.071146587116141,0.00916858799432948,49.43807085165766,0.005789322318594278,21.300267742018146,0.00621300555150822,7.4599391537754665,34.07471717169822,98.93043588194514
507.41049999956465,114.83253588516794,0,1.5124411047019068,4.584149869022022,0.0069529612150086685,3.7502335544933563,0.009787651812222735,48.93210480879739,0.005764585989573702,21.031052031778987,0.006165773959370036,7.4599391537754665,34.07471717169822,98.93043588194514
507.4204999995644,114.83253588516794,0,2.4729562554155584,5.329151208318783,0.007591500076533434,4.400390279489201,0.010365232235619833,48.43855479726226,0.00574052123560059,20.767358084677458,0.006119746612415331,7.4599391537754665,34.07471717169822,98.93043588194514
507.4304999995642,114.83253588516794,0,3.45604602285889,5.980011769080896,0.008141698787616593,4.828513693390498,0.010737338980890269,47.95877977520558,0.005717089222322593,20.510140456246088,0.006074896998556309,7.4599391537754665,34.07471717169822,98.93043588194514
507.44049999956394,114.83253588516794,0,4.452237440462,6.438715271984182,0.008522898870749513,5.049504989137989,0.010921821361506772,47.490137198808675,0.005694269028044996,20.259270444602066,0.006031221833494671,7.4599391537754665,34.07471717169822,98.93043588194514
507.4504999995637,114.83253588516794,0,5.451669047874359,6.69889182725859,0.008732191089262225,5.115086400495401,0.010966542416742926,47.03321006109884,0.00567203995298007,20.014744127242395,0.005988724254510769,7.4599391537754665,34.07471717169822,98.93043588194514
507.46049999956347,114.83253588516794,1,6.444382777290247,6.785347975113341,0.008791288470670044,5.126085461302185,0.010966542416742926,46.58902411342444,0.005650370848615697,19.777230480444413,0.005947402535097068,7.4599391537754665,34.07471717169822,98.93043588194514
507.47049999956323,114.83253588516794,1,7.420620624513918,6.796622177406613,0.008791288470670044,5.137335584292248,0.010966542416742926,46.15491556843466,0.005629246081581143,19.54631686296949,0.005907242364311753,7.4599391537754665,34.07471717169822,98.93043588194514
507.480499999563,114.83253588516794,1,8.37111142281271,6.808779980982347,0.008791288470670044,5.149469745581872,0.010966542416742926,45.731540554661336,0.005608646967562964,19.321869188907463,0.00586821344313905,7.4599391537754665,34.07471717169822,98.93043588194514
507.49049999956276,114.83253588516794,1,9.287333720807599,6.823710382342794,0.008791288470670044,5.164400146942318,0.010966542416742926,45.32048517926019,0.005588529101544307,19.105164575313548,0.005830268574909236,7.4599391537754665,34.07471717169822,98.93043588194514
507.5004999995625,115.16314779270677,1,9.598485993824486,7.274622351450766,0.008791288470670044,5.48575432610169,0.010966542416742926,44.91982160328311,0.005568863385445958,18.89639826189495,0.005793341746830225,7.4599391537754665,34.07471717169822,98.93043588194514
507.5104999995623,115.16314779270677,1,9.598485993824486,10.734116852097824,0.008791288470670044,7.914768861302081,0.010966542416742926,44.52927030762532,0.00554963973876122,18.694087410208322,0.005757346251289498,7.4599391537754665,34.07471717169822,98.93043588194514
507.52049999956205,115.16314779270677,1,9.598485993824486,17.529295985408936,0.008791288470670044,12.680224230500244,0.010966542416742926,44.148939251628654,0.005530859327776786,18.496784261716627,0.005722181571973165,7.4599391537754665,34.07471717169822,98.93043588194514
507.5304999995618,115.16314779270677,1,9.598485993824486,27.454872769712765,0.008791288470670044,19.5952391062713,0.010942029713053516,43.776237459926456,0.005512520311719911,18.44972288594678,0.005712083938560867,7.4599391537754665,34.07471717169822,98.93043588194514
507.5404999995616,115.16314779270677,1,9.598485993824486,40.202303205896875,0.008791288470670044,25.961311448866315,0.01033817311049337,43.41156918910864,0.005494614385001743,21.75847680009094,0.006259368130214134,7.4599391537754665,34.07471717169822,98.93043588194514
507.55049999956134,115.16314779270677,1,9.598485993824486,52.30802060849235,0.008319038439542414,30.645401378749305,0.009490229109937137,47.72545330150944,0.005671425018140639,26.198372738002575,0.00699573717529701,7.4599391537754665,34.07471717169822,98.93043588194514
507.5604999995611,115.16314779270677,1,9.598485993824486,59.40701712930812,0.00733428629333779,33.96580088633069,0.008689910094664284,54.28582373386399,0.00597977297467123,30.0204150408814,0.007631960072339444,7.4599391537754665,34.07471717169822,98.93043588194514
507.57049999956087,115.16314779270677,1,9.598485993824486,64.02672088601473,0.006421356131072625,36.18949766902878,0.008008147246395455,59.66293782888407,0.006241129938496197,32.891399062482364,0.008110546487573084,7.4599391537754665,34.07471717169822,98.93043588194514
507.58049999956063,115.16314779270677,1,9.598485993824486,67.20018025515307,0.005673831579096688,37.55216755689409,0.00745024403825694,63.6842320306626,0.006438513675376171,34.86691525560902,0.008440108616154213,7.4599391537754665,34.07471717169822,98.93043588194514
507.5904999995604,115.16314779270677,1,9.598485993824486,69.36275562710696,0.005078922960508612,38.26380667223671,0.007002112954106149,66.56388063859858,0.006580674060604255,36.101702199984594,0.008646353347488148,7.4599391537754665,34.07471717169822,98.93043588194514
507.60049999956016,115.16314779270677,1,9.598485993824486,70.75506237326306,0.004609510557314645,38.48966110756082,0.0066455755724498695,68.53491710639051,0.006678596900517129,36.75835423373238,0.008756339977870507,7.4599391537754665,34.07471717169822,98.93043588194514
507.6104999995599,115.16314779270677,1,9.598485993824486,71.539321365355,0.00424110195837375,38.35562432652364,0.0063636969234467915,69.79093123180877,0.006741603159848135,36.977982954175616,0.008793457489839012,7.4599391537754665,34.07471717169822,98.93043588194514
507.6204999995597,115.16314779270677,1,9.598485993824486,71.84246887438213,0.003954587135220382,37.95940617794461,0.006142599482387512,70.47724225390726,0.0067769089830299134,36.87084140935058,0.008776108002643359,7.4599391537754665,34.07471717169822,98.93043588194514
507.63049999955945,115.16314779270677,1,9.598485993824486,71.74968101150166,0.0037357123325899503,37.36825114819565,0.005971483928932768,70.70366380423212,0.006789856262715639,36.520175083001504,0.008718161937739295,7.4599391537754665,34.07471717169822,98.93043588194514
507.6404999995592,115.16314779270677,1,9.598485993824486,71.31683291313267,0.003574205175804015,36.62881931319002,0.0058422943436543025,70.5500516824444,0.006784306230197152,35.987083328696414,0.008629701624287115,7.4599391537754665,34.07471717169822,98.93043588194514
507.650499999559,115.16314779270677,1,9.598485993824486,70.58162651037122,0.003463402219650135,35.77156531586941,0.005749458726654195,70.06597567042864,0.006762861152695839,35.31258469211741,0.008517608624513813,7.4599391537754665,34.07471717169822,98.93043588194514
507.66049999955874,115.16314779270677,1,9.598485993824486,69.55629829657467,0.003399789215006136,34.81024458605743,0.005689571715510799,69.28106316645942,0.006726983538008646,34.52217497885696,0.008386140854211658,7.4599391537754665,34.07471717169822,98.93043588194514
507.6704999995585,115.16314779270677,0,9.598485993824486,68.22441360402311,0.0033824146233511427,33.746488205966735,0.005661377603757274,68.21229627102136,0.006677374376158924,33.62760591928067,0.008237168372526372,7.4599391537754665,34.07471717169822,98.93043588194514
507.68049999955826,115.16314779270677,0,9.598485993824486,65.76811271380147,0.0033824146233511427,32.4391211651349,0.005659112093527798,67.1305472201052,0.006625784493970961,32.66556019976095,0.008076899662239926,7.4599391537754665,34.07471717169822,98.93043588194514
507.690499999558,115.16314779270677,0,9.598485993824486,61.587817253613295,0.0033824146233511427,30.320353676498513,0.005659112093527798,66.08903296219614,0.006576080195111616,31.772335616153057,0.00792806228552326,7.4599391537754665,34.07471717169822,98.93043588194514
507.7004999995578,115.16314779270677,0,9.598485993824486,55.65014935453875,0.0033824146233511427,27.30992408044371,0.005659112093527798,65.08459064943787,0.006528065585229741,30.95177372357493,0.007791225766903132,7.4599391537754665,34.07471717169822,98.93043588194514
507.71049999955756,115.16314779270677,0,9.598485993824486,47.95025554763539,0.0033824146233511427,23.40527678512061,0.005659112093527798,64.11227152069524,0.006481646771845552,30.1946426726279,0.007664915655196645,7.4599391537754665,34.07471717169822,98.93043588194514
507.7204999995573,115.16314779270677,0,9.598485993824486,38.53360259310853,0.0033824146233511427,18.629401395274858,0.005659112093527798,63.17154873156775,0.006436741609037611,29.49316229092054,0.007547862122387297,7.4599391537754665,34.07471717169822,98.93043588194514
507.7304999995571,115.16314779270677,0,9.598485993824486,27.489699185049535,0.0033824146233511427,13.027894678854835,0.005659112093527798,62.262434418379016,0.006393269559063783,28.8411420416072,0.007438970692778418,7.4599391537754665,34.07471717169822,98.93043588194514
507.74049999955685,115.16314779270677,0,9.598485993824486,14.93249848271682,0.0033824146233511427,6.658492191703332,0.005659112093527798,61.38076824180882,0.006351169167774551,28.232571226861307,0.007337297451844261,7.4599391537754665,34.07471717169822,98.93043588194514
507.7504999995566,115.16314779270677,0,9.598485993824486,1.155665035734899,0.003516628101440256,0.029568212400181704,0.00607197339658448,60.52640758852781,0.006310383958240512,27.662303644978945,0.0072420271156506,7.4599391537754665,34.07471717169822,98.93043588194514
507.7604999995564,115.16314779270677,0,0.0,1.544476627654308,0.004191524589651451,0.821444892486487,0.006981964534885367,59.69998416944859,0.006270851023383247,27.126772394021895,0.007152454820907544,7.4599391537754665,34.07471717169822,98.93043588194514
507.77049999955614,115.16314779270677,0,0.0,2.088561402836031,0.004650298669336522,1.3345958992958922,0.0074316597773573774,58.89838876321647,0.006232502060021017,26.623094188017767,0.007067969515223146,7.4599391537754665,34.07471717169822,98.93043588194514
507.7804999995559,115.16314779270677,0,0.0,2.4710142518101494,0.004970408232738996,1.6346100751961914,0.007693057342683308,58.12146431743685,0.006195294554275358,26.14755608652363,0.0069880354816304995,7.4599391537754665,34.07471717169822,98.93043588194514
507.79049999955566,115.16314779270677,0,0.0,2.7493965498610904,0.005201331038339511,1.8430151417275167,0.00787314992072724,57.36942278573905,0.006159184520950938,25.697234844180265,0.006912178525642371,7.4599391537754665,34.07471717169822,98.93043588194514
507.8004999995554,115.16314779270677,0,0.0,2.9603574994027135,0.005374684046306616,2.007914064260589,0.008014567637522877,56.63859979217783,0.006124138890000116,25.26900834119571,0.0068399787348788765,7.4599391537754665,34.07471717169822,98.93043588194514
507.8104999995552,115.16314779270677,0,0.0,3.127160138027526,0.005510683906631935,2.1486848539199284,0.008134733334968799,55.92917038796082,0.006090122703305461,24.860360358260934,0.0067710652677638455,7.4599391537754665,34.07471717169822,98.93043588194514
507.82049999955495,115.16314779270677,0,0.0,3.2650816754910523,0.005622265924987038,2.27393022059332,0.008241129226400263,55.24166590853256,0.006057094279225766,24.46957610283587,0.006705112160124234,7.4599391537754665,34.07471717169822,98.93043588194514
507.8304999995547,115.16314779270677,0,0.0,3.3838014111622923,0.005717711468040597,2.3875437557124175,0.008337264228068582,54.572819329644425,0.006025022011994524,24.094624385419564,0.006641834130305823,7.4599391537754665,34.07471717169822,98.93043588194514
507.8404999995545,115.16314779270677,0,0.0,3.4893162816605514,0.005802329590707617,2.4914154696051014,0.00842501963372568,53.922986024716806,0.0059938731633336715,23.733899940657366,0.006580981820380008,7.4599391537754665,34.07471717169822,98.93043588194514
507.85049999955424,115.16314779270677,0,0.0,3.585830128413882,0.0058795299404906685,2.5870818115525394,0.008505581234655434,53.292803114838755,0.005963609387092072,23.386422989965563,0.006522337722618662,7.4599391537754665,34.07471717169822,98.93043588194514
507.860499999554,115.16314779270677,0,0.0,3.6759640419568935,0.005951506000809308,2.675513024269831,0.008579810554178826,52.67922761155336,0.005934202191636127,23.050812695650777,0.006465712413068725,7.4599391537754665,34.07471717169822,98.93043588194514
507.8704999995538,115.16314779270677,0,0.0,3.7611866610822218,0.006019674154922172,2.7572897604050586,0.008648397398805106,52.08267839828109,0.005905622185856659,22.72600824673761,0.0064109406100133805,7.4599391537754665,34.07471717169822,98.93043588194514
507.88049999955354,115.16314779270677,0,0.0,3.84277560771666,0.0060849539183292336,2.8332701577455457,0.008711928624957394,51.50382447444456,0.005877834882573752,22.411466986312576,0.006357878106319636,7.4599391537754665,34.07471717169822,98.93043588194514
507.8904999995533,115.16314779270677,0,0.0,3.921501451063677,0.006147945056838019,2.904054779772175,0.008770917117139442,50.939797079248144,0.005850815048150224,22.106212210743717,0.006306399088302795,7.4599391537754665,34.07471717169822,98.93043588194514
507.90049999955306,115.16314779270677,0,0.0,3.99764074974434,0.00620904293260729,2.9699680040668497,0.008825816269729819,50.39104786746965,0.005824536534565579,21.809523047984,0.006256393319034843,7.4599391537754665,34.07471717169822,98.93043588194514
507.9104999995528,115.16314779270677,0,0.0,4.071681263537812,0.006268512182498846,3.0316473251934144,0.008877032209488326,49.85825804449727,0.005798968446561949,21.521123296732014,0.006207764116096314,7.4599391537754665,34.07471717169822,98.93043588194514
507.9204999995526,115.16314779270677,0,0.583312293202497,4.247360770414213,0.0064323037907923555,3.2357030589742632,0.009080971631127302,49.338927809331516,0.005774084218357601,21.240591211836783,0.006160426625048761,7.4599391537754665,34.07471717169822,98.93043588194514
507.93049999955235,115.16314779270677,0,1.5124411047019068,4.841310201672956,0.006960349889291222,3.8941469603683863,0.009691316142820877,48.8328325201968,0.005749876365353061,20.96641570294787,0.006114306689734792,7.4599391537754665,34.07471717169822,98.93043588194514
507.9404999995521,115.16314779270677,0,2.4729562554155584,5.575583432909985,0.007598640059551493,4.524324666788031,0.010260292004597658,48.34079487431886,0.005726322283559313,20.69855498639167,0.006069349188907995,7.4599391537754665,34.07471717169822,98.93043588194514
507.9504999995519,115.16314779270677,0,3.45604602285889,6.216350917379665,0.008148780659745744,4.936520787800062,0.010627263508589457,47.86052880571054,0.005703396410639887,20.437063330598587,0.006025530423038316,7.4599391537754665,34.07471717169822,98.93043588194514
507.96049999955164,115.16314779270677,0,4.452237440462,6.665088856995274,0.008529935150987355,5.145228212084179,0.010809823512403387,47.39262130780752,0.005681074255505554,20.182061748552787,0.005982849247317927,7.4599391537754665,34.07471717169822,98.93043588194514
507.9704999995514,115.16314779270677,0,5.451669047874359,6.915472539084195,0.008738886010439088,5.2015081702181405,0.01085474927701239,46.9378261701541,0.005659328474125705,19.933971452395646,0.005941310797120255,7.4599391537754665,34.07471717169822,98.93043588194514
507.98049999955117,115.16314779270677,1,6.444382777290247,6.992231632627336,0.00879753225350524,5.203290457324796,0.01085474927701239,46.49375272236568,0.0056381394609982685,19.692688947095206,0.0059009154365884005,7.4599391537754665,34.07471717169822,98.93043588194514
507.99049999955093,115.16314779270677,1,7.420620624513918,6.994403067743059,0.00879753225350524,5.2054385579893925,0.01085474927701239,46.06085507951062,0.005617487467106237,19.458084304715708,0.0058616506657611644,7.4599391537754665,34.07471717169822,98.93043588194514
508.0004999995507,115.16314779270677,1,8.37111142281271,6.998045099076109,0.00879753225350524,5.209080589322443,0.01085474927701239,45.639985541983435,0.005597346626459958,19.230482197879464,0.005823488015989942,7.4599391537754665,34.07471717169822,98.93043588194514
508.01049999955046,115.16314779270677,1,9.287333720807599,7.0045341390866245,0.00879753225350524,5.2155467749565325,0.01085474927701239,45.22932983527592,0.005577686596741655,19.010219527165862,0.0057863820643976015,7.455830164276032,34.4208361132137,98.01746048713058
508.0204999995502,115.3846153846158,1,9.598485993824486,7.447507053470689,0.00879753225350524,5.52361834514769,0.01085474927701239,44.829852447294755,0.005558476743139742,18.797625855527553,0.005750268128559463,7.455830164276032,34.4208361132137,98.01746048713058
508.03049999955,115.3846153846158,1,9.598485993824486,10.904728614767617,0.00879753225350524,7.907933207756545,0.01085474927701239,44.44160520466678,0.0055396994468224735,18.591806965745608,0.005715060797804384,7.455830164276032,34.4208361132137,98.01746048713058
508.04049999954975,115.3846153846158,1,9.598485993824486,17.704309573541426,0.00879753225350524,12.594040830254277,0.01085474927701239,44.06175399450554,0.005521361676247277,18.390868935639585,0.005680660835557872,7.455830164276032,34.4208361132137,98.01746048713058
508.0504999995495,115.3846153846158,1,9.598485993824486,27.63959928295619,0.00879753225350524,19.402732382800743,0.010832852506178062,43.69058820191278,0.005503456118908174,18.324778413925326,0.005668715482907314,7.455830164276032,34.4208361132137,98.01746048713058
508.0604999995493,115.3846153846158,1,9.598485993824486,40.400004406499995,0.00879753225350524,25.685171682195712,0.010242386376284985,43.32867860788681,0.00548596803160244,21.554244720003837,0.006204057542537939,7.455830164276032,34.4208361132137,98.01746048713058
508.07049999954904,115.3846153846158,1,9.598485993824486,52.40349839405858,0.008308161294031433,30.300570234180817,0.009407803759418451,47.77499113261652,0.005669235867781245,25.921152294372266,0.006929415354906891,7.455830164276032,34.4208361132137,98.01746048713058
508.0804999995488,115.3846153846158,1,9.598485993824486,59.45318211537678,0.0073208661365695244,33.57032949210825,0.008619713985747894,54.330452624272176,0.0059780831257380835,29.683825954537973,0.007556495665551547,7.455830164276032,34.4208361132137,98.01746048713058
508.09049999954857,115.3846153846158,1,9.598485993824486,64.04704169634743,0.0064089552131096775,35.75672595102579,0.007948305031177478,59.693647198598846,0.006239132546032156,32.510590406212884,0.008028345614010349,7.455830164276032,34.4208361132137,98.01746048713058
508.10049999954833,115.3846153846158,1,9.598485993824486,67.2089058681469,0.005662925688136817,37.098117593396736,0.007398985197438092,63.69990017726942,0.00643616206438648,34.45402713951023,0.008353276270676972,7.455830164276032,34.4208361132137,98.01746048713058
508.1104999995481,115.3846153846158,1,9.598485993824486,69.36124550160348,0.005069487295053798,37.79678334574443,0.006957849030789579,66.56648238080469,0.0065779865592181675,35.66709888923722,0.00855664189294821,7.455830164276032,34.4208361132137,98.01746048713058
508.12049999954786,115.3846153846158,1,9.598485993824486,70.73974884652704,0.0046012273143292435,38.014363841940884,0.006606852383329535,68.52809580313902,0.00667567245863589,36.311253841450984,0.008665238806884771,7.455830164276032,34.4208361132137,98.01746048713058
508.1304999995476,115.3846153846158,1,9.598485993824486,71.51808059563635,0.0042338644687625404,37.88015444773875,0.006329427593153564,69.77449102647422,0.006738518199500603,36.52419279069305,0.008701998134469504,7.455830164276032,34.4208361132137,98.01746048713058
508.1404999995474,115.3846153846158,1,9.598485993824486,71.81572358804694,0.003948328248948593,37.48667577420297,0.00611190115464125,70.45310835178718,0.0067736849117765304,36.41494397924078,0.008685051172025933,7.455830164276032,34.4208361132137,98.01746048713058
508.15049999954715,115.3846153846158,1,9.598485993824486,71.71478673722996,0.0037302445218155133,36.89994597066342,0.005943582742167222,70.67448427430152,0.006786544800121461,36.06621409867531,0.008628116715271188,7.455830164276032,34.4208361132137,98.01746048713058
508.1604999995469,115.3846153846158,1,9.598485993824486,71.27761767089258,0.0035694807739752874,36.167913995237285,0.005816599483921599,70.51449085247864,0.00678095178194116,35.537170501970856,0.00854106870298464,7.455830164276032,34.4208361132137,98.01746048713058
508.1704999995467,115.3846153846158,1,9.598485993824486,70.53836180945287,0.003459410686290954,35.318987554699746,0.005725463887756101,70.0256123598129,0.006759467254897058,34.868598978941016,0.008430687886311653,7.455830164276032,34.4208361132137,98.01746048713058
508.18049999954644,115.3846153846158,1,9.598485993824486,69.38170577539883,0.0033978395410856023,34.20574674804151,0.005666843613512219,69.11320650998323,0.006725653759075111,33.91959863014228,0.008301152108121032,7.455830164276032,34.4208361132137,98.01746048713058
508.1904999995462,115.3846153846158,0,9.598485993824486,67.98465328266414,0.0033818732153843285,33.07288576238433,0.0056395342585679655,67.98854729862246,0.006677329726121657,32.9544845495137,0.00815427721123496,7.455830164276032,34.4208361132137,98.01746048713058
508.20049999954597,115.3846153846158,0,9.598485993824486,65.42265651435676,0.0033818732153843285,31.69361796727184,0.005637493519239918,66.86306051572025,0.006627495383501734,31.926251297896613,0.007996542181384736,7.455830164276032,34.4208361132137,98.01746048713058
508.21049999954573,115.3846153846158,0,9.598485993824486,61.13899875207968,0.0033818732153843285,29.510505208809604,0.005637493519239918,65.78084576979684,0.006579558199786176,30.968556698647046,0.00785022635917015,7.455830164276032,34.4208361132137,98.01746048713058
508.2204999995455,115.3846153846158,0,9.598485993824486,55.091878947446965,0.0033818732153843285,26.444829157691295,0.005637493519239918,64.7351106769174,0.006533344858388346,30.083527924056206,0.00771570200704148,7.455830164276032,34.4208361132137,98.01746048713058
508.23049999954526,115.3846153846158,0,9.598485993824486,47.286230545842635,0.0033818732153843285,22.49913230697929,0.005637493519239918,63.72505855424076,0.006488750011810034,29.26260689012929,0.007591520221978258,7.455830164276032,34.4208361132137,98.01746048713058
508.240499999545,115.3846153846158,0,9.598485993824486,37.76978205989217,0.0033818732153843285,17.697218789548135,0.005637493519239918,62.749929267792425,0.006445687622518735,28.498102185408374,0.007476433374346239,7.455830164276032,34.4208361132137,98.01746048713058
508.2504999995448,115.3846153846158,0,9.598485993824486,26.618569811948,0.0033818732153843285,12.077234376502478,0.005637493519239918,61.805673717416646,0.006404079460149851,27.78351892109441,0.007369366481451247,7.455830164276032,34.4208361132137,98.01746048713058
508.26049999954455,115.3846153846158,0,9.598485993824486,13.962249860745985,0.0033818732153843285,5.704220354773773,0.005637493519239918,60.8922010275464,0.006363852526656747,27.113503215246727,0.007269392069412418,7.455830164276032,34.4208361132137,98.01746048713058
508.2704999995443,115.3846153846158,0,9.598485993824486,0.10202910846663382,0.0035317511408691246,-0.8910964375672186,0.006101041779426895,60.00904414056237,0.006324949449042246,26.48279408269739,0.007175709226871779,7.455830164276032,34.4208361132137,98.01746048713058
508.2804999995441,115.3846153846158,0,0.0,0.70958099786318,0.004197356163653923,0.016361156051030612,0.007016562837859623,59.153091840758904,0.006287307558914366,25.887715136361866,0.007087625797350722,7.455830164276032,34.4208361132137,98.01746048713058
508.29049999954384,115.3846153846158,0,0.0,1.1804844930737115,0.004649834157352746,0.47278649355545443,0.007474718553000743,58.325391619842264,0.006250840806044814,25.326348629021503,0.007004541309786363,7.455830164276032,34.4208361132137,98.01746048713058
508.3004999995436,115.3846153846158,0,0.0,1.4939317122748337,0.004965590685340906,0.7195085873011529,0.007745948121814575,57.52539595933311,0.006215507451004566,24.79473191237858,0.006925929290592794,7.455830164276032,34.4208361132137,98.01746048713058
508.31049999954337,115.3846153846158,0,0.0,1.706700798322497,0.005193416923809198,0.8772969368341603,0.007936559840715153,56.74953646356717,0.006181265553354996,24.289619289250858,0.006851323826650995,7.455830164276032,34.4208361132137,98.01746048713058
508.32049999954313,115.3846153846158,0,0.0,1.8550705192272758,0.005364489467412842,0.9940869823133109,0.008088870700175122,55.99794593662464,0.006148071773937823,23.80843762186719,0.006780311948467996,7.455830164276032,34.4208361132137,98.01746048713058
508.3304999995429,115.3846153846158,0,0.0,1.9615360949940355,0.005498739675133914,1.0886465956708333,0.008220148151925021,55.27034625711259,0.006115895465363614,23.34825806238846,0.0067125290927071615,7.455830164276032,34.4208361132137,98.01746048713058
508.34049999954266,115.3846153846158,0,0.0,2.0412718122130755,0.005608915822810191,1.1695540321621856,0.008337785306073405,54.563692900999165,0.006084696097231204,22.907128741710054,0.0066476550330817185,7.455830164276032,34.4208361132137,98.01746048713058
508.3504999995424,115.3846153846158,0,0.0,2.10399889550556,0.005703179927732382,1.2408571937370994,0.008445231998935328,53.878445085471256,0.0060544312112183075,22.483621540665343,0.0065854092165359545,7.455830164276032,34.4208361132137,98.01746048713058
508.3604999995422,115.3846153846158,0,0.0,2.1551299864411857,0.0057867642425693065,1.3039010306498189,0.008544327650712464,53.21448323540416,0.006025073883520269,22.075648843392294,0.006525546589902993,7.455830164276032,34.4208361132137,98.01746048713058
508.37049999954195,115.3846153846158,0,0.0,2.1990200084682745,0.005863027273766754,1.3603566714978714,0.008636223940666876,52.56906131789279,0.00599658580145993,21.682077787142738,0.006467853607726497,7.455830164276032,34.4208361132137,98.01746048713058
508.3804999995417,115.3846153846158,0,0.0,2.238467384759617,0.005934130438143305,1.4114161696808702,0.008721752378938762,51.942770236133946,0.0059689272819066315,21.302161894191883,0.006412144023926904,7.455830164276032,34.4208361132137,98.01746048713058
508.3904999995415,115.3846153846158,0,0.0,2.2743450909502623,0.0060014699514114415,1.4570578782787353,0.008801578735673528,51.3355159522911,0.005942076436677992,20.934272034424097,0.006358255491548762,7.455830164276032,34.4208361132137,98.01746048713058
508.40049999954124,115.3846153846158,0,0.0,2.308195067384971,0.006065951133581584,1.4983612522319092,0.008876268781419219,50.7447584796512,0.005915997993902283,20.57777594129609,0.006306046547195274,7.455830164276032,34.4208361132137,98.01746048713058
508.410499999541,115.3846153846158,0,0.0,2.3410170531020245,0.006128165353091413,1.5361834567832306,0.0089463152109014,50.17116045560574,0.005890655390220603,20.232349745299278,0.006255393507523606,7.455830164276032,34.4208361132137,98.01746048713058
508.42049999954077,115.3846153846158,0,0.0,2.372428925390552,0.006188503122410935,1.5701745694408533,0.009012155455724924,49.61461874560847,0.005866031671995187,19.89661726931896,0.006206188151455004,7.455830164276032,34.4208361132137,98.01746048713058
508.43049999954053,115.3846153846158,0,0.0,2.403252989711887,0.006247224920147135,1.6012608447097527,0.009074181885306374,49.07277085863983,0.005842094461530076,19.57026874237416,0.006158335725936144,7.455830164276032,34.4208361132137,98.01746048713058
508.4404999995403,115.3846153846158,0,0.674579314250563,2.5733636952295096,0.006443337778351629,1.8328600211417911,0.009343655576114164,48.546729070271454,0.005818800837796067,19.25383944196549,0.00611175281616373,7.455830164276032,34.4208361132137,98.01746048713058
508.45049999954006,115.3846153846158,0,1.6072192901205773,3.151590297968949,0.006991154647886434,2.5021853453095795,0.00999844041954241,48.03477368207644,0.005796173820827912,18.94378625573983,0.0060663670250935275,7.455830164276032,34.4208361132137,98.01746048713058
508.4604999995398,115.3846153846158,0,2.570401351053232,3.840481537753168,0.007623286230889218,3.104274981055493,0.010576766549553971,47.535150863482954,0.0057741871560292495,18.640415393227098,0.00602212656173041,7.455830164276032,34.4208361132137,98.01746048713058
508.4704999995396,115.3846153846158,0,3.5552361998170796,4.422566858763307,0.008155152279524059,3.4757797216692916,0.010941146255937489,47.04913951089016,0.005752797876541736,18.344844343663212,0.005979010789729547,7.455830164276032,34.4208361132137,98.01746048713058
508.48049999953935,115.3846153846158,0,4.552199322964894,4.810606030607146,0.008516111506305832,3.641026064338387,0.01111817759153184,46.57678493205462,0.0057319910937968874,18.05653939618578,0.005937019834065535,7.455830164276032,34.4208361132137,98.01746048713058
508.4904999995391,115.3846153846158,0,5.5514062703830245,5.004593438750574,0.00870759241741813,3.654148588444709,0.011157089051945124,46.11621323226761,0.0057117346188853176,17.776119963713896,0.0058961588262648156,7.455830164276032,34.4208361132137,98.01746048713058
508.5004999995389,115.3846153846158,1,6.542905679310919,5.03114783228745,0.008753421825236482,3.621326709888831,0.011157089051945124,45.668288251260144,0.005691995756453881,17.50424576885652,0.0058564271014492995,7.455830164276032,34.4208361132137,98.01746048713058
508.51049999953864,115.3846153846158,1,7.516975612988799,4.999563684995516,0.008753421825236482,3.5897425625968964,0.011157089051945124,45.232720647616915,0.005672769418899546,17.239808442817445,0.0058178109234961264,7.455830164276032,34.4208361132137,98.01746048713058
508.5204999995384,115.3846153846158,1,8.464408554977876,4.971707247884427,0.008753421825236482,3.5618700831132175,0.011157089051945124,44.80844336741023,0.0056540149786535035,16.984092191736284,0.005780280682787221,7.455830164276032,34.4208361132137,98.01746048713058
508.53049999953816,115.3846153846158,1,9.376771182917146,4.949734560709359,0.008753421825236482,3.5398817717151267,0.011157089051945124,44.3970997499828,0.005635677556091592,16.738774030629063,0.005743789496768291,7.455830164276032,34.4208361132137,98.01746048713058
508.54049999953793,115.60693641618536,1,9.598485993824486,5.55492631484567,0.008753421825236482,3.9730801916454563,0.011157089051945124,43.99961528352461,0.005617724339727794,16.50424756337803,0.005708271172644013,7.455830164276032,34.4208361132137,98.01746048713058
508.5504999995377,115.60693641618536,1,9.598485993824486,9.313032974991959,0.008753421825236482,6.686841894001449,0.011157089051945124,43.61254828012765,0.005600145697057025,16.27847371491068,0.00567363907725656,7.455830164276032,34.4208361132137,98.01746048713058
508.56049999953746,115.60693641618536,1,9.598485993824486,16.38416981791702,0.008753421825236482,11.796380843325398,0.011157089051945124,43.235361245941974,0.005582958369657991,16.059123297522824,0.005639794036774231,7.455830164276032,34.4208361132137,98.01746048713058
508.5704999995372,115.60693641618536,1,9.598485993824486,26.549046297863185,0.008753421825236482,18.85513343344148,0.011046881162090053,42.86736068459001,0.0055661786967716505,16.498388330633073,0.005715334541389691,7.455830164276032,34.4208361132137,98.01746048713058
508.580499999537,115.60693641618536,1,9.598485993824486,39.49248129119666,0.008753421825236482,24.884500822518532,0.010326981095656667,42.50681399082352,0.005549790985765303,20.412208003923194,0.0063678971197736476,7.455830164276032,34.4208361132137,98.01746048713058
508.59049999953675,115.60693641618536,1,9.598485993824486,51.54063880425958,0.008266402483418867,29.374858520355485,0.009455488064892971,46.92526363397788,0.005733274644525558,24.877692577071677,0.007114289844227413,7.455830164276032,34.4208361132137,98.01746048713058
508.6004999995365,115.60693641618536,1,9.598485993824486,58.46559387517922,0.007286576726220217,32.52377268191529,0.008653777925920716,53.399914576170104,0.006040698179144264,28.58627588583748,0.007739426811833045,7.455830164276032,34.4208361132137,98.01746048713058
508.6104999995363,115.60693641618536,1,9.598485993824486,62.95415306618214,0.00638665037901437,34.595141667019554,0.007976333940834676,58.66319384213347,0.006299219579611476,31.321100626170974,0.008202979580294818,7.455830164276032,34.4208361132137,98.01746048713058
508.62049999953604,115.60693641618536,1,9.598485993824486,66.03961226222991,0.0056523333911639995,35.82766148949706,0.007424159658568969,62.583542479731435,0.006494002838120829,33.16615587309503,0.008517840787848011,7.455830164276032,34.4208361132137,98.01746048713058
508.6304999995358,115.60693641618536,1,9.598485993824486,68.12980886458683,0.005068619682279447,36.42229982605558,0.0069815480749409855,65.38389018258248,0.006634296820316054,34.283868724601106,0.008711128649920578,7.455830164276032,34.4208361132137,98.01746048713058
508.64049999953556,115.60693641618536,1,9.598485993824486,69.46757947075393,0.004608364182417155,36.54796531940662,0.006629887787598246,67.29356972531582,0.00673105749119074,34.83821834371953,0.008810100584561656,7.455830164276032,34.4208361132137,98.01746048713058
508.6504999995353,115.60693641618536,1,9.598485993824486,70.21443969027038,0.004247715710129519,36.32940541516571,0.006352304778461363,68.50061227908759,0.006793368536469686,34.96844213736115,0.008837864195501985,7.455830164276032,34.4208361132137,98.01746048713058
508.6604999995351,115.60693641618536,1,9.598485993824486,70.48110847432531,0.003967866603863008,35.855612969363946,0.006134916555341988,69.14884791317664,0.006828306400969747,34.78261989765,0.008812636713688468,7.455830164276032,34.4208361132137,98.01746048713058
508.67049999953485,115.60693641618536,1,9.598485993824486,70.35702639892381,0.003754962039337874,35.19617273610157,0.005967080142352894,69.34319702862766,0.006841097783461,34.36255918768259,0.008747981693064651,7.455830164276032,34.4208361132137,98.01746048713058
508.6804999995346,115.60693641618536,1,9.598485993824486,69.89765269920245,0.0035992388518719044,34.39605971764415,0.0058409427545811545,69.15984111198888,0.006835432330481674,33.76751045382732,0.008653657933991511,7.455830164276032,34.4208361132137,98.01746048713058
508.6904999995344,115.60693641618536,1,9.598485993824486,69.14060209178656,0.0034943306513120524,33.49019653303082,0.005751062113381478,68.66504201756173,0.006813748639173638,33.05301002532474,0.008536324941747721,7.455830164276032,34.4208361132137,98.01746048713058
508.70049999953414,115.60693641618536,1,9.598485993824486,68.2063814958655,0.003435997483826569,32.62951587699691,0.005694242751625621,67.96406627921927,0.0067755093986156196,32.3632717566547,0.008399965927383585,7.455830164276032,34.4208361132137,98.01746048713058
508.7104999995339,115.60693641618536,0,9.598485993824486,66.90132543646457,0.0034231721691697216,31.651295066978363,0.005669440371592636,66.9735172249082,0.006723869400504539,31.557345291579352,0.008246198132679227,7.455830164276032,34.4208361132137,98.01746048713058
508.7204999995337,115.60693641618536,0,9.598485993824486,64.29412667797254,0.0034231721691697216,30.364162286093425,0.005668361948078897,65.98936983508922,0.006671629562407288,30.689687036618363,0.008083665112653031,7.455830164276032,34.4208361132137,98.01746048713058
508.73049999953344,115.60693641618536,0,9.598485993824486,59.915704529241566,0.0034231721691697216,28.216269424902908,0.005668361948078897,65.03435183381231,0.00662120762855926,29.89062173784811,0.007933849170977168,7.455830164276032,34.4208361132137,98.01746048713058
508.7404999995332,115.60693641618536,0,9.598485993824486,53.73586153560164,0.0034231721691697216,25.159629530445027,0.005668361948078897,64.10750183767348,0.006572458458209215,29.157502521890876,0.007796110671419177,7.455830164276032,34.4208361132137,98.01746048713058
508.75049999953296,115.60693641618536,0,9.598485993824486,45.76761207278887,0.0034231721691697216,21.201316362476707,0.005668361948078897,63.208877567128326,0.006525279743161422,28.482468669576267,0.007668966804832039,7.455830164276032,34.4208361132137,98.01746048713058
508.7604999995327,115.60693641618536,0,9.598485993824486,36.05210916009271,0.0034231721691697216,16.362303962562002,0.005668361948078897,62.33502493731571,0.006479590614161062,27.858273191088102,0.0075511409224332925,7.455830164276032,34.4208361132137,98.01746048713058
508.7704999995325,115.60693641618536,0,9.598485993824486,24.684599634845696,0.0034231721691697216,10.690654235640496,0.005668361948078897,61.48598499398031,0.00643532011805511,27.27870652740519,0.00744153252463995,7.455830164276032,34.4208361132137,98.01746048713058
508.78049999953225,115.60693641618536,0,9.598485993824486,11.804779952120324,0.0034231721691697216,4.256902301333059,0.005668361948078897,60.662129676973976,0.006392400136218218,26.738754505419223,0.0073391921490128815,7.455830164276032,34.4208361132137,98.01746048713058
508.790499999532,115.60693641618536,0,0.0,-0.5123791749367843,0.0036596713105356573,-1.3379455196796468,0.006350665496651012,59.85998303880298,0.006350780906925828,26.233194515614684,0.007243300049136165,7.455830164276032,34.4208361132137,98.01746048713058
508.8004999995318,115.60693641618536,0,0.0,0.29045936871924205,0.004284487628856958,-0.2661994250916506,0.007234682012267637,59.08096257116166,0.006310396711649316,25.759412690243852,0.007153147312127076,7.455830164276032,34.4208361132137,98.01746048713058
508.81049999953154,115.60693641618536,0,0.0,0.8603480792501634,0.004710722627644767,0.30304964640453624,0.007677732853650646,58.32635487089798,0.00627115650901273,25.315898954264892,0.007068118653073231,7.455830164276032,34.4208361132137,98.01746048713058
508.8204999995313,115.60693641618536,0,0.0,1.279342978508681,0.005009566801699727,0.6641611251263919,0.007939016270337709,57.59239129764383,0.00623303157712912,24.898317518697443,0.006987674404489141,7.455830164276032,34.4208361132137,98.01746048713058
508.83049999953107,115.60693641618536,0,0.0,1.5995717555775189,0.0052264796457719455,0.9323920222058355,0.008120627901950254,56.878687688348805,0.0061959963256308,24.502910387715744,0.006911336915183265,7.455830164276032,34.4208361132137,98.01746048713058
508.84049999953083,115.60693641618536,0,0.0,1.8549105316972723,0.005390503741329986,1.1540711101859893,0.00826339632756357,56.18549688105287,0.006160014760723793,24.127123912871948,0.00683868349340592,7.455830164276032,34.4208361132137,98.01746048713058
508.8504999995306,115.60693641618536,0,0.0,2.0669114632583163,0.005520200465135338,1.3480839885664224,0.008384145943182108,55.509821233309076,0.006125058704780936,23.76829431864065,0.006769341625200643,7.455830164276032,34.4208361132137,98.01746048713058
508.86049999953036,115.60693641618536,0,0.0,2.2492554303638164,0.005627441432381426,1.5225063057558623,0.008490220577337466,54.85186457273639,0.006091097247753457,23.42430763231136,0.0067029840577846,7.455830164276032,34.4208361132137,98.01746048713058
508.8704999995301,115.60693641618536,0,0.0,2.411309835621651,0.005719826279408663,1.6817858313596998,0.00858516469886979,54.212305160522845,0.006058090241514825,23.093986159610797,0.006639324334083622,7.455830164276032,34.4208361132137,98.01746048713058
508.8804999995299,115.60693641618536,0,0.0,2.5588854342743876,0.005802224249512493,1.8282082714883505,0.00867095347377144,53.588487354094134,0.006026008952469782,22.775684814279487,0.006578112424240393,7.455830164276032,34.4208361132137,98.01746048713058
508.89049999952965,115.60693641618536,0,0.0,2.6955428393759773,0.005877760937708573,1.9631055032518612,0.008748877591337946,52.98073415523848,0.005994823836778084,22.468077255922367,0.0065191301029526565,7.455830164276032,34.4208361132137,98.01746048713058
508.9004999995294,115.60693641618536,0,0.0,2.8241818681692292,0.005948447836432385,2.088089732765333,0.008819902247737323,52.3898073184789,0.005964496580389674,22.170651071451292,0.006462187078074782,7.455830164276032,34.4208361132137,98.01746048713058
508.9104999995292,115.60693641618536,0,0.0,2.9464210113617413,0.006015582711367304,2.204103362283926,0.008884813009896466,51.813189379647426,0.005935001534873098,21.882267431340804,0.006407117511124058,7.455830164276032,34.4208361132137,98.01746048713058
508.92049999952894,115.60693641618536,0,0.0,3.0631099859447235,0.006080007253098407,2.311752000406577,0.008944279629825901,51.251207175541595,0.005906312496842393,21.60201444102193,0.0063537765004738535,7.455830164276032,34.4208361132137,98.01746048713058
508.9304999995287,115.60693641618536,0,0.0,3.1754238392136163,0.0061422715305479375,2.412217963982383,0.00899888915467131,50.704637079255164,0.005878394067624761,21.329755839054485,0.006302037356763931,7.455830164276032,34.4208361132137,98.01746048713058
508.94049999952847,115.60693641618536,0,0.0,3.2838393505374546,0.006202737496819708,2.506105787326142,0.00904916083391721,50.17106777270163,0.0058512239537330665,21.064645463467077,0.006251789243845413,7.455830164276032,34.4208361132137,98.01746048713058
508.95049999952823,115.60693641618536,0,0.0,3.3884576323667273,0.006261646834004893,2.593747065555586,0.009095555677721396,49.650815489508396,0.005824779227895812,20.806016271348163,0.006202934746848052,7.455830164276032,34.4208361132137,98.01746048713058
508.960499999528,115.60693641618536,0,0.9044208555242937,3.738733150969112,0.006557993115044567,3.022395260212004,0.009485720318565503,49.14491190889626,0.005799020998255156,20.554345771382266,0.006155388144879008,7.455830164276032,34.4208361132137,98.01746048713058
508.97049999952776,115.60693641618536,0,1.8454854387771407,4.442334424100448,0.007151551924026119,3.766266530126082,0.010140388621730041,48.649850915522116,0.005773961025064527,20.307145157284072,0.00610907643069695,7.455830164276032,34.4208361132137,98.01746048713058
508.9804999995275,115.60693641618536,0,2.814943338155539,5.1859061651276805,0.007771268687936228,4.3717253860827565,0.010659792743475933,48.16650736635012,0.005749574803143406,20.064638750951147,0.006063951338863352,7.455830164276032,34.4208361132137,98.01746048713058
508.9904999995273,115.60693641618536,0,3.803722128912657,5.787386482017006,0.008263575167101179,4.742939649313902,0.010965839536286572,47.69601143303744,0.005725822867704127,19.827866239886067,0.0060199958050843085,7.455830164276032,34.4208361132137,98.01746048713058
509.00049999952705,115.60693641618536,0,4.802180574347627,6.187514495978994,0.00858087303909851,4.920945342940392,0.011098021083783677,47.23626724451269,0.005702684325895036,19.596788332088583,0.005977209925870688,7.455830164276032,34.4208361132137,98.01746048713058
509.0104999995268,115.60693641618536,0,5.800389643742231,6.397186606935035,0.008734203725395243,4.965775661285189,0.011113160211697566,46.78769726270873,0.005680137738448435,19.371487350117746,0.005935595840696271,7.45277099726402,34.68079104698213,97.21824067560898
509.0204999995266,115.60693641618536,1,6.788427744205053,6.451923024480861,0.008756468596947271,4.99021998438878,0.011113160211697566,46.35108847211319,0.00565815307128241,19.152577432408812,0.005895147733588731,7.45277099726402,34.68079104698213,97.21824067560898
509.03049999952634,115.60693641618536,1,7.756675584009768,6.476186256171873,0.008756468596947271,5.014468515693345,0.011113160211697566,45.924250378374055,0.005636715225039243,18.93961308065729,0.0058558456724115745,7.45277099726402,34.68079104698213,97.21824067560898
509.0404999995261,115.60693641618536,1,8.696096110490291,6.501563999330925,0.008756468596947271,5.0398319305890915,0.011113160211697566,45.50801638853667,0.005615798718146567,18.732959642448336,0.005817653479932485,7.45277099726402,34.68079104698213,97.21824067560898
509.05049999952587,115.60693641618536,1,9.598485993824486,6.529851354623522,0.008756468596947271,5.068119285881689,0.011113160211697566,45.10371795618051,0.005595357163377652,18.533881604232448,0.005780517559009827,7.45277099726402,34.68079104698213,97.21824067560898
509.06049999952563,115.9420289855076,1,9.598485993824486,7.8085254417565375,0.008756468596947271,5.995462061267417,0.011113160211697566,44.710064566158366,0.005575356446914749,18.342823293513515,0.005744364686816626,7.45277099726402,34.68079104698213,97.21824067560898
509.0704999995254,115.9420289855076,1,9.598485993824486,12.460103387646598,0.008756468596947271,9.345434079186393,0.011113160211697566,44.32563742157555,0.005555809622226168,18.15686929035741,0.00570910185272498,7.45277099726402,34.68079104698213,97.21824067560898
509.08049999952516,115.9420289855076,1,9.598485993824486,20.38209150569297,0.008756468596947271,15.044262177937778,0.011113160211697566,43.95062303955492,0.005536714324667489,17.974927648251487,0.005674627806820881,7.45277099726402,34.68079104698213,97.21824067560898
509.0904999995249,115.9420289855076,1,9.598485993824486,31.33221582470562,0.008756468596947271,22.2287657100748,0.010891092315299883,43.58296105817817,0.005518067703613879,19.106830076156317,0.0058585622551437224,7.45277099726402,34.68079104698213,97.21824067560898
509.1004999995247,115.9420289855076,1,9.598485993824486,44.90870581421469,0.008732826960497994,27.938850053171187,0.010105604018922715,43.63716581508892,0.005513929740663178,23.38067237556369,0.006564616493428918,7.45277099726402,34.68079104698213,97.21824067560898
509.11049999952445,115.9420289855076,1,9.598485993824486,54.9844870781928,0.007964674644715527,32.12675102979171,0.00924311312140199,49.90449976403848,0.005786203044575742,27.75409298950098,0.0072899339030611,7.45277099726402,34.68079104698213,97.21824067560898
509.1204999995242,115.9420289855076,1,9.598485993824486,61.015307359127775,0.006979487422473474,35.04328466321887,0.008471506278469453,56.11970694897657,0.006083559460087368,31.27794496022757,0.007875994524043686,7.45277099726402,34.68079104698213,97.21824067560898
509.130499999524,115.9420289855076,1,9.598485993824486,65.03951027445248,0.006124297440950065,36.940496836339655,0.007827058425189957,60.98801905797588,0.0063214527633144914,33.83225688619248,0.008301005224437436,7.45277099726402,34.68079104698213,97.21824067560898
509.14049999952374,115.9420289855076,1,9.598485993824486,67.80484854814031,0.0054346417544244765,38.04674586175053,0.007304521396903595,64.56426117114458,0.006497396234288202,35.5316112069045,0.008583603358160186,7.45277099726402,34.68079104698213,97.21824067560898
509.1504999995235,115.9420289855076,1,9.598485993824486,69.65885602224176,0.004888286179967059,38.56133462712988,0.006886838374980991,67.08580442224307,0.0066220441180263245,36.54288624911505,0.008751576467648296,7.45277099726402,34.68079104698213,97.21824067560898
509.16049999952327,115.9420289855076,1,9.598485993824486,70.80987527653143,0.004458305932471766,38.63709338819797,0.006555594288759267,68.77313227906257,0.006705966505051725,37.02468610747195,0.008831354645960902,7.45277099726402,34.68079104698213,97.21824067560898
509.17049999952303,115.9420289855076,1,9.598485993824486,71.40174102532285,0.00412196484583963,38.38857584726425,0.0062945495645332404,69.80340189086722,0.006757752070619835,37.10949468723624,0.008844906052222483,7.45277099726402,34.68079104698213,97.21824067560898
509.1804999995228,115.9420289855076,1,9.598485993824486,71.54785804527744,0.003861928290613246,37.90421011771868,0.0060907511780456305,70.30813530850311,0.00678393965027807,36.89854616108936,0.008809141562078467,7.45277099726402,34.68079104698213,97.21824067560898
509.19049999952256,115.9420289855076,1,9.598485993824486,71.32237669158056,0.0036654884002094174,37.24346589439914,0.005934305111260623,70.38483913193446,0.006789303085416365,36.467004091324526,0.008736602568953295,7.45277099726402,34.68079104698213,97.21824067560898
509.2004999995223,115.9420289855076,1,9.598485993824486,70.77235116682635,0.00352371170116419,36.44654312636486,0.005817977967709432,70.10300402326105,0.0067772225365251,35.869192622297284,0.008636244664626563,7.45277099726402,34.68079104698213,97.21824067560898
509.2104999995221,115.9420289855076,1,9.598485993824486,69.92700171264279,0.003431125011683249,35.538336290547115,0.005736958128711508,69.50393119704304,0.006749877585801018,35.140318595239165,0.008513983026134594,7.45277099726402,34.68079104698213,97.21824067560898
509.22049999952185,115.9420289855076,1,9.598485993824486,68.7894361385311,0.0033853829337286575,34.52706083990335,0.005688597065531468,68.60833776832206,0.006708326524090928,34.30053926582186,0.008373195761455832,7.45277099726402,34.68079104698213,97.21824067560898
509.2304999995216,115.9420289855076,0,9.598485993824486,67.1829976377745,0.0033801888540710536,33.40810157345553,0.005672484385162009,67.49963834106573,0.006655849192665681,33.35621812354584,0.008214860254006383,7.45277099726402,34.68079104698213,97.21824067560898
509.2404999995214,115.9420289855076,0,9.598485993824486,64.06004636608803,0.0033801888540710536,31.814357796591608,0.005672484385162009,66.43799421870435,0.00660478580599705,32.40404959420981,0.008055203201098236,7.45277099726402,34.68079104698213,97.21824067560898
509.25049999952114,115.9420289855076,0,9.598485993824486,59.18898844974528,0.0033801888540710536,29.325866764696027,0.005672484385162009,65.41330405796923,0.006555504599077064,31.531571585597987,0.007908826844080338,7.45277099726402,34.68079104698213,97.21824067560898
509.2604999995209,115.9420289855076,0,9.598485993824486,52.55171196077052,0.0033801888540710536,25.9331751407053,0.005672484385162009,64.42450914903522,0.006507884554017226,30.72931468436778,0.007774080845632855,7.45277099726402,34.68079104698213,97.21824067560898
509.27049999952067,115.9420289855076,0,9.598485993824486,44.15971542743293,0.0033801888540710536,21.642067670901685,0.005672484385162009,63.4674103955768,0.0064618370449622394,29.988387683445335,0.007649545250784769,7.45277099726402,34.68079104698213,97.21824067560898
509.28049999952043,115.9420289855076,0,9.598485993824486,34.075117558425994,0.0033801888540710536,16.484249764781936,0.005672484385162009,62.541219820830435,0.006417284208493003,29.301250677897105,0.007533996882898698,7.45277099726402,34.68079104698213,97.21824067560898
509.2904999995202,115.9420289855076,0,9.598485993824486,22.40437846365818,0.0033801888540710536,10.51443150197937,0.005672484385162009,61.645751662015606,0.006374147500599354,28.662010275443837,0.00742638119265609,7.45277099726402,34.68079104698213,97.21824067560898
509.30049999951996,115.9420289855076,0,9.598485993824486,9.27862213383196,0.0033801888540710536,3.7996410636399007,0.005674522780412807,60.77749807765265,0.0063323677424101535,28.06486723379775,0.007325788364330087,7.45277099726402,34.68079104698213,97.21824067560898
509.3104999995197,115.9420289855076,0,0.0,1.0234907867815775,0.003822196887915693,0.23649171120716472,0.006544659293974877,59.935917574995756,0.006291893328659839,27.5046489659957,0.0072314323213622,7.45277099726402,34.68079104698213,97.21824067560898
509.3204999995195,115.9420289855076,0,0.0,1.7037581411973912,0.004393578851330781,1.0051807002078044,0.007214988014452447,59.12205398266309,0.006252647107407648,26.978920916899046,0.007142633025327085,7.45277099726402,34.68079104698213,97.21824067560898
509.33049999951925,115.9420289855076,0,0.0,2.1753678537646572,0.004785802391512595,1.4127415990544039,0.007567027578756598,58.332808648559144,0.006214571882493521,26.484144297726164,0.007058798979194925,7.45277099726402,34.68079104698213,97.21824067560898
509.340499999519,115.9420289855076,0,0.0,2.512472036326349,0.005063040881104433,1.6701842551584,0.0077866199451486935,57.56768532238499,0.006177630300611029,26.016523015030778,0.006979409254934527,7.45277099726402,34.68079104698213,97.21824067560898
509.3504999995188,115.9420289855076,0,0.0,2.7629068765605806,0.005266272117939423,1.8609237781616734,0.007947098165450979,56.82669073584755,0.006141778504919834,25.57327516657014,0.0069040023816900244,7.45277099726402,34.68079104698213,97.21824067560898
509.36049999951854,115.9420289855076,0,0.0,2.956975797139332,0.005421672223725121,2.018060088357742,0.008077897276439068,56.106751820962835,0.006106983949850386,25.151379118374383,0.006832170356376163,7.45277099726402,34.68079104698213,97.21824067560898
509.3704999995183,115.9420289855076,0,0.0,3.1139110314285574,0.005545972782705295,2.1550858898185474,0.008191237775696589,55.407770780963595,0.006073212423084034,24.74837212297863,0.006763553651721564,7.45277099726402,34.68079104698213,97.21824067560898
509.38049999951807,115.9420289855076,0,0.0,3.2465109443089886,0.005649876012460427,2.2783706691493504,0.008292529772985197,54.730082347245954,0.0060404214702795105,24.3626856606511,0.006697836815205615,7.45277099726402,34.68079104698213,97.21824067560898
509.39049999951783,115.9420289855076,0,0.0,3.3627297277825,0.005740232463245986,2.390806763706495,0.008384441500911654,54.070970576424116,0.006008579939331114,23.992357147787104,0.006634744069036079,7.45277099726402,34.68079104698213,97.21824067560898
509.4004999995176,115.9420289855076,0,0.0,3.467497637081811,0.005821433587460836,2.49388451926192,0.008468501419850716,53.43051224193293,0.005977655921866723,23.635799898681714,0.006574034557243971,7.45277099726402,34.68079104698213,97.21824067560898
509.41049999951736,115.9420289855076,0,0.0,3.5644371604892746,0.005896300041176214,2.589063949799281,0.008545737296936666,52.809144652496975,0.005947610366268136,23.29214797458779,0.006515498237386038,7.45277099726402,34.68079104698213,97.21824067560898
509.4204999995171,115.9420289855076,0,0.0,3.655655983215094,0.005966647278725695,2.6771642714743424,0.008616932154574165,52.20434635139553,0.005918415300638461,22.96005917747144,0.006458952121946592,7.45277099726402,34.68079104698213,97.21824067560898
509.4304999995169,115.9420289855076,0,0.0,3.7423361533497577,0.006033648558840004,2.7587097487580845,0.008682731209599177,51.61626173228126,0.005890042184017664,22.63846749442186,0.006404236490792248,7.45277099726402,34.68079104698213,97.21824067560898
509.44049999951665,115.9420289855076,0,0.0,3.8256729392188054,0.0060980665957791926,2.834622131397887,0.008743691392641976,51.04536385996551,0.00586245582002196,22.326922887414568,0.006351211881227252,7.45277099726402,34.68079104698213,97.21824067560898
509.4504999995164,115.9420289855076,0,0.0,3.9062411473842062,0.006160400080732156,2.905408377783273,0.008800302841756754,50.489283327708726,0.005835631493359803,22.024468348408238,0.006299756462344902,7.45277099726402,34.68079104698213,97.21824067560898
509.4604999995162,115.9420289855076,0,0.0,3.9842369417911496,0.006220978867209121,2.9713649847315824,0.008853000664366626,49.94820449329429,0.005809543883683806,21.7303633199423,0.006249763380038001,7.45277099726402,34.68079104698213,97.21824067560898
509.47049999951594,115.9420289855076,0,0.3119037588379519,4.084973732353538,0.006309842094511577,3.0701969636347006,0.008948718529854143,49.422838144498094,0.005784159053889169,21.444664245241114,0.006201138786248457,7.45277099726402,34.68079104698213,97.21824067560898
509.4804999995157,115.9420289855076,0,1.2300276088674984,4.57217457157218,0.006746308303387025,3.6429034172799724,0.00948577530326068,48.9103555818788,0.005759460949745477,21.16599074964311,0.006153800365039314,7.45277099726402,34.68079104698213,97.21824067560898
509.49049999951546,115.9420289855076,0,2.1820153637692585,5.294523428921041,0.007374672396377941,4.3173872049382815,0.010095506088853585,48.41092023334408,0.005735442618703628,20.893423564564408,0.006107681333466841,7.45277099726402,34.68079104698213,97.21824067560898
509.5004999995152,115.9420289855076,0,3.1593023579602657,5.978098518169981,0.007961119933870197,4.799380887264032,0.010524009510086401,47.92530872004397,0.0057120696919377425,20.627482849456158,0.006062744571641852,7.45277099726402,34.68079104698213,97.21824067560898
509.510499999515,115.9420289855076,0,4.152586587308782,6.4880347248271075,0.008393508743166026,5.065300222627247,0.010756213579255165,47.45157815929932,0.005689317850091397,20.36817368922685,0.006018981112646642,7.45277099726402,34.68079104698213,97.21824067560898
509.52049999951475,115.9420289855076,0,5.1520930926102455,6.796943586830578,0.008651338881464257,5.164443431383135,0.01083774117359356,46.990043724815514,0.005667164460695487,20.11555428483968,0.00597639324251927,7.45277099726402,34.68079104698213,97.21824067560898
509.5304999995145,115.9420289855076,0,6.147861570486437,6.925601439401076,0.008753101958938459,5.17093275999799,0.010839461861683712,46.54125567382343,0.005645581334337008,19.870059356238094,0.005934981397965101,7.45277099726402,34.68079104698213,97.21824067560898
509.5404999995143,115.9420289855076,1,7.13004315529509,6.935272827283828,0.008756497261353411,5.174733168140433,0.010839461861683712,46.1032330612058,0.005624549824195913,19.63146388342569,0.005894735147887516,7.45277099726402,34.68079104698213,97.21824067560898
509.55049999951405,115.9420289855076,1,8.089191682429393,6.9399068142526055,0.008756497261353411,5.179351415003071,0.010839461861683712,45.67623799145629,0.005604051205339713,19.399558837601724,0.005855628609615174,7.45277099726402,34.68079104698213,97.21824067560898
509.5604999995138,115.9420289855076,1,9.016535124730916,6.947021377178749,0.008756497261353411,5.186465977929214,0.010839461861683712,45.26130003163987,0.0055840483916954195,19.1752172992352,0.005817619426826893,7.45277099726402,34.68079104698213,97.21824067560898
509.5704999995136,116.1665053242985,1,9.598485993824486,7.026688743885191,0.008756497261353411,5.244697674363229,0.010839461861683712,44.856984056836595,0.005564513321041741,18.95857819263511,0.005780647191262131,7.45277099726402,34.68079104698213,97.21824067560898
509.58049999951334,116.1665053242985,1,9.598485993824486,9.453825990690186,0.008756497261353411,6.92480870889265,0.010839461861683712,44.4634601448092,0.005545419940071918,18.749239136510173,0.005744631053048016,7.45277099726402,34.68079104698213,97.21824067560898
509.5904999995131,116.1665053242985,1,9.598485993824486,15.25924531909845,0.008756497261353411,10.93813939722213,0.010839461861683712,44.08022649532835,0.005526772408434051,18.545387109162675,0.005709472901450199,7.45277099726402,34.68079104698213,97.21824067560898
509.60049999951286,116.1665053242985,1,9.598485993824486,24.266577621203137,0.008756497261353411,17.162733997567653,0.010839461861683712,43.705280528890725,0.005508567182738269,18.3457541982304,0.005675072651834298,7.45277099726402,34.68079104698213,97.21824067560898
509.6104999995126,116.1665053242985,1,9.598485993824486,36.196301021806754,0.008756497261353411,24.024327026570692,0.01046265214625454,43.33878542679787,0.005490794611013196,20.357755516679674,0.006008072933954184,7.45277099726402,34.68079104698213,97.21824067560898
509.6204999995124,116.1665053242985,1,9.598485993824486,49.354124706288694,0.008520202186909498,29.110936895745894,0.009653479620279556,45.67736460248624,0.005580432230230345,24.679571085000347,0.006725192703752407,7.45277099726402,34.68079104698213,97.21824067560898
509.63049999951215,116.1665053242985,1,9.598485993824486,57.50399049151644,0.00758271641669407,32.753706832093165,0.008838795071951133,52.30324404094365,0.0058857814510773696,28.69130447104984,0.007393268784564175,7.45277099726402,34.68079104698213,97.21824067560898
509.6404999995119,116.1665053242985,1,9.598485993824486,62.643348123151675,0.006631937697410383,35.23661648205517,0.008130669892416174,58.04474548155926,0.006164144025726106,31.799793351588093,0.007911934302736732,7.45277099726402,34.68079104698213,97.21824067560898
509.6504999995117,116.1665053242985,1,9.598485993824486,66.139493137617,0.005839388804606036,36.80246777451251,0.007546461047885908,62.40594350743924,0.00637848796426938,33.99026059092198,0.008277912249985352,7.45277099726402,34.68079104698213,97.21824067560898
509.66049999951144,116.1665053242985,1,9.598485993824486,68.53498919792008,0.005206294297744632,37.66985764789301,0.007075537970603159,65.55907251454151,0.0065344681628671875,35.400964937483856,0.008514087471967234,7.45277099726402,34.68079104698213,97.21824067560898
509.6704999995112,116.1665053242985,1,9.598485993824486,70.10474566942592,0.004706320161103633,38.01402234138835,0.006700248130422629,67.74394872258185,0.006643232055560503,36.19554882043488,0.00864766478002473,7.45277099726402,34.68079104698213,97.21824067560898
509.68049999951097,116.1665053242985,1,9.598485993824486,71.02759602886215,0.00431360936787754,37.96954803324728,0.006403184933208094,69.16664638937944,0.0067147202140616065,36.52119414036835,0.008703079535968359,7.45277099726402,34.68079104698213,97.21824067560898
509.69049999951073,116.1665053242985,1,9.598485993824486,71.44199860598111,0.004007543371144156,37.64199494188229,0.006169750624297373,69.9852651221394,0.006756733185173653,36.49537446086324,0.008699905592713022,7.45277099726402,34.68079104698213,97.21824067560898
509.7004999995105,116.1665053242985,1,9.598485993824486,71.44150856881595,0.0037725718160674356,37.104748152559644,0.005988437571792209,70.31906486069839,0.006775098222675333,36.20772192266005,0.008653059879018975,7.45277099726402,34.68079104698213,97.21824067560898
509.71049999951026,116.1665053242985,1,9.598485993824486,71.08843849260383,0.0035973632811821875,36.408724246021336,0.0058505519603047635,70.25515296346164,0.006774069524618177,35.724397526558356,0.008573506799539108,7.45277099726402,34.68079104698213,97.21824067560898
509.72049999951,116.1665053242985,1,9.598485993824486,70.42699862990446,0.0034743568610747736,35.58899235504904,0.005749967536207577,69.85055435637608,0.00675656934320661,35.09092528116226,0.008468851076842723,7.45277099726402,34.68079104698213,97.21824067560898
509.7304999995098,116.1665053242985,1,9.598485993824486,69.47491953706722,0.0033992301831468953,34.663054311655685,0.005682772071835089,69.14043608403782,0.006724344997917414,34.336576998607576,0.00834396517699271,7.45277099726402,34.68079104698213,97.21824067560898
509.74049999950955,116.1665053242985,1,9.598485993824486,68.22751885343298,0.003370751535327975,33.63543074450755,0.005647176018456126,68.13771892633055,0.006678064663740209,33.476403364682426,0.008201308372494045,7.45277099726402,34.68079104698213,97.21824067560898
509.7504999995093,116.1665053242985,0,9.598485993824486,66.1716766465658,0.0033705235862578065,32.45120871922523,0.005641085611633897,67.0370213205777,0.006625865385060549,32.52593815954326,0.008043519775767448,7.45277099726402,34.68079104698213,97.21824067560898
509.7604999995091,116.1665053242985,0,9.598485993824486,62.42109583981846,0.0033705235862578065,30.56110743097117,0.005641085611633897,65.98978286524903,0.006575909803639929,31.62264996830497,0.007893526683001967,7.45277099726402,34.68079104698213,97.21824067560898
509.77049999950884,116.1665053242985,0,9.598485993824486,56.917862952623935,0.0033705235862578065,27.787463670963596,0.005641085611633897,64.97989032655663,0.006527679679737496,30.793337364061856,0.007755754979591529,7.45277099726402,34.68079104698213,97.21824067560898
509.7804999995086,116.1665053242985,0,9.598485993824486,49.6493188676279,0.0033705235862578065,24.12385352076887,0.005641085611633897,64.00314373244292,0.0064810733115527545,30.028708596532635,0.007628696636298205,7.45277099726402,34.68079104698213,97.21824067560898
509.79049999950837,116.1665053242985,0,9.598485993824486,40.65072185309228,0.0033705235862578065,19.588018200933607,0.005641085611633897,63.0585974039047,0.006436003028794629,29.320890224411787,0.007511053467273691,7.45277099726402,34.68079104698213,97.21824067560898
509.80049999950813,116.1665053242985,0,9.598485993824486,30.000977405294382,0.0033705235862578065,14.21981748188686,0.005641085611633897,62.145680973593755,0.006392388484783299,28.663326320505526,0.007401706993957902,7.45277099726402,34.68079104698213,97.21824067560898
509.8104999995079,116.1665053242985,0,9.598485993824486,17.807334483003718,0.0033705235862578065,8.073282312881034,0.005641085611633897,61.26100968974536,0.00635016365262225,28.050018924858325,0.007299692886504282,7.45277099726402,34.68079104698213,97.21824067560898
509.82049999950766,116.1665053242985,0,9.598485993824486,4.2399775912244255,0.0033854793428362367,1.536653282689913,0.005822401532867845,60.404145600021565,0.0063092679018181665,27.475869640807172,0.0072041786006536756,7.45277099726402,34.68079104698213,97.21824067560898
509.8304999995074,116.1665053242985,0,0.0,1.4322475564815402,0.004053101294589468,0.6904309573746472,0.006822648087298219,59.574916269577116,0.00626964384216471,26.93666736605013,0.00711444466322905,7.45277099726402,34.68079104698213,97.21824067560898
509.8404999995072,116.1665053242985,0,0.0,2.0192507631546612,0.004550234155779257,1.279356583010514,0.00734073818102081,58.771140449533625,0.00623122031379944,26.42972236396489,0.007029868095425795,7.45277099726402,34.68079104698213,97.21824067560898
509.85049999950695,116.1665053242985,0,0.0,2.428199874367883,0.0048946583055805475,1.6097880957861808,0.007630831629469415,57.992423119784114,0.0061939484447510965,25.95151671178181,0.006949904288433224,7.45277099726402,34.68079104698213,97.21824067560898
509.8604999995067,116.1665053242985,0,0.0,2.7225774236174125,0.005140986185244977,1.830810567048113,0.00782404691678901,57.23848722776728,0.006157785811173003,25.498898189508115,0.006874071753316945,7.45277099726402,34.68079104698213,97.21824067560898
509.8704999995065,116.1665053242985,0,0.0,2.9429198710686615,0.005324089657156704,2.0013034966427155,0.007972365909748294,56.506399176191636,0.006122696597391595,25.068819314126575,0.006801943804915376,7.45277099726402,34.68079104698213,97.21824067560898
509.88049999950624,116.1665053242985,0,0.0,3.115039923972089,0.0054662485409327066,2.1449222841294806,0.008096855150486462,55.79601901472476,0.006088644022250724,24.658781670681112,0.00673314326540717,7.45277099726402,34.68079104698213,97.21824067560898
509.890499999506,116.1665053242985,0,0.0,3.25561355986589,0.005581706154142207,2.271751125903701,0.008206429047021206,55.10740296766267,0.006055588727106458,24.266833638466974,0.00666733829326836,7.45277099726402,34.68079104698213,97.21824067560898
509.90049999950577,116.1665053242985,0,0.0,3.37532872924114,0.005679573981342089,2.3863717206653643,0.008305169533238158,54.437990428313746,0.006023496778648202,23.89102062106129,0.006604238215505861,7.45277099726402,34.68079104698213,97.21824067560898
509.91049999950553,116.1665053242985,0,0.0,3.3713803164158724,0.005765676685990758,2.3814404786629106,0.008395110738783436,53.70611442958825,0.005993961277403827,23.415927742315194,0.006543588913074136,7.45277099726402,34.68079104698213,97.21824067560898
509.9204999995053,116.1665053242985,0,0.0,3.381571494592294,0.005843745473954432,2.3920408123305994,0.008477784828776421,53.022602001970526,0.005965244642137741,22.98244344227567,0.00648516871237077,7.45277099726402,34.68079104698213,97.21824067560898
509.93049999950506,116.1665053242985,0,0.0,3.386927105987802,0.005916203936530026,2.398030612254877,0.008554717818505479,52.35806621229888,0.005937404928777854,22.562957491111405,0.006428784570875806,7.45277099726402,34.68079104698213,97.21824067560898
509.9404999995048,116.1665053242985,0,0.0,3.3892042485217977,0.005984607054371354,2.40041194763559,0.008626865280614389,51.71351698331403,0.005910435157642023,22.15646691670612,0.006374268153873875,7.45277099726402,34.68079104698213,97.21824067560898
509.9504999995046,116.1665053242985,0,0.0,3.3893751938233674,0.006049962155169684,2.399735826755375,0.00869490600947041,51.08889422844785,0.005884301780142972,21.761960462066533,0.006321472643322261,7.45277099726402,34.68079104698213,97.21824067560898
509.96049999950435,116.1665053242985,0,0.0,3.3883686044828503,0.00611292511978283,2.396706141780487,0.008759350213415628,50.481930486769386,0.005858971126023698,21.37863331555769,0.006270269952903231,7.45277099726402,34.68079104698213,97.21824067560898
509.9704999995041,116.1665053242985,0,0.0,3.386757376160633,0.006173927031376637,2.3918419404933053,0.008820599462793299,49.892818329794466,0.005834408544993743,21.005963988348707,0.006220547951027563,7.45277099726402,34.68079104698213,97.21824067560898
509.9804999995039,116.1665053242985,0,0.0,3.384635015713821,0.00623325509032468,2.385272532638361,0.008878983821036208,49.32154236742563,0.005810585668219219,20.643201160037492,0.006172208351800567,7.45277099726402,34.68079104698213,97.21824067560898
509.99049999950364,116.1665053242985,0,0.7203582013936618,3.540840561730696,0.006447471965549593,2.5974828731785475,0.00916149560094882,48.76629950715403,0.005787465598085698,20.290262301845857,0.006125164906794761,7.45277099726402,34.68079104698213,97.21824067560898
510.0004999995034,116.1665053242985,0,1.6547237218107087,4.098419434065877,0.007004072003343063,3.212050514271648,0.009793603189546654,48.22628142842625,0.0057650425378999864,19.945294507283347,0.006079342884265,7.45277099726402,34.68079104698213,97.21824067560898
510.01049999950317,116.1665053242985,0,2.619205874660251,4.752468804759349,0.007632326755169454,3.7475705434637403,0.01033943986049317,47.701768617722635,0.005743295417852717,19.607963158526132,0.006034689197229757,7.449870802230448,34.92903544713756,96.41853753811027
510.02049999950293,116.1665053242985,0,3.60487749271227,5.293057696437903,0.008154722813397469,4.061292451595613,0.010679787245676581,47.19118916479542,0.005722188688327463,19.278714726963635,0.005991182621149049,7.449870802230448,34.92903544713756,96.41853753811027
510.0304999995027,116.1665053242985,0,4.6021893239648275,5.640128118661714,0.008505923722518129,4.181170558874658,0.010843096032424285,46.69499865580167,0.005701689203325905,18.957991787070075,0.005948822336658913,7.449870802230448,34.92903544713756,96.41853753811027
510.04049999950246,116.1665053242985,0,5.6012465261101765,5.795335589243495,0.008689622695960676,4.158019259850403,0.010876643361454379,46.21325847040501,0.00568177479770617,18.645670455716502,0.005907612077392102,7.449870802230448,34.92903544713756,96.41853753811027
510.0504999995022,116.1665053242985,1,6.592102205024545,5.785872996885101,0.008730412719586739,4.095307542235916,0.010876643361454379,45.7442581246107,0.0056624172043737726,18.341965567652277,0.005867549398407256,7.449870802230448,34.92903544713756,96.41853753811027
510.060499999502,116.1665053242985,1,7.565053531900713,5.725782724745013,0.008730412719586739,4.035203718498304,0.010876643361454379,45.28830035525046,0.005643589543707312,18.04698361244571,0.005828618308814975,7.449870802230448,34.92903544713756,96.41853753811027
510.07049999950175,116.1665053242985,1,8.510925795389946,5.669441365554427,0.008730412719586739,3.9788623593077177,0.010876643361454379,44.845962049318985,0.0056252636586734146,17.761044642779293,0.005790786836347254,7.449870802230448,34.92903544713756,96.41853753811027
510.0804999995015,116.1665053242985,1,9.421330577342355,5.6184775686285136,0.008730412719586739,3.9278854782838573,0.010876643361454379,44.41618973565285,0.005607396166006819,17.484996060838622,0.005754006003510707,7.449870802230448,34.92903544713756,96.41853753811027
510.0904999995013,116.39185257032038,1,9.598485993824486,6.303178138246371,0.008730412719586739,4.391419776769987,0.010876643361454379,44.00028274161137,0.005589937839842072,17.220112920829862,0.0057182074712886334,7.449870802230448,34.92903544713756,96.41853753811027
510.10049999950104,116.39185257032038,1,9.598485993824486,10.203350649038502,0.008730412719586739,7.095998478406602,0.010876643361454379,43.5967765366457,0.005572890511584023,16.963834758759667,0.00568330258176102,7.449870802230448,34.92903544713756,96.41853753811027
510.1104999995008,116.39185257032038,1,9.598485993824486,17.409586223823528,0.008730412719586739,12.104318059063015,0.010876643361454379,43.203272645378014,0.005556261604555016,16.714181775535543,0.005649191215084421,7.449870802230448,34.92903544713756,96.41853753811027
510.12049999950057,116.39185257032038,1,9.598485993824486,27.699477436819652,0.008730412719586739,19.04665172342193,0.01079266199040077,42.81988872188744,0.005540039343412784,16.969857785812763,0.00569873715818543,7.449870802230448,34.92903544713756,96.41853753811027
510.13049999950033,116.39185257032038,1,9.598485993824486,40.74678209454793,0.008730412719586739,24.953950929062515,0.010111115302837285,42.44631833904068,0.00552422158888477,20.64595218455318,0.006316266427809976,7.449870802230448,34.92903544713756,96.41853753811027
510.1404999995001,116.39185257032038,1,9.598485993824486,52.22870914406552,0.008163137998419952,29.276453513639634,0.009269877288366478,47.454620735425095,0.005736201399815863,24.935556874727585,0.007037728232133867,7.449870802230448,34.92903544713756,96.41853753811027
510.15049999949986,116.39185257032038,1,9.598485993824486,58.85483431210905,0.007180415547030565,32.29087627308624,0.008496877444076619,53.835876484147796,0.0060419461266587515,28.49575497983931,0.007641018168257129,7.449870802230448,34.92903544713756,96.41853753811027
510.1604999994996,116.39185257032038,1,9.598485993824486,63.176912474951195,0.0062942355281721115,34.25947731564725,0.007844885246173834,58.96139010613304,0.006295192369069418,31.10989298112965,0.008087158540729833,7.449870802230448,34.92903544713756,96.41853753811027
510.1704999994994,116.39185257032038,1,9.598485993824486,66.14441112997734,0.0055740269922092845,35.41996077789064,0.0073140237460199535,62.758604816850145,0.006485144454777525,32.862634069656956,0.008389510920101532,7.449870802230448,34.92903544713756,96.41853753811027
510.18049999949915,116.39185257032038,1,9.598485993824486,68.14800186221906,0.005002524158318811,35.970122263472746,0.006888874826051839,65.4557625087712,0.00662146063844132,33.913872426415935,0.008574520491463294,7.449870802230448,34.92903544713756,96.41853753811027
510.1904999994989,116.39185257032038,1,9.598485993824486,69.40856790036207,0.00455234453257197,36.06449323181375,0.006551241945060716,67.28131600636698,0.0067150685130672365,34.42230183606963,0.00866871976801692,7.449870802230448,34.92903544713756,96.41853753811027
510.2004999994987,116.39185257032038,1,9.598485993824486,70.09170144305777,0.004199950157626229,35.827338138844816,0.006284882928997172,68.41879794871899,0.006774952737225634,34.521809317530135,0.008694363731136311,7.449870802230448,34.92903544713756,96.41853753811027
510.21049999949844,116.39185257032038,1,9.598485993824486,70.31063202810182,0.003927071243092557,35.34687327645451,0.006076577426079927,69.00898208542847,0.00680797087863563,34.31733636452457,0.008668856143983722,7.449870802230448,34.92903544713756,96.41853753811027
510.2204999994982,116.39185257032038,1,9.598485993824486,70.14136256033733,0.0037200747334371555,34.684034368651105,0.005916080338843939,69.15553461028557,0.0068192448032657355,33.88658525812919,0.008605265736344639,7.449870802230448,34.92903544713756,96.41853753811027
510.23049999949797,116.39185257032038,1,9.598485993824486,69.64221263301432,0.0035694685988275953,33.88423876905993,0.0057959303108788465,68.93046467627904,0.006812393595482562,33.28580097891308,0.008512908668402637,7.449870802230448,34.92903544713756,96.41853753811027
510.24049999949773,116.39185257032038,1,9.598485993824486,68.84303667099115,0.0034692322583961613,32.973546065589645,0.005711024841210946,68.38174123570893,0.006789762621568032,32.55332105332368,0.008398082755368864,7.449870802230448,34.92903544713756,96.41853753811027
510.2504999994975,116.39185257032038,1,9.598485993824486,67.74993516118485,0.003416472456898276,31.962805188803376,0.005658407737051265,67.53356615339804,0.006752614845768521,31.710882310135155,0.008264532621878823,7.449870802230448,34.92903544713756,96.41853753811027
510.26049999949726,116.39185257032038,0,9.598485993824486,66.2650154803452,0.0034076332517606416,30.84898550192909,0.005637299686461045,66.43664840195537,0.006703029020194973,30.767119833525232,0.0081136293551266,7.449870802230448,34.92903544713756,96.41853753811027
510.270499999497,116.39185257032038,0,9.598485993824486,63.367885244132765,0.0034076332517606416,29.382185230739417,0.005636914977132981,65.37443241758334,0.006653881069586633,29.788180202121683,0.007956452674769764,7.449870802230448,34.92903544713756,96.41853753811027
510.2804999994968,116.39185257032038,0,9.598485993824486,58.71257321361946,0.0034076332517606416,27.058600601124617,0.005636914977132981,64.35100742897394,0.00660649181223392,28.887450611959967,0.00781207555999786,7.449870802230448,34.92903544713756,96.41853753811027
510.29049999949655,116.39185257032038,0,9.598485993824486,52.26576899192213,0.0034076332517606416,23.84727918175559,0.005636914977132981,63.362170095865615,0.006560732176880577,28.0576703606516,0.00767924069724948,7.449870802230448,34.92903544713756,96.41853753811027
510.3004999994963,116.39185257032038,0,9.598485993824486,44.04118174470662,0.0034076332517606416,19.75526194769261,0.005636914977132981,62.407099409623825,0.006516497798946484,27.29081258449917,0.0075565345569718325,7.449870802230448,34.92903544713756,96.41853753811027
510.3104999994961,116.39185257032038,0,9.598485993824486,34.09526447932127,0.0034076332517606416,14.810046971413291,0.005636914977132981,61.4842759844852,0.006473720954813168,26.57857673846741,0.007442739917677211,7.449870802230448,34.92903544713756,96.41853753811027
510.32049999949584,116.39185257032038,0,9.598485993824486,22.51535048420164,0.0034076332517606416,9.055162433378804,0.005636914977132981,60.59069130753192,0.006432322508011584,25.91497762820987,0.00733680785044442,7.449870802230448,34.92903544713756,96.41853753811027
510.3304999994956,116.39185257032038,0,9.598485993824486,9.44232521591476,0.0034076332517606416,2.5607163251648712,0.005636914977132981,59.72617124216076,0.006392229203995938,25.295067821594102,0.007237833317423107,7.449870802230448,34.92903544713756,96.41853753811027
510.34049999949536,116.39185257032038,0,0.0,-1.353713597199648,0.0037247457591902985,-2.1128605056585097,0.006478012119568958,58.88921038525194,0.006353405196950038,24.712561487430534,0.007145034694684366,7.449870802230448,34.92903544713756,96.41853753811027
510.3504999994951,116.39185257032038,0,0.0,-0.6683242318680662,0.004325485990886439,-1.1901048741065012,0.007309999936226262,58.07908480088592,0.006315762550104543,24.16606111994745,0.007057736264946795,7.449870802230448,34.92903544713756,96.41853753811027
510.3604999994949,116.39185257032038,0,0.0,-0.20081469048897205,0.0047360035745000525,-0.7203031984798445,0.0077400469154600806,57.29649591228182,0.006279204835897739,23.65399580007994,0.006975350939179953,7.449870802230448,34.92903544713756,96.41853753811027
510.37049999949465,116.39185257032038,0,0.0,0.12612283144517988,0.005024508725738437,-0.4367952568443698,0.008004001872883042,56.53970913622438,0.006243715832495381,23.171067546386,0.006897362682108718,7.449870802230448,34.92903544713756,96.41853753811027
510.3804999994944,116.39185257032038,0,0.0,0.3628852745870619,0.005234538770513263,-0.23431596180632663,0.008194708328306089,55.80572374781461,0.0062092607384706365,22.713845438494175,0.006823314545133695,7.449870802230448,34.92903544713756,96.41853753811027
510.3904999994942,116.39185257032038,0,0.0,0.5417940132703656,0.005393898232276088,-0.07086901146036961,0.008349278570688528,55.09435977425811,0.006175801193232751,22.27971062274976,0.006752801944169789,7.449870802230448,34.92903544713756,96.41853753811027
510.40049999949395,116.39185257032038,0,0.0,0.6821053063872089,0.005520353432046973,0.06934534835170325,0.008483006763797856,54.404592012831195,0.0061433226006081644,21.86501206498167,0.006685468172875982,7.449870802230448,34.92903544713756,96.41853753811027
510.4104999994937,116.39185257032038,0,0.0,0.797498679556564,0.005625263057262119,0.19423261599354547,0.008602578126684073,53.73421401036477,0.00611178462786682,21.46804143048778,0.006621000185752791,7.449870802230448,34.92903544713756,96.41853753811027
510.4204999994935,116.39185257032038,0,0.0,0.9667323567550374,0.0057159011661144805,0.37769152027975483,0.00871126672549056,53.14541439677177,0.006080242846812767,21.16554613746044,0.006559123955283801,7.449870802230448,34.92903544713756,96.41853753811027
510.43049999949324,116.39185257032038,0,0.0,1.2089554099633153,0.005796953600966843,0.6354231883877937,0.008810878686313816,52.61238801868675,0.006047853213974682,20.952741552308794,0.00649960021834821,7.449870802230448,34.92903544713756,96.41853753811027
510.440499999493,116.39185257032038,0,0.0,1.4291015784796235,0.005871397312733167,0.8693508293404637,0.0089018321373791,52.084110634118325,0.006016396487139199,20.73881658588252,0.006442220404815991,7.449870802230448,34.92903544713756,96.41853753811027
510.45049999949276,116.39185257032038,0,0.0,1.6325015721115568,0.0059411440081411,1.0828635883304534,0.008984408631596866,51.56326945376553,0.005985817152760904,20.525743862991575,0.0063868025621033634,7.449870802230448,34.92903544713756,96.41853753811027
510.4604999994925,116.39185257032038,0,0.0,1.822608889213443,0.006007429947205988,1.2784647526195556,0.00905907295086092,51.051638578754314,0.005956069319649045,20.314592734160122,0.006333188016494253,7.449870802230448,34.92903544713756,96.41853753811027
510.4704999994923,116.39185257032038,0,0.0,2.001729653774138,0.006071058097808161,1.458163368860788,0.00912643039921128,50.548239174681996,0.005927118789511468,20.105693535623818,0.006281238395647847,7.449870802230448,34.92903544713756,96.41853753811027
510.48049999949205,116.39185257032038,0,0.0,2.17128837348746,0.006132554147509843,1.623497280061228,0.00918714824211451,50.05400377560359,0.005898935446511484,19.899176792658974,0.0062308326819248165,7.449870802230448,34.92903544713756,96.41853753811027
510.4904999994918,116.39185257032038,0,0.0,2.332558391991933,0.0061922662156921725,1.7760707458835858,0.009241899574860494,49.56989529657507,0.005871488506938212,19.695325764916497,0.006181864911723337,7.449870802230448,34.92903544713756,96.41853753811027
510.5004999994916,116.39185257032038,0,0.3119037588379519,2.511287684939705,0.006280030939392727,1.9572676589860039,0.009341432851077636,49.094956040081065,0.0058447490023710615,19.494559506728557,0.006134242189102817,7.449870802230448,34.92903544713756,96.41853753811027
510.51049999949134,116.39185257032038,0,1.2300276088674984,3.0685069084293906,0.006712852234166837,2.6437464953697924,0.009916230257332573,48.628466070838655,0.005818704643816269,19.29534832830862,0.0060878828966977995,7.449870802230448,34.92903544713756,96.41853753811027
510.5204999994911,116.39185257032038,0,2.1820153637692585,3.8542545163895885,0.007336201342708249,3.43570861622084,0.010569906850640841,48.17113563071228,0.005793356698524859,19.097228288972374,0.006042720997464938,7.449870802230448,34.92903544713756,96.41853753811027
510.53049999949087,116.39185257032038,0,3.1593023579602657,4.597454160080656,0.007918222184344095,4.016045926513837,0.011028486357802972,47.722080817459606,0.005768671111462247,18.90110312182089,0.005998720028222341,7.449870802230448,34.92903544713756,96.41853753811027
510.54049999949063,116.39185257032038,0,4.152586587308782,5.164435643384643,0.008347439603979491,4.359421370613476,0.01127543440432508,47.28208530322347,0.005744617231560793,18.707706599822842,0.005955871123599104,7.449870802230448,34.92903544713756,96.41853753811027
510.5504999994904,116.39185257032038,0,5.1520930926102455,5.528298068187233,0.008603037593123234,4.519707602496595,0.011359820855707145,46.85200243269658,0.0057211648307781806,18.517919682195163,0.005914176535692403,7.449870802230448,34.92903544713756,96.41853753811027
510.56049999949016,116.39185257032038,0,6.147861570486437,5.709914715188418,0.008703452983996614,4.580188141192748,0.011361182166551508,46.43041979213961,0.005698292355932405,18.332018352978537,0.005873636907972075,7.449870802230448,34.92903544713756,96.41853753811027
510.5704999994899,116.39185257032038,1,7.13004315529509,5.770919778613228,0.00870667832176977,4.6355774140743335,0.011361182166551508,46.017709571786206,0.005675980058179067,18.150122990078582,0.005834242177114334,7.449870802230448,34.92903544713756,96.41853753811027
510.5804999994897,116.39185257032038,1,8.089191682429393,5.824679545171726,0.00870667832176977,4.6893371806328314,0.011361182166551508,45.61439634655333,0.005654204533703227,17.972521705289054,0.005795967126826272,7.449870802230448,34.92903544713756,96.41853753811027
510.59049999948945,116.39185257032038,1,9.016535124730916,5.879251384447195,0.00870667832176977,4.743901595201721,0.011361182166551508,45.22007711283006,0.0056329284624386106,17.80047448948908,0.005758770222342237,7.449870802230448,34.92903544713756,96.41853753811027
510.6004999994892,116.61807580174955,1,9.598485993824486,6.005012310317278,0.00870667832176977,4.852274474199881,0.011361182166551508,44.83586379637772,0.005612111556783813,17.63500534555677,0.005722591746868794,7.449870802230448,34.92903544713756,96.41853753811027
510.610499999489,116.61807580174955,1,9.598485993824486,8.468313809711272,0.00870667832176977,6.709471143815586,0.011361182166551508,44.462083626766756,0.005591715292219094,17.476296633513137,0.0056873516954512844,7.449870802230448,34.92903544713756,96.41853753811027
510.62049999948874,116.61807580174955,1,9.598485993824486,14.294380268694672,0.00870667832176977,11.081426251855696,0.011361182166551508,44.09539282272805,0.005571776108742501,17.320741460535423,0.005652952933982279,7.449870802230448,34.92903544713756,96.41853753811027
510.6304999994885,116.61807580174955,1,9.598485993824486,23.30616705564748,0.00870667832176977,17.828736229861747,0.01135298872079276,43.735534943140074,0.005552298762878265,17.215907599449736,0.005627447405798484,7.449870802230448,34.92903544713756,96.41853753811027
510.64049999948827,116.61807580174955,1,9.598485993824486,35.22171716916593,0.00870667832176977,24.598369181876908,0.010786360841678166,43.38296213632894,0.005533269511542355,20.357897791013997,0.006141651667508412,7.449870802230448,34.92903544713756,96.41853753811027
510.65049999948803,116.61807580174955,1,9.598485993824486,48.65486955995196,0.008518989181863003,29.789182282312314,0.00990262267138343,45.28190517100935,0.005602459942190527,25.066111556078667,0.0069169971621338075,7.449870802230448,34.92903544713756,96.41853753811027
510.6604999994878,116.61807580174955,1,9.598485993824486,57.046647524674874,0.007603178984216315,33.547910696949224,0.009041607613322648,51.86752211797907,0.0059029757600169205,29.269915983021207,0.007612877141870495,7.449870802230448,34.92903544713756,96.41853753811027
510.67049999948756,116.61807580174955,1,9.598485993824486,62.24998580121657,0.006651511308288741,36.103819138516926,0.008297822049342908,57.64042041998385,0.006181720796292336,32.499023668440564,0.008147951572284165,7.449870802230448,34.92903544713756,96.41853753811027
510.6804999994873,116.61807580174955,1,9.598485993824486,65.77997577952942,0.005856071330298252,37.70980644072353,0.007685680257309471,62.03260776757695,0.006396657748210232,34.76399978846866,0.00852260346144368,7.449870802230448,34.92903544713756,96.41853753811027
510.6904999994871,116.61807580174955,1,9.598485993824486,68.19906933650107,0.005220732792091253,38.58963252530601,0.0071930615837317805,65.21100072075446,0.0065528757505839835,36.21515340877453,0.008761685806010817,7.449870802230448,34.92903544713756,96.41853753811027
510.70049999948685,116.61807580174955,1,9.598485993824486,69.78312300982692,0.004719009608667987,38.92553248764641,0.006800881826103137,67.41795530577322,0.006661630519848736,37.02683735404653,0.008894155796111271,7.449870802230448,34.92903544713756,96.41853753811027
510.7104999994866,116.61807580174955,1,9.598485993824486,70.72412638908303,0.004325094801280397,38.86425668488009,0.00649078458136568,68.85830031778029,0.006732913502182638,37.35228611459273,0.008945596906797214,7.449870802230448,34.92903544713756,96.41853753811027
510.7204999994864,116.61807580174955,1,9.598485993824486,71.15306648757901,0.004018277231186433,38.5112648959022,0.0062473324629249505,69.69172538547157,0.006774536238334129,37.31443383547371,0.008936523725514874,7.449870802230448,34.92903544713756,96.41853753811027
510.73049999948614,116.61807580174955,1,9.598485993824486,71.16104492010662,0.003782793352274563,37.94225115333357,0.006058315491338071,70.03890402664123,0.006792396319378622,37.00773599171263,0.008882595406292394,7.449870802230448,34.92903544713756,96.41853753811027
510.7404999994859,116.61807580174955,1,9.598485993824486,70.81818607201905,0.003607380679734925,37.21312688890807,0.005914647353195558,69.98491109955705,0.006790769261727475,36.50007543052596,0.00879516892163489,7.449870802230448,34.92903544713756,96.41853753811027
510.75049999948567,116.61807580174955,1,9.598485993824486,70.16414200624098,0.0034844763922220285,36.357648625304385,0.005809878377889108,69.58847114299901,0.006772561339774876,35.838722366903966,0.008682144826230108,7.449870802230448,34.92903544713756,96.41853753811027
510.76049999948543,116.61807580174955,1,9.598485993824486,69.21625535112301,0.0034097104977987153,35.394689703536194,0.0057398808848201826,68.88530980624215,0.0067395332491996815,35.054496784473265,0.008548572310854752,7.449870802230448,34.92903544713756,96.41853753811027
510.7704999994852,116.61807580174955,1,9.598485993824486,67.96996981496122,0.003381950752357143,34.32774386433862,0.005702783104307587,67.88525026418456,0.006692341518140489,34.162159238759365,0.00839695072465162,7.449870802230448,34.92903544713756,96.41853753811027
510.78049999948496,116.61807580174955,0,9.598485993824486,65.8863526252688,0.0033818169018285742,33.099939347461444,0.005696400456931313,66.79404637605116,0.006639503070436688,33.17747297876316,0.00822997180317802,7.449870802230448,34.92903544713756,96.41853753811027
510.7904999994847,116.61807580174955,0,9.598485993824486,62.09298854511602,0.0033818169018285742,31.142138788040167,0.005696400456931313,65.7558419264719,0.006588902250536841,32.2432654546148,0.008071410162344209,7.449870802230448,34.92903544713756,96.41853753811027
510.8004999994845,116.61807580174955,0,9.598485993824486,56.52964108438095,0.0033818169018285742,28.26550766088699,0.005696400456931313,64.75252050169446,0.006540037818663346,31.386928664481157,0.007925871680383272,7.449870802230448,34.92903544713756,96.41853753811027
510.81049999948425,116.61807580174955,0,9.598485993824486,49.19113468131413,0.0033818169018285742,24.467277920331536,0.005696400456931313,63.78258263096454,0.006492808713810749,30.59860111653217,0.007791747184808993,7.449870802230448,34.92903544713756,96.41853753811027
510.820499999484,116.61807580174955,0,9.598485993824486,40.116225714251875,0.0033818169018285742,19.767785353055785,0.005696400456931313,62.84528543022692,0.006447119241706581,29.870412326396227,0.007667651464533399,7.449870802230448,34.92903544713756,96.41853753811027
510.8304999994838,116.61807580174955,0,9.598485993824486,29.374011620189048,0.0033818169018285742,14.202796459635952,0.005696400456931313,61.93731434429843,0.006402896975474971,29.194887592770513,0.007552391222357574,7.449870802230448,34.92903544713756,96.41853753811027
510.84049999948354,116.61807580174955,0,9.598485993824486,17.08537113052539,0.0033818169018285742,7.83494809415609,0.005696400456931313,61.0579034606078,0.006360076635027707,28.565659652520367,0.007444937268666895,7.449870802230448,34.92903544713756,96.41853753811027
510.8504999994833,116.61807580174955,0,9.598485993824486,3.4367918610084693,0.003406158181682996,1.0742919494190022,0.005900185479240957,60.20678580363465,0.0063185899964671305,27.977779126463176,0.007344401129812595,7.449870802230448,34.92903544713756,96.41853753811027
510.86049999948307,116.61807580174955,0,0.0,1.1381422931533902,0.004074821578028836,0.45652077075907727,0.006901175678334865,59.381162285920844,0.006278387803284137,27.426316252589924,0.007250015139999099,7.449870802230448,34.92903544713756,96.41853753811027
510.87049999948283,116.61807580174955,0,0.0,1.726909946728869,0.00456012312609455,1.0503249757988815,0.0074097205639759986,58.58165964912537,0.006239392102058435,26.908770775619203,0.007161114269253472,7.449870802230448,34.92903544713756,96.41853753811027
510.8804999994826,116.61807580174955,0,0.0,2.142568733176243,0.004897060100871792,1.3905775171742247,0.007694760486730816,57.807926165223584,0.0062015479542234095,26.421734410637036,0.00707711742673048,7.449870802230448,34.92903544713756,96.41853753811027
510.89049999948236,116.61807580174955,0,0.0,2.4464710028413976,0.005138723193395303,1.6228969889878164,0.007884657285825013,57.05698249544314,0.006164822887962781,25.961253657629683,0.006997511640442261,7.449870802230448,34.92903544713756,96.41853753811027
510.9004999994821,116.61807580174955,0,0.0,2.6776706201658107,0.005319005961915586,1.8046186797554404,0.008030306144104486,56.328269763845164,0.006129183773007008,25.524006511078202,0.00692184276215845,7.449870802230448,34.92903544713756,96.41853753811027
510.9104999994819,116.61807580174955,0,0.0,2.8616820201727453,0.005459556469147044,1.9593557112913231,0.008152350599417003,55.62178537123326,0.006094587656658801,25.107767421996684,0.006849709950390515,7.449870802230448,34.92903544713756,96.41853753811027
510.92049999948165,116.61807580174955,0,0.0,3.0145066778694294,0.005574207886866233,2.096787672867998,0.008259543348355576,54.93508002762415,0.006061002543074568,24.710020820436018,0.006780760956836947,7.449870802230448,34.92903544713756,96.41853753811027
510.9304999994814,116.61807580174955,0,0.0,3.1462616744178873,0.005671806890213716,2.221192565082601,0.008355908993638661,54.267948110759086,0.0060283954407513414,24.328697033171824,0.006714687100294072,7.449870802230448,34.92903544713756,96.41853753811027
510.9404999994812,116.61807580174955,0,0.0,3.2639533282190523,0.005758017120259657,2.3352899728932397,0.008443551796564159,53.62061689776031,0.005996725029126637,23.96258475207849,0.006651218616723346,7.449870802230448,34.92903544713756,96.41853753811027
510.95049999948094,116.61807580174955,0,0.0,3.3717657436661654,0.005836468731384614,2.4404204816992805,0.008523761441391102,52.99088448597769,0.005965961564334419,23.610023267170874,0.00659012021343848,7.449870802230448,34.92903544713756,96.41853753811027
510.9604999994807,116.61807580174955,0,0.0,3.4722487238360324,0.005909493555911456,2.5374156813587465,0.008597455344115055,52.3786621055073,0.005936074979405597,23.26964848021366,0.00653118659591923,7.449870802230448,34.92903544713756,96.41853753811027
510.97049999948047,116.61807580174955,0,0.0,3.5675431910232427,0.0059785940691141895,2.6274595899798636,0.008665360953182167,51.78424684121268,0.005907027576752031,22.940818384126132,0.006474238688617533,7.449870802230448,34.92903544713756,96.41853753811027
510.98049999948023,116.61807580174955,0,0.0,3.658734648844848,0.006044741646488929,2.7111566926752033,0.008728091165188466,51.20558645575058,0.005878792934235413,22.62237644670284,0.006419120271762202,7.449870802230448,34.92903544713756,96.41853753811027
510.99049999948,116.61807580174955,0,0.0,3.7463849542104137,0.006108568240219794,2.7889187277468404,0.008786178977730982,50.64264712982201,0.00585134434673994,22.313384204105773,0.006365694710816766,7.449870802230448,34.92903544713756,96.41853753811027
511.00049999947976,116.61807580174955,0,0.0,3.8313379640384753,0.006170488717661388,2.861627915333048,0.00884009682983889,50.095756989373314,0.005824647800003273,22.01354052496435,0.006313842363305127,7.449870802230448,34.92903544713756,96.41853753811027
511.0104999994795,116.61807580174955,0,0.0,3.9138627093417093,0.006230777969454155,2.929678988048432,0.008890265780297071,49.56299034623302,0.005798680024163231,21.72200488650681,0.00626345833691083,7.449870802230448,34.92903544713756,96.41853753811027
511.0204999994793,116.61807580174955,0,0.9044208555242937,4.241191829713326,0.006526820009718341,3.325067860170833,0.009269472761830261,49.044538298953164,0.005773412906212552,21.43838721443537,0.00621445029806574,7.447880023268731,35.100459820941374,95.74689699320416
511.03049999947905,116.61807580174955,0,1.8454854387771407,4.921335801478061,0.007118132720198473,4.022382980140756,0.009900536089295541,48.539870658879195,0.005748839571583627,21.16124163480326,0.006166739321473458,7.447880023268731,35.100459820941374,95.74689699320416
511.0404999994788,116.61807580174955,0,2.814943338155539,5.6422669826063725,0.00773508538335966,4.587501675187182,0.0104013625317793,48.047587612427236,0.005724936555958233,20.890488891689518,0.00612027214180013,7.447880023268731,35.100459820941374,95.74689699320416
511.0504999994786,116.61807580174955,0,3.803722128912657,6.222146634936931,0.0082251726526487,4.928209496543099,0.010697506397585443,47.56797760221417,0.005701676116194222,20.626281792385605,0.006075027578303638,7.447880023268731,35.100459820941374,95.74689699320416
511.06049999947834,116.61807580174955,0,4.802180574347627,6.603173260995737,0.008541910556059615,5.0840771656343815,0.010826728051754317,47.10148881870303,0.005679027358093368,20.369136288407265,0.00603100266032934,7.447880023268731,35.100459820941374,95.74689699320416
511.0704999994781,116.61807580174955,0,5.800389643742231,6.796309429738216,0.008696157053213796,5.111733185995142,0.010842369608748462,46.646511212180805,0.005656969039829057,20.119002369233737,0.005988197004300604,7.447880023268731,35.100459820941374,95.74689699320416
511.08049999947787,116.61807580174955,1,6.788427744205053,6.834901752925438,0.008719382313322841,5.118803508877889,0.010842369608748462,46.20311590980478,0.005635480808093687,19.875772877563357,0.005946601775211186,7.447880023268731,35.100459820941374,95.74689699320416
511.09049999947763,116.61807580174955,1,7.756675584009768,6.842500448813249,0.008719382313322841,5.1264022047657,0.010842369608748462,45.7715832372936,0.005614537067879144,19.639605114842894,0.005906193784828012,7.447880023268731,35.100459820941374,95.74689699320416
511.1004999994774,116.61807580174955,1,8.696096110490291,6.852043275598604,0.008719382313322841,5.135934873755526,0.010842369608748462,45.35079619642513,0.005594112291509672,19.41072148721944,0.005866933993502294,7.447880023268731,35.100459820941374,95.74689699320416
511.11049999947716,116.61807580174955,1,9.598485993824486,6.864315151202642,0.008719382313322841,5.14819703421093,0.010842369608748462,44.94120622684922,0.0055741751504583045,19.189379016871342,0.005828766196579476,7.447880023268731,35.100459820941374,95.74689699320416
511.1204999994769,116.84518013631964,1,9.598485993824486,8.126598627597202,0.008719382313322841,6.029118335305601,0.010842369608748462,44.54370286501416,0.0055546860557057235,18.976348772574216,0.005791614796703452,7.447880023268731,35.100459820941374,95.74689699320416
511.1304999994767,116.84518013631964,1,9.598485993824486,12.761556318900606,0.008719382313322841,9.251244929922867,0.010842369608748462,44.15557301429496,0.005535650273968264,18.769271577160023,0.0057553848551041425,7.447880023268731,35.100459820941374,95.74689699320416
511.14049999947645,116.84518013631964,1,9.598485993824486,20.66624226011034,0.008719382313322841,14.742841020260695,0.010842369608748462,43.77647605018689,0.005517069400244802,18.566640475952898,0.005719973362394128,7.447880023268731,35.100459820941374,95.74689699320416
511.1504999994762,116.84518013631964,1,9.598485993824486,31.596063185751653,0.008719382313322841,21.89334739074828,0.010694484852462079,43.40660195345091,0.005498929143139618,19.244065218484742,0.005830807926660632,7.447880023268731,35.100459820941374,95.74689699320416
511.160499999476,116.84518013631964,1,9.598485993824486,45.108395391318595,0.008686571394976101,27.6125097119282,0.009961665176417138,43.59115012167766,0.0055002072317249275,23.228370392758258,0.006491087269791668,7.447880023268731,35.100459820941374,95.74689699320416
511.17049999947574,116.84518013631964,1,9.598485993824486,54.978718006939935,0.007902356573858425,31.74565644472745,0.009124982189626138,49.88633108455029,0.005776215918608939,27.486876874281435,0.007199166201956406,7.447880023268731,35.100459820941374,95.74689699320416
511.1804999994755,116.84518013631964,1,9.598485993824486,60.910061632745105,0.006920768165544022,34.6114040303576,0.00837279313668669,56.04480089494608,0.00607203278137887,30.940385080179595,0.007774892232595984,7.447880023268731,35.100459820941374,95.74689699320416
511.19049999947526,116.84518013631964,1,9.598485993824486,64.86984998019047,0.006071966989751353,36.47630303792237,0.007744217431579369,60.853863136835564,0.006307893014635494,33.44688432541285,0.008193260493467507,7.447880023268731,35.100459820941374,95.74689699320416
511.200499999475,116.84518013631964,1,9.598485993824486,67.59008918897271,0.005388583609171978,37.56783786487738,0.007234693808597064,64.37670702103321,0.006481984816588023,35.11441474955133,0.008471984890077543,7.447880023268731,35.100459820941374,95.74689699320416
511.2104999994748,116.84518013631964,1,9.598485993824486,69.40110225095937,0.004847679606468742,38.07495143616341,0.006827462762504199,66.85413148694713,0.006605087894552652,36.1076896220277,0.008638376818659256,7.447880023268731,35.100459820941374,95.74689699320416
511.22049999947455,116.84518013631964,1,9.598485993824486,70.51768609011874,0.004422304024140456,38.15195089152319,0.006504571715713595,68.50536513467702,0.006687798797486609,36.58190672414057,0.008718285630927716,7.447880023268731,35.100459820941374,95.74689699320416
511.2304999994743,116.84518013631964,1,9.598485993824486,71.0859077711527,0.004090003341798855,37.91185483699065,0.006250301679544366,69.5047189551558,0.006738617402832464,36.66543949071033,0.008733084425474663,7.447880023268731,35.100459820941374,95.74689699320416
511.2404999994741,116.84518013631964,1,9.598485993824486,71.20807785217104,0.003833424910574292,37.43666624537435,0.006051957215097178,69.98503177677026,0.006764038675483723,36.45841203031174,0.008699385578217722,7.447880023268731,35.100459820941374,95.74689699320416
511.25049999947385,116.84518013631964,1,9.598485993824486,70.9631930139437,0.003639958051549593,36.78776968215574,0.005899926891039469,70.04167579629376,0.006768826291461824,36.03423729084709,0.008629437158620249,7.447880023268731,35.100459820941374,95.74689699320416
511.2604999994736,116.84518013631964,1,9.598485993824486,70.39878043269435,0.0035008874292158164,36.003949117828526,0.005787241690789214,69.74189648935952,0.006756296640139831,35.44511584577538,0.008531936519486971,7.447880023268731,35.100459820941374,95.74689699320416
511.2704999994734,116.84518013631964,1,9.598485993824486,69.53922627362934,0.0034107906953131143,35.10835473150136,0.005709238125862927,69.12884523796353,0.006728581161928481,34.72610333620617,0.00841266908085382,7.447880023268731,35.100459820941374,95.74689699320416
511.28049999947314,116.84518013631964,1,9.598485993824486,68.38861978302951,0.0033674565853834123,34.10973035916781,0.005663441133466939,68.22035961641056,0.006686705996711759,33.896468311135735,0.008274868193950864,7.447880023268731,35.100459820941374,95.74689699320416
511.2904999994729,116.84518013631964,0,9.598485993824486,66.73292664558441,0.003363340411864846,33.000438634906715,0.005649473329083625,67.11160433105846,0.006634481891884363,32.961997510117904,0.008119511920991912,7.447880023268731,35.100459820941374,95.74689699320416
511.30049999947266,116.84518013631964,0,9.598485993824486,63.53087293517198,0.003363340411864846,31.374975101770296,0.005649473329083625,66.05541893948364,0.006583915793757659,32.03014428295412,0.007964502801626661,7.447880023268731,35.100459820941374,95.74689699320416
511.3104999994724,116.84518013631964,0,9.598485993824486,58.581753743821906,0.003363340411864846,28.861798318981158,0.005649473329083625,65.03565396845639,0.00653512269309776,31.175502951712996,0.007822291188634046,7.447880023268731,35.100459820941374,95.74689699320416
511.3204999994722,116.84518013631964,0,9.598485993824486,51.86668046309233,0.003363340411864846,25.451267500216275,0.005649473329083625,64.0506029665146,0.006487991449950089,30.38842387203148,0.007691289829953993,7.447880023268731,35.100459820941374,95.74689699320416
511.33049999947195,116.84518013631964,0,9.598485993824486,43.409376993038485,0.003363340411864846,21.155542502538818,0.005649473329083625,63.09917295009356,0.0064424246612691345,29.660899026230318,0.007570132926062423,7.447880023268731,35.100459820941374,95.74689699320416
511.3404999994717,116.84518013631964,0,9.598485993824486,33.266017035122275,0.003363340411864846,16.003116059844523,0.005649473329083625,62.178131977316355,0.006398344026486797,28.985649667017558,0.007457644342572428,7.447880023268731,35.100459820941374,95.74689699320416
511.3504999994715,116.84518013631964,0,9.598485993824486,21.542517365298327,0.003363340411864846,10.047760513140322,0.005649473329083625,61.28664915979626,0.00635567944135268,28.356491344108687,0.007352810098918703,7.447880023268731,35.100459820941374,95.74689699320416
511.36049999947124,116.84518013631964,0,9.598485993824486,8.387219772315182,0.003363340411864846,3.3788614897378206,0.005662403874843882,60.424227248716825,0.006314363311942212,27.768364848029684,0.007254755209259136,7.447880023268731,35.100459820941374,95.74689699320416
511.370499999471,116.84518013631964,0,0.0,1.2004715138651365,0.003859716368192866,0.4139208492957178,0.006583197050297574,59.5879757543424,0.006274343256738982,27.216297090260337,0.007162723978821225,7.447880023268731,35.100459820941374,95.74689699320416
511.38049999947077,116.84518013631964,0,0.0,1.8623330669218037,0.0044199052064780526,1.1348687719132418,0.007216223991964373,58.778254917551976,0.00623555006856139,26.697437483816785,0.007076062516649856,7.447880023268731,35.100459820941374,95.74689699320416
511.39049999947053,116.84518013631964,0,0.0,2.3199132838641114,0.004804850539008044,1.5194283271632698,0.007552943949233701,57.99480222127711,0.006197921911448708,26.20873458861457,0.006994201355511811,7.447880023268731,35.100459820941374,95.74689699320416
511.4004999994703,116.84518013631964,0,0.0,2.6461230867457814,0.005077344941511343,1.764064148238777,0.007766027365920977,57.234872230544575,0.006161420145789849,25.746564275202342,0.0069166385134362355,7.447880023268731,35.100459820941374,95.74689699320416
511.41049999947006,116.84518013631964,0,0.0,2.8874250632940437,0.005277467662676348,1.9459542324031998,0.007923598630968361,56.49793355011214,0.006126007493189772,25.307823276864248,0.006842928841155605,7.447880023268731,35.100459820941374,95.74689699320416
511.4204999994698,116.84518013631964,0,0.0,3.0737329522237986,0.005430812832273474,2.096156215345441,0.008053022644965121,55.78374507112118,0.006091643178154185,24.890094813357244,0.006772678454825489,7.447880023268731,35.100459820941374,95.74689699320416
511.4304999994696,116.84518013631964,0,0.0,3.22409824651977,0.005553732361501361,2.227450003555099,0.008165687733288325,55.089997174978386,0.00605829221288656,24.491001568323597,0.0067055404736218235,7.447880023268731,35.100459820941374,95.74689699320416
511.44049999946935,116.84518013631964,0,0.0,3.3506254079346474,0.005656681655835727,2.3453986901617285,0.00826666033215945,54.416476404964214,0.006025919133079224,24.10859007671788,0.006641210494263208,7.447880023268731,35.100459820941374,95.74689699320416
511.4504999994691,116.84518013631964,0,0.0,3.461272903018707,0.005746352704789451,2.4529405911445252,0.008358462014096084,53.76316374639665,0.005994485661136167,23.741408173210864,0.006579422301957686,7.447880023268731,35.100459820941374,95.74689699320416
511.4604999994689,116.84518013631964,0,0.0,3.561080274513153,0.0058270338805129235,2.551693123539163,0.008442554087168241,53.12799163663363,0.005963959573034856,23.38790771821481,0.006519943667051196,7.447880023268731,35.100459820941374,95.74689699320416
511.47049999946864,116.84518013631964,0,0.0,3.653187675091717,0.0059014790080174325,2.642665630055205,0.008519927711379138,52.510869659458116,0.005934308647856882,23.046828611954375,0.0064625720533502285,7.447880023268731,35.100459820941374,95.74689699320416
511.4804999994684,116.84518013631964,0,0.0,3.73980468221768,0.005971461727802658,2.7268304010193978,0.008591344431976951,51.911860324191885,0.005905498374067852,22.717288306813195,0.006407130932247774,7.447880023268731,35.100459820941374,95.74689699320416
511.49049999946817,116.84518013631964,0,0.0,3.822306954653254,0.006038128346218375,2.804897076639056,0.008657435362430617,51.32904765593663,0.005877500015424998,22.39824144090675,0.006353466470808604,7.447880023268731,35.100459820941374,95.74689699320416
511.50049999946793,116.84518013631964,0,0.0,3.9014863235356407,0.006102224176091343,2.877386648507286,0.00871874478157327,50.76240382490386,0.0058502848533189674,22.08885323467965,0.006301444313367646,7.447880023268731,35.100459820941374,95.74689699320416
511.5104999994677,116.84518013631964,0,0.0,3.9780330004643627,0.006164238014135555,2.9449495503175642,0.008775753109454453,50.21203449290459,0.005823822079864729,21.788589467109308,0.006250947000410564,7.447880023268731,35.100459820941374,95.74689699320416
511.52049999946746,116.84518013631964,0,0.0,4.05236002093803,0.00622449350476785,3.0080751622025015,0.008828888210514217,49.67615087767307,0.005798086229912207,21.49672109281363,0.006201871728485214,7.447880023268731,35.100459820941374,95.74689699320416
511.5304999994672,116.84518013631964,0,0.674579314250563,4.263024218926166,0.006421099602283049,3.258854421187802,0.009078008940173769,49.15496904071624,0.005773047442293072,21.212968587175304,0.006154128157191142,7.447880023268731,35.100459820941374,95.74689699320416
511.540499999467,116.84518013631964,0,1.6072192901205773,4.879894379927144,0.006967063240570692,3.9262160286151495,0.009693343580306296,48.64790513648486,0.005748695953642622,20.935943478734686,0.006107637889551407,7.447880023268731,35.100459820941374,95.74689699320416
511.55049999946675,116.84518013631964,0,2.570401351053232,5.606062455046805,0.007596596844382938,4.531115355701454,0.010238056635128426,48.153491010728665,0.005725011696792053,20.66532553406664,0.006062343894116046,7.447880023268731,35.100459820941374,95.74689699320416
511.5604999994665,116.84518013631964,0,3.5552361998170796,6.224126036094778,0.008126230986050439,4.9168827787535365,0.010581055160521054,47.672039932517606,0.005701966184497403,20.40131994859481,0.006018221317507332,7.447880023268731,35.100459820941374,95.74689699320416
511.5704999994663,116.84518013631964,0,4.552199322964894,6.648704647654901,0.00848626271485518,5.106660637226242,0.010746786402625075,47.2037897013531,0.005679531486599577,20.14421159402204,0.005975267326563885,7.447880023268731,35.100459820941374,95.74689699320416
511.58049999946604,116.84518013631964,0,5.5514062703830245,6.879508733588922,0.008678407439400546,5.151112779287826,0.010781958860169725,46.747262618595336,0.005657684899451504,19.894053650852058,0.005933484690053106,7.447880023268731,35.100459820941374,95.74689699320416
511.5904999994658,116.84518013631964,1,6.542905679310919,6.941498501060053,0.008725409414264109,5.152216346905501,0.010781958860169725,46.30255514944304,0.00563640426225846,19.65087167201767,0.005892870125482482,7.447880023268731,35.100459820941374,95.74689699320416
511.60049999946557,116.84518013631964,1,7.516975612988799,6.943139252800782,0.008725409414264109,5.15385709864623,0.010781958860169725,45.869777326826295,0.00561566666524541,19.41467376563212,0.005853406982931068,7.447880023268731,35.100459820941374,95.74689699320416
511.61049999946533,116.84518013631964,1,8.464408554977876,6.881212806951995,0.008725409414264109,5.091921095259388,0.010781958860169725,45.377896695549204,0.005595845093195522,19.115583966882507,0.005815062785994566,7.447880023268731,35.100459820941374,95.74689699320416
511.6204999994651,116.84518013631964,1,9.376771182917146,6.795227089228344,0.008725409414264109,5.005926278383438,0.010781958860169725,44.92551267622426,0.005578218215258016,18.80190789166003,0.0057777880918831286,7.447880023268731,35.100459820941374,95.74689699320416
511.63049999946486,117.07317073170755,1,9.598485993824486,7.337619487796373,0.008725409414264109,5.353655306193973,0.010781958860169725,44.47101749325869,0.005560581213806369,18.498382029933687,0.0057415144560154195,7.447880023268731,35.100459820941374,95.74689699320416
511.6404999994646,117.07317073170755,1,9.598485993824486,11.042413160420988,0.008725409414264109,7.876537995465556,0.010781958860169725,44.02948120905224,0.005543429778365362,18.203627395848798,0.005706153214233792,7.447880023268731,35.100459820941374,95.74689699320416
511.6504999994644,117.07317073170755,1,9.598485993824486,18.070005614918365,0.008725409414264109,12.684476277891063,0.010781958860169725,43.60026057593622,0.0055267603268545455,17.91599320758927,0.005671603417386636,7.447880023268731,35.100459820941374,95.74689699320416
511.66049999946415,117.07317073170755,1,9.598485993824486,28.200638902296806,0.008725409414264109,19.51933659697323,0.010734273446283537,43.18301522287972,0.005510560914858954,17.918760395956323,0.005685003204818263,7.447880023268731,35.100459820941374,95.74689699320416
511.6704999994639,117.07317073170755,1,9.598485993824486,41.11458699336228,0.008725409414264109,25.514517448263096,0.010098510423140722,42.77636007144562,0.005494814579384942,21.311487703095786,0.006261257104886505,7.447880023268731,35.100459820941374,95.74689699320416
511.6804999994637,117.07317073170755,1,9.598485993824486,52.53105646139508,0.008157766103736943,29.86625897957277,0.00926706227078063,47.75150080933537,0.005706913381438895,25.545176539561293,0.006978511467544258,7.447880023268731,35.100459820941374,95.74689699320416
511.69049999946344,117.07317073170755,1,9.598485993824486,59.1495001540702,0.00717309536286963,32.89562995630584,0.008495482223762039,54.117008831192294,0.006013376855367304,29.102644905698302,0.007585572135559866,7.447880023268731,35.100459820941374,95.74689699320416
511.7004999994632,117.07317073170755,1,9.598485993824486,63.465778352983335,0.006283837802794505,34.87571363072402,0.007843015809068514,59.23264822755399,0.0062676451271127375,31.72179186841194,0.008036736844044849,7.447880023268731,35.100459820941374,95.74689699320416
511.71049999946297,117.07317073170755,1,9.598485993824486,66.4173562620409,0.005561039497321018,36.040103775852096,0.007311349990097593,63.01598480048909,0.006458403208009588,33.476992476128885,0.008343818944687664,7.447880023268731,35.100459820941374,95.74689699320416
511.72049999946273,117.07317073170755,1,9.598485993824486,68.39469431285497,0.0049875617386503784,36.58537520544203,0.006885368766789709,65.69535478806395,0.006595332604992981,34.52628306447381,0.00853303922927618,7.447880023268731,35.100459820941374,95.74689699320416
511.7304999994625,117.07317073170755,1,9.598485993824486,69.63410468165516,0.004536080950773804,36.674245756813946,0.006547107881629493,67.4996711825272,0.006689385226289325,35.028502693523585,0.00863078403430333,7.447880023268731,35.100459820941374,95.74689699320416
511.74049999946226,117.07317073170755,1,9.598485993824486,70.29433692342512,0.0041828718949244986,36.42737318818135,0.0062803075616038396,68.61462436811644,0.0067495829988533105,35.11824420475062,0.008659397601588192,7.447880023268731,35.100459820941374,95.74689699320416
511.750499999462,117.07317073170755,1,9.598485993824486,70.48614743605745,0.003909354009171253,35.93214545764323,0.006071628604478644,69.18227037759736,0.006782898004083274,34.90093364803543,0.008636464361944929,7.447880023268731,35.100459820941374,95.74689699320416
511.7604999994618,117.07317073170755,1,9.598485993824486,70.29569760224912,0.0037018717588504163,35.255058454309065,0.005910854182640067,69.30621594610136,0.006794474469961952,34.455403790165356,0.008575076595176078,7.447880023268731,35.100459820941374,95.74689699320416
511.77049999946155,117.07317073170755,1,9.598485993824486,69.77651214538632,0.003550843989307681,34.43924626231718,0.005790476821577186,69.0603542104624,0.0067879371961131404,33.838464846660365,0.008484635625651047,7.447880023268731,35.100459820941374,95.74689699320416
511.7804999994613,117.07317073170755,1,9.598485993824486,68.9573043803201,0.0034501041879879076,33.51059289760196,0.005705338317430458,68.49278763798728,0.006765690796791192,33.088179332237054,0.008371527609435553,7.447880023268731,35.100459820941374,95.74689699320416
511.7904999994611,117.07317073170755,1,9.598485993824486,67.84782401870577,0.003396733114962076,32.48177767677627,0.005652475008124684,67.62688619640207,0.006729002406873731,32.22748119590778,0.008239530726932122,7.447880023268731,35.100459820941374,95.74689699320416
511.80049999946084,117.07317073170755,0,9.598485993824486,66.35798177495441,0.003387443891274078,31.34965093943961,0.005631061111847395,66.5119728932544,0.006679811185133692,31.265402756614893,0.008090082421407201,7.447880023268731,35.100459820941374,95.74689699320416
511.8104999994606,117.07317073170755,0,9.598485993824486,63.4791638071023,0.003387443891274078,29.871698314342858,0.005630632394675505,65.43096405053018,0.006630974832779549,30.265639898815767,0.007933967413599832,7.447880023268731,35.100459820941374,95.74689699320416
511.82049999946037,117.07317073170755,0,9.598485993824486,58.848618971608055,0.003387443891274078,27.538694691701686,0.005630632394675505,64.38866073462196,0.006583919736954113,29.34422048645722,0.007790507330679647,7.447880023268731,35.100459820941374,95.74689699320416
511.83049999946013,117.07317073170755,0,9.598485993824486,52.43786437465991,0.003387443891274078,24.320728798169032,0.005630632394675505,63.383164613545866,0.006538514212688075,28.494192969749605,0.007658501504622195,7.447880023268731,35.100459820941374,95.74689699320416
511.8404999994599,117.07317073170755,0,9.598485993824486,44.25992391183288,0.003387443891274078,20.224003968620398,0.005630632394675505,62.412702802934724,0.006494667574902645,27.70655415077856,0.0075365473553077635,7.447880023268731,35.100459820941374,95.74689699320416
511.85049999945966,117.07317073170755,0,9.598485993824486,34.3625091549683,0.003387443891274078,15.272392539480425,0.005630632394675505,61.47427000036665,0.006452291077096542,26.974190258899924,0.007423437386800234,7.447880023268731,35.100459820941374,95.74689699320416
511.8604999994594,117.07317073170755,0,9.598485993824486,22.84282441548659,0.003387443891274078,9.51442418715111,0.005630632394675505,60.567161958003055,0.006411304639231338,26.291134927824267,0.0073181308850882015,7.447880023268731,35.100459820941374,95.74689699320416
511.8704999994592,117.07317073170755,0,9.598485993824486,9.840041586479035,0.003387443891274078,3.019051994219314,0.005630632394675505,59.690217877922336,0.006371650630387003,25.651362836763806,0.007219730065847578,7.447880023268731,35.100459820941374,95.74689699320416
511.88049999945895,117.07317073170755,0,0.0,-0.925006250496418,0.00370835742769256,-1.7140652893783335,0.006431883100306925,58.840644969409084,0.006333269827783393,25.04994897754407,0.007127459777680143,7.447880023268731,35.100459820941374,95.74689699320416
511.8904999994587,117.07317073170755,0,0.0,-0.2543530878821141,0.004314487669251974,-0.8358026531315654,0.007243101092218433,58.01954003429198,0.006296080199434899,24.48494806711309,0.007040649705213703,7.447880023268731,35.100459820941374,95.74689699320416
511.9004999994585,117.07317073170755,0,0.0,0.19516971172652475,0.004728474993112574,-0.39916437883022304,0.007663324082293315,57.22651824788607,0.006260009103279292,23.95340339447304,0.0069587175310001255,7.447880023268731,35.100459820941374,95.74689699320416
511.91049999945824,117.07317073170755,0,0.0,0.5035288740876922,0.005019247308499015,-0.14262090265680616,0.007922221535633054,56.458787228844905,0.006225013779567561,23.45160048565484,0.006881151411539117,7.447880023268731,35.100459820941374,95.74689699320416
511.920499999458,117.07317073170755,0,0.0,0.7216858156409058,0.005230790502948724,0.03631362833943186,0.008110127454159365,55.71568899343617,0.006191055297705002,22.976330874562425,0.00680749772245782,7.447880023268731,35.100459820941374,95.74689699320416
511.93049999945777,117.07317073170755,0,0.0,0.8812157181499751,0.005391187550802063,0.17737989282204047,0.008263111127481564,54.99608178427765,0.006158111302140448,22.523881360398796,0.00673735479319895,7.447880023268731,35.100459820941374,95.74689699320416
511.94049999945753,117.07317073170755,0,0.0,1.0031863892966193,0.005518376651330173,0.2974550630314976,0.008396012605587951,54.297817857964034,0.006126142557251271,22.09200634356585,0.006670368530753328,7.447880023268731,35.100459820941374,95.74689699320416
511.9504999994573,117.07317073170755,0,0.0,1.1011816473311953,0.00562382430773392,0.40398595078518085,0.008515298614792988,53.62081604841392,0.006095107962060438,21.678997552824292,0.0066062279567534014,7.447880023268731,35.100459820941374,95.74689699320416
511.96049999945706,117.07317073170755,0,0.0,1.1829076368985785,0.005714867023537926,0.4995728577685572,0.008624085144926762,52.964330468870834,0.006064984698632698,21.282352165029813,0.006544660949564201,7.447880023268731,35.100459820941374,95.74689699320416
511.9704999994568,117.07317073170755,0,0.0,1.2542365630920882,0.0057962043115578074,0.5864998466668965,0.008724110079647835,52.32658581949476,0.006035733719557756,20.90085500374427,0.006485430035105077,7.447880023268731,35.100459820941374,95.74689699320416
511.9804999994566,117.07317073170755,0,0.0,1.3190337836389148,0.005870852179551369,0.6663548902804015,0.008816511599694425,51.70771304377129,0.006007315537536427,20.533624934531694,0.006428328086606936,7.447880023268731,35.100459820941374,95.74689699320416
511.99049999945635,117.07317073170755,0,0.0,1.3787381050983294,0.005940751416956441,0.7392420855065973,0.008902143212952853,51.107082054321715,0.0059797107169949175,20.178781332630454,0.006373174583924451,7.447880023268731,35.100459820941374,95.74689699320416
512.0004999994561,117.07317073170755,0,0.0,1.4352500989637145,0.006007155140817248,0.8063522750158825,0.00898170488975019,50.52310284089665,0.005952883111677317,19.83567235937631,0.006319812235829331,7.447880023268731,35.100459820941374,95.74689699320416
512.0104999994559,117.07317073170755,0,0.0,1.4898924672850011,0.006070876799148336,0.8687155509952627,0.009055796758299005,49.9559967119504,0.0059267964039962165,19.503885147560098,0.006268103719831261,7.447880023268731,35.100459820941374,95.74689699320416
512.0204999994556,117.07317073170755,0,0.0,1.5424305184800282,0.006132448581788543,0.9260554750889174,0.009124946766799601,49.405176534423006,0.005901435201893205,19.181887543563025,0.006217929034956257,7.446183271088684,35.2472255664822,95.15494484725282
512.0304999994554,117.07317073170755,0,0.0,1.5937257659792428,0.006192221995916583,0.9793315070906319,0.009189626510023238,48.86919135016548,0.0058767665271684906,18.869368740120706,0.006169183198549423,7.446183271088684,35.2472255664822,95.15494484725282
512.0404999994552,117.07317073170755,0,0.5378260239643384,1.7306066468945787,0.006339135512047723,1.1620616084647502,0.009393102065063571,48.34892349755579,0.005852745018917349,18.56704465611422,0.00612177401862787,7.446183271088684,35.2472255664822,95.15494484725282
512.0504999994549,117.07317073170755,0,1.4651694662658632,2.278891821201344,0.006846064783288345,1.8369900396056469,0.01003922248218346,47.84164432774635,0.0058293996021117084,18.270656421279046,0.006075621027517639,7.446183271088684,35.2472255664822,95.15494484725282
512.0604999994547,117.07317073170755,0,2.424317993400163,2.9801199953387973,0.007474249515829317,2.4994480117721602,0.010656959272644349,47.346450812084285,0.005806712960660846,17.980240468895364,0.0060306628696096525,7.446183271088684,35.2472255664822,95.15494484725282
512.0704999994545,117.07317073170755,0,3.406499578208817,3.5980855143111583,0.0080226778223578,2.932775602274633,0.011061783760881039,46.86442807258458,0.00578463826083484,17.697160387616897,0.005986869800645757,7.446183271088684,35.2472255664822,95.15494484725282
512.0804999994542,117.07317073170755,0,4.402268056085009,4.029636285798801,0.008406986882120856,3.1466429407741083,0.011267803256109828,46.39534925608362,0.005763156836421703,17.421066102084293,0.0059442363962644695,7.446183271088684,35.2472255664822,95.15494484725282
512.090499999454,117.07317073170755,0,5.401774561386472,4.266160520582669,0.008621496718716353,3.195714251367346,0.011324205406693546,45.93825160464007,0.005742234555301868,17.152697191375,0.0059027648938569845,7.446183271088684,35.2472255664822,95.15494484725282
512.1004999994537,117.07317073170755,0,6.395058790734988,4.331507265842327,0.008686642727387396,3.17816876357878,0.011324205406693546,45.49360849222881,0.005721838316010545,16.89272396449246,0.005862453210555117,7.446183271088684,35.2472255664822,95.15494484725282
512.1104999994535,117.07317073170755,1,7.372345784925995,4.3148270925670245,0.008686642727387396,3.1614885903034775,0.011324205406693546,45.0607570382694,0.005701961783319079,16.64008653355122,0.005823286951436456,7.446183271088684,35.2472255664822,95.15494484725282
512.1204999994533,117.07317073170755,1,8.324333539827757,4.438310953437737,0.008686642727387396,3.2849675042934807,0.011324205406693546,44.745353115576826,0.005680553501382334,16.541082684529407,0.005785236215205556,7.446183271088684,35.2472255664822,95.15494484725282
512.130499999453,117.07317073170755,1,9.242457389857302,4.584848594634123,0.008686642727387396,3.431500508683709,0.011324205406693546,44.43390694750857,0.005658877479374227,16.46098673056028,0.005748254426208556,7.446183271088684,35.2472255664822,95.15494484725282
512.1404999994528,117.30205278592396,1,9.598485993824486,5.073957817257562,0.008686642727387396,3.8319548611288257,0.011324205406693546,44.12472629337004,0.005637664336498439,16.37900459882059,0.005712276364968865,7.446183271088684,35.2472255664822,95.15494484725282
512.1504999994526,117.30205278592396,1,9.598485993824486,8.465518021544,0.008686642727387396,6.396109871590253,0.011324205406693546,43.81695751851424,0.005616882464716559,16.29541915220254,0.005677216496208165,7.446183271088684,35.2472255664822,95.15494484725282
512.1604999994523,117.30205278592396,1,9.598485993824486,15.179410217809881,0.008686642727387396,11.436688694624028,0.011324205406693546,43.51001121967056,0.005596566276091183,16.207864759412313,0.005642974970672988,7.446183271088684,35.2472255664822,95.15494484725282
512.1704999994521,117.30205278592396,1,9.598485993824486,25.012238319075827,0.008686642727387396,18.617535453641146,0.011245626323567019,43.20457939095224,0.005576712256833764,16.5836479060129,0.005687111926658735,7.446183271088684,35.2472255664822,95.15494484725282
512.1804999994519,117.30205278592396,1,9.598485993824486,37.65992802500198,0.008686642727387396,25.023906247321953,0.010544602190220017,42.90022603683421,0.005557311213332074,20.51916571792239,0.006323916968953443,7.446183271088684,35.2472255664822,95.15494484725282
512.1904999994516,117.30205278592396,1,9.598485993824486,50.505630028881214,0.008333481813373006,29.87772339473224,0.009652146281191959,46.28573275697762,0.005689445146026362,25.23716493205712,0.007093503757497935,7.446183271088684,35.2472255664822,95.15494484725282
512.2004999994514,117.30205278592396,1,9.598485993824486,57.9887154216764,0.007369927218777949,33.33440610369394,0.008819304836555667,52.86493220186669,0.005994552482066291,29.236928958050036,0.0077496033310920295,7.446183271088684,35.2472255664822,95.15494484725282
512.2104999994511,117.30205278592396,1,9.598485993824486,62.74555835592907,0.006449958013439022,35.65415292079694,0.008111757001609285,58.34114729658785,0.006258796113872999,32.237325329393535,0.008240750332071738,7.446183271088684,35.2472255664822,95.15494484725282
512.2204999994509,117.30205278592396,1,9.598485993824486,66.00103141591687,0.00569455321537949,37.084278660532725,0.0075340008745140435,62.44806418577211,0.0064585689771328066,34.305622442403106,0.00857687815227804,7.446183271088684,35.2472255664822,95.15494484725282
512.2304999994507,117.30205278592396,1,9.598485993824486,68.21940524982222,0.005093876632401691,37.83771296867371,0.007070790866122125,65.3976284944349,0.006602113468258064,35.60639425719329,0.008785230109672394,7.446183271088684,35.2472255664822,95.15494484725282
512.2404999994504,117.30205278592396,1,9.598485993824486,69.6585146603329,0.004620523050951295,38.09171762752112,0.00670291329310179,67.42618812682018,0.00670067217708586,36.30949656627661,0.008894160223690311,7.446183271088684,35.2472255664822,95.15494484725282
512.2504999994502,117.30205278592396,1,9.598485993824486,70.48702260434877,0.004249716370780508,37.977787264332854,0.006412662184976891,68.72833508314679,0.00676372904945777,36.560589995759464,0.008927982454619312,7.446183271088684,35.2472255664822,95.15494484725282
512.26049999945,117.30205278592396,1,9.598485993824486,70.82314821377462,0.003961838043934806,37.59210182468686,0.006185387700636729,69.45461007994295,0.006798658187699095,36.475444651820105,0.008905948073075296,7.446183271088684,35.2472255664822,95.15494484725282
512.2704999994497,117.30205278592396,1,9.598485993824486,70.75925086916142,0.0037423777170816942,37.00773051216207,0.006009813762791544,69.7152322240855,0.00681093986645066,36.14016854916503,0.008842435101448266,7.446183271088684,35.2472255664822,95.15494484725282
512.2804999994495,117.30205278592396,1,9.598485993824486,70.35300364118363,0.0035810496156370936,36.272003533568004,0.005877597235797663,69.58907873484083,0.006804470573643967,35.61691223687802,0.008747810838740133,7.446183271088684,35.2472255664822,95.15494484725282
512.2904999994493,117.30205278592396,1,9.598485993824486,69.63757539269064,0.003471075001347688,35.41471401376441,0.005782916960038622,69.12929560826468,0.006781871776015758,34.94876814712707,0.008629186099043994,7.446183271088684,35.2472255664822,95.15494484725282
512.300499999449,117.30205278592396,1,9.598485993824486,68.62704844499069,0.003408984328501039,34.4511214233404,0.005722290893155706,68.36340250409359,0.006744618467933024,34.16151331199594,0.008490871076506154,7.446183271088684,35.2472255664822,95.15494484725282
512.3104999994488,117.30205278592396,0,9.598485993824486,67.29227202442519,0.003393518551357852,33.379707936048135,0.005694464241055829,67.31306611307232,0.006693628017983106,33.266240192734934,0.008334711714225162,7.446183271088684,35.2472255664822,95.15494484725282
512.3204999994485,117.30205278592396,0,9.598485993824486,64.74997559875064,0.003393518551357852,32.03854429420808,0.005692627814583084,66.26227751278363,0.006641265378319847,32.30608014866523,0.00816792095885896,7.446183271088684,35.2472255664822,95.15494484725282
512.3304999994483,117.30205278592396,0,9.598485993824486,60.45356867665533,0.003393518551357852,29.845070581885164,0.005692627814583084,65.24861940647523,0.006590773243596707,31.41915168413967,0.008013580894283799,7.446183271088684,35.2472255664822,95.15494484725282
512.3404999994481,117.30205278592396,0,9.598485993824486,54.368494157137114,0.003393518551357852,26.728600976425447,0.005692627814583084,64.26879368580124,0.006541991305717838,30.60576945775727,0.007871752179570871,7.446183271088684,35.2472255664822,95.15494484725282
512.3504999994478,117.30205278592396,0,9.598485993824486,46.503200882940774,0.003393518551357852,22.693715929294562,0.005692627814583084,63.32166994252391,0.006494814496684024,29.857125993108063,0.007740896465345837,7.446183271088684,35.2472255664822,95.15494484725282
512.3604999994476,117.30205278592396,0,9.598485993824486,36.89938208093049,0.003393518551357852,17.761876094747556,0.005692627814583084,62.40424149616995,0.006449161470365887,29.16509383385332,0.007619689435100371,7.446183271088684,35.2472255664822,95.15494484725282
512.3704999994474,117.30205278592396,0,9.598485993824486,25.6485166019867,0.003393518551357852,11.980195382554838,0.005692627814583084,61.5155190250614,0.006404960534333613,28.52271780931178,0.007506989785938186,7.446183271088684,35.2472255664822,95.15494484725282
512.3804999994471,117.30205278592396,0,9.598485993824486,12.8859688816226,0.003393518551357852,5.418663081590573,0.005692627814583084,60.65503754173107,0.006362139723837659,27.92451417770531,0.007401813042320316,7.446183271088684,35.2472255664822,95.15494484725282
512.3904999994469,117.30205278592396,0,0.0,0.21486716301495568,0.003610179559347029,-0.643303778645568,0.006267570079971315,59.82009075474414,0.0063206458199329876,27.36491712787526,0.007303309266742613,7.446183271088684,35.2472255664822,95.15494484725282
512.4004999994467,117.30205278592396,0,0.0,0.9950729378725733,0.004245873467449644,0.36590533099170797,0.007127062679384543,59.01083018821176,0.0062804184509039265,26.84029073959082,0.007210743626123341,7.446183271088684,35.2472255664822,95.15494484725282
512.4104999994464,117.30205278592396,0,0.0,1.5389551724681052,0.004679059377626851,0.8851445954229278,0.007555964702053837,58.22777862965673,0.006241370529240223,26.348598804302753,0.007123478572359442,7.446183271088684,35.2472255664822,95.15494484725282
512.4204999994462,117.30205278592396,0,0.0,1.9305729334566526,0.004982454405537874,1.2034199022127212,0.00780825332457387,57.46813789295729,0.0062034668535846434,25.885539955686077,0.007040955170997874,7.446183271088684,35.2472255664822,95.15494484725282
512.4304999994459,117.30205278592396,0,0.0,2.223366113079889,0.005202453661295858,1.43367498564775,0.007983708331166767,56.7309991227863,0.006166676435053915,25.447316090759923,0.006962679032473147,7.446183271088684,35.2472255664822,95.15494484725282
512.4404999994457,117.30205278592396,0,0.0,2.451980825251445,0.005368672354224422,1.621142151562517,0.008122091044809897,56.01604462087068,0.006130959045362027,25.03126176690188,0.006888212793318221,7.446183271088684,35.2472255664822,95.15494484725282
512.4504999994455,117.30205278592396,0,0.0,2.6382784864562416,0.0055000227541948995,1.784010586746986,0.008239698258523557,55.321087617997634,0.006096283187383866,24.63460355972944,0.00681717099566494,7.446183271088684,35.2472255664822,95.15494484725282
512.4604999994452,117.30205278592396,0,0.0,2.796169935005777,0.005608590145873168,1.9299946972200197,0.008343583205611509,54.645738934985474,0.006062615937378056,24.255059447280406,0.006749215102803531,7.446183271088684,35.2472255664822,95.15494484725282
512.470499999445,117.30205278592396,0,0.0,2.9350786956337216,0.005702103620092326,2.0632286535284794,0.008437106805884139,53.99005059930645,0.006029916162311958,23.891225031391446,0.0066840487867779064,7.446183271088684,35.2472255664822,95.15494484725282
512.4804999994448,117.30205278592396,0,0.0,3.06074332823173,0.005785511141471765,2.1856903867113737,0.00852211347282202,53.35214172171304,0.005998153140919343,23.541343646363508,0.006621413314147468,7.446183271088684,35.2472255664822,95.15494484725282
512.4904999994445,117.30205278592396,0,0.0,3.1767494400931255,0.005861985542685514,2.2985613048271576,0.008599792447054335,52.731784802319105,0.005967296031309949,23.203951552169144,0.006561082894824041,7.446183271088684,35.2472255664822,95.15494484725282
512.5004999994443,117.30205278592396,0,0.0,3.2859006591013853,0.0059335661469264835,2.4032256417856908,0.00867102479526927,52.12913484027186,0.00593730665608509,22.878307800843917,0.006502860611201949,7.446183271088684,35.2472255664822,95.15494484725282
512.510499999444,117.30205278592396,0,0.0,3.3896968455710965,0.006001567392550151,2.5004160373748103,0.008736524780739156,51.54245215388464,0.005908157499309883,22.56321389212895,0.006446574747358399,7.446183271088684,35.2472255664822,95.15494484725282
512.5204999994438,117.30205278592396,0,0.0,3.4890026880140264,0.006066840561154502,2.590670663343258,0.008796901457128019,50.97156859779532,0.005879821085529143,22.25767307282102,0.0063920752835080405,7.446183271088684,35.2472255664822,95.15494484725282
512.5304999994436,117.30205278592396,0,0.0,3.584865411399846,0.006129940793797086,2.6749754862306525,0.008852688839638327,50.416679828903675,0.005852262772098039,21.961330688374225,0.00633923101996281,7.446183271088684,35.2472255664822,95.15494484725282
512.5404999994433,117.30205278592396,0,0.0,3.6776603108714934,0.006191232975647981,2.753788151237326,0.008904360190922736,49.876154623505606,0.005825458333307778,21.673327421486647,0.006287927074952718,7.446183271088684,35.2472255664822,95.15494484725282
512.5504999994431,117.30205278592396,0,0.447152577874474,3.824891081114615,0.006312656492772745,2.912001475725002,0.00904738571949933,49.35014977504752,0.005799378571207439,21.393333223789092,0.006238062495813223,7.446183271088684,35.2472255664822,95.15494484725282
512.5604999994429,117.30205278592396,0,1.3708663436648025,4.379574721155439,0.006794127375604807,3.5510229522168895,0.009628718079450541,48.8380081001767,0.005774007283150985,21.120078018065087,0.006189548819629749,7.446183271088684,35.2472255664822,95.15494484725282
512.5704999994426,117.30205278592396,0,2.327215784887949,5.118274723265152,0.0074238229347833315,4.222020755933221,0.010221910446440436,48.33829214514341,0.005749334018309828,20.852787757796648,0.006142316065938024,7.446183271088684,35.2472255664822,95.15494484725282
512.5804999994424,117.30205278592396,0,3.3075100568724776,5.7886975701468675,0.007987639417809259,4.683676297580693,0.010620998953076152,47.851255998835875,0.005725329955057088,20.591629024562344,0.00609632608250856,7.446183271088684,35.2472255664822,95.15494484725282
512.5904999994422,117.30205278592396,0,4.302358639469016,6.276771588596828,0.008391092602409835,4.933526609761218,0.010828622572722955,47.377302102098824,0.00570196102323478,20.337216722089476,0.006051567784158876,7.446183271088684,35.2472255664822,95.15494484725282
512.6004999994419,117.30205278592396,0,5.301940048272467,6.567279864417603,0.008623637978391748,5.022177414048199,0.010890954183288682,46.915111900345465,0.005679204986246734,20.08955300994258,0.006008040058141121,7.446183271088684,35.2472255664822,95.15494484725282
512.6104999994417,117.30205278592396,0,6.296291744053338,6.682049498853706,0.008704700493956791,5.035931322913422,0.010891058755112001,46.46464992599319,0.005657040270227147,19.848600432506057,0.005965738353888219,7.446183271088684,35.2472255664822,95.15494484725282
512.6204999994414,117.30205278592396,1,7.275607025531121,6.696949551695343,0.008705183618381896,5.049417586830122,0.010891058755112001,46.026139776334546,0.005635439404954358,19.614658967076387,0.005924646087090727,7.446183271088684,35.2472255664822,95.15494484725282
512.6304999994412,117.30205278592396,1,8.23052420819867,6.711258246290727,0.008705183618381896,5.063720083278573,0.010891058755112001,45.598327954957014,0.005614384063482088,19.387472585484733,0.00588473135497616,7.446183271088684,35.2472255664822,95.15494484725282
512.640499999441,117.30205278592396,1,9.15239392471444,6.727818769295331,0.008705183618381896,5.080274805834788,0.010891058755112001,45.181813638923494,0.005593839693066954,19.16766595361394,0.005845945951176577,7.446183271088684,35.2472255664822,95.15494484725282
512.6504999994407,117.41682974559707,1,9.598485993824486,6.959771228500759,0.008705183618381896,5.2487056515236885,0.010891058755112001,44.77737449002108,0.005573766597326085,18.956071807028845,0.0058082235833506815,7.446183271088684,35.2472255664822,95.15494484725282
512.6604999994405,117.41682974559707,1,9.598485993824486,9.90934015613287,0.008705183618381896,7.320812452857687,0.010891058755112001,44.38330547861773,0.005554146226724886,18.75166147564946,0.005771477897658795,7.446183271088684,35.2472255664822,95.15494484725282
512.6704999994403,117.41682974559707,1,9.598485993824486,16.215434807190523,0.008705183618381896,11.743386512708266,0.010891058755112001,43.99853246607855,0.005534992416804397,18.552073174020553,0.0057356071423441835,7.446183271088684,35.2472255664822,95.15494484725282
512.68049999944,117.41682974559707,1,9.598485993824486,25.684076253299843,0.008705183618381896,18.380543729994862,0.010890928699642975,43.62301081123489,0.005516294050662573,18.35731324008208,0.005700639899581143,7.446183271088684,35.2472255664822,95.15494484725282
512.6904999994398,117.41682974559707,1,9.598485993824486,38.01928084883124,0.008705183618381896,25.058918183637864,0.01039199108224961,43.25552594512524,0.005498042719179704,21.073736698212144,0.006149424723422044,7.446183271088684,35.2472255664822,95.15494484725282
512.7004999994396,117.41682974559707,1,9.598485993824486,50.71630844965386,0.008358741267791467,29.949357634647363,0.009557240027590922,46.52789079143315,0.005628706222947291,25.490024328324107,0.006881591406136838,7.446183271088684,35.2472255664822,95.15494484725282
512.7104999994393,117.41682974559707,1,9.598485993824486,58.24551958398104,0.007394529474088502,33.41888155102363,0.00874797334509099,53.091486105870956,0.005935519967693458,29.41277774238202,0.007534486204720489,7.446183271088684,35.2472255664822,95.15494484725282
512.7204999994391,117.41682974559707,1,9.598485993824486,63.042725137002485,0.0064666836052488874,35.756106565458126,0.008053472375935955,58.5908670519233,0.006203416148322812,32.395631762134215,0.008031674649951637,7.446183271088684,35.2472255664822,95.15494484725282
512.7304999994388,117.41682974559707,1,9.598485993824486,66.3147891706453,0.005702682324822354,37.20626913765672,0.007484030226454784,62.71839289587441,0.006406824857633228,34.46567836069156,0.008376978451413412,7.446183271088684,35.2472255664822,95.15494484725282
512.7404999994386,117.41682974559707,1,9.598485993824486,68.53562923964748,0.005094720537655417,37.97945754834461,0.007026498057057074,65.67797939484605,0.006553483473973908,35.774858928977494,0.008595515889451342,7.446183271088684,35.2472255664822,95.15494484725282
512.7504999994384,117.41682974559707,1,9.598485993824486,69.96858487315404,0.0046155336598063664,38.25094573878996,0.006662641564212298,67.70734568154813,0.006654647807231588,36.487996062210215,0.008714737068714038,7.446183271088684,35.2472255664822,95.15494484725282
512.7604999994381,117.41682974559707,1,9.598485993824486,70.78627311320925,0.004240039337172375,38.15196742206769,0.006375263016964983,69.0040287608446,0.006719925431584184,36.74869589228441,0.008758562197931079,7.446183271088684,35.2472255664822,95.15494484725282
512.7704999994379,117.41682974559707,1,9.598485993824486,71.11008480773953,0.003948280928522283,37.779152241032115,0.006149997802065222,69.72122894409145,0.0067568116253675335,36.67194913734317,0.008746081575929586,7.446183271088684,35.2472255664822,95.15494484725282
512.7804999994377,117.41682974559707,1,9.598485993824486,71.03379413577973,0.0037254343811172768,37.205639063848324,0.005975716887922286,69.97142255288493,0.006770891525708456,36.34378272225406,0.0086916464241546,7.446183271088684,35.2472255664822,95.15494484725282
512.7904999994374,117.41682974559707,1,9.598485993824486,70.61692959304125,0.00356093862301044,36.479488647037535,0.005844145858837347,69.83536716448657,0.006766153834197928,35.82663259668671,0.008605665545942593,7.446183271088684,35.2472255664822,95.15494484725282
512.8004999994372,117.41682974559707,1,9.598485993824486,69.8944562292875,0.0034477694171206026,35.631327858372934,0.005749477959586369,69.3677853539886,0.006745301579112814,35.16401509448208,0.008495331980669105,7.446183271088684,35.2472255664822,95.15494484725282
512.810499999437,117.41682974559707,1,9.598485993824486,68.88206570053605,0.003382197564035948,34.67733314470304,0.0056881843232164464,68.5979666789916,0.006709892994598554,34.38242641184502,0.008365083522885479,7.446183271088684,35.2472255664822,95.15494484725282
512.8204999994367,117.41682974559707,0,9.598485993824486,67.56605500192859,0.003363371311657698,33.617502100924156,0.005658898569863752,67.53904909250707,0.006660559395479876,33.49395194425787,0.008216940455678518,7.446183271088684,35.2472255664822,95.15494484725282
512.8304999994365,117.41682974559707,0,9.598485993824486,65.16527361248403,0.003363371311657698,32.323830940667776,0.00565629419517584,66.46078941361085,0.006608803574609603,32.53352535700669,0.008056717252597514,7.446183271088684,35.2472255664822,95.15494484725282
512.8404999994362,117.41682974559707,0,9.598485993824486,61.03582922801199,0.003363371311657698,30.219842547035153,0.00565629419517584,65.42341403156165,0.0065589824020584895,31.64011254190856,0.00790761157438142,7.446183271088684,35.2472255664822,95.15494484725282
512.850499999436,117.41682974559707,0,9.598485993824486,55.13979647536625,0.003363371311657698,27.214422304867988,0.00565629419517584,64.42185480753557,0.006510883155734321,30.819061258241476,0.007770532025950228,7.446183271088684,35.2472255664822,95.15494484725282
512.8604999994358,117.41682974559707,0,9.598485993824486,47.48112156741349,0.003363371311657698,23.309706088823667,0.00565629419517584,63.454700502630686,0.006464399831376576,30.061712448993084,0.0076440005054422035,7.446183271088684,35.2472255664822,95.15494484725282
512.8704999994355,117.41682974559707,0,9.598485993824486,38.098426636287606,0.003363371311657698,18.525344334851045,0.00565629419517584,62.5189283393464,0.006419448068823751,29.360212151203953,0.007526744737691887,7.446183271088684,35.2472255664822,95.15494484725282
512.8804999994353,117.41682974559707,0,9.598485993824486,27.078126554690666,0.003363371311657698,12.905375316096828,0.00565629419517584,61.61343033621914,0.006375953376202738,28.707858722648396,0.007417668424479808,7.446183271088684,35.2472255664822,95.15494484725282
512.8904999994351,117.41682974559707,0,9.598485993824486,14.549488469180226,0.003363371311657698,6.515862087596446,0.00565629419517584,60.73749515309779,0.006333844144719265,28.099193227120825,0.007315826040123633,7.446183271088684,35.2472255664822,95.15494484725282
512.9004999994348,117.41682974559707,0,9.598485993824486,0.808190183714836,0.0035205889440065616,-0.148078606749817,0.006096428558905087,59.88855882604991,0.006293062942467433,27.528995502281788,0.007220401377158018,7.446183271088684,35.2472255664822,95.15494484725282
512.9104999994346,117.41682974559707,0,0.0,1.5642388286717641,0.0041906256954908185,0.8421961707181675,0.006983190030528574,59.0662407060899,0.006253552590354565,26.99327097694696,0.007130688872739039,7.446183271088684,35.2472255664822,95.15494484725282
512.9204999994344,117.41682974559707,0,0.0,2.1061803597833606,0.004645918665812108,1.3451312155994115,0.007422233893722588,58.27074045820277,0.006215235794691301,26.489629715802344,0.007046076621522726,7.446183271088684,35.2472255664822,95.15494484725282
512.9304999994341,117.41682974559707,0,0.0,2.4873766713196965,0.004963591085255398,1.6406310671478894,0.007678407070520698,57.499559491269025,0.006178069905539193,26.01428056237109,0.006966028246766488,7.446183271088684,35.2472255664822,95.15494484725282
512.9404999994339,117.41682974559707,0,0.0,2.7648775302209665,0.005192845727841541,1.8467088807309406,0.00785563933624456,56.75191542188905,0.006142017265853541,25.5638477012154,0.00689006881755673,7.446183271088684,35.2472255664822,95.15494484725282
512.9504999994336,117.41682974559707,0,0.0,2.9753813022288345,0.005365088572838413,2.010336929435266,0.00799525499755973,56.02736543489772,0.006107036494222861,25.135705715694435,0.006817777553978223,7.446183271088684,35.2472255664822,95.15494484725282
512.9604999994334,117.41682974559707,0,0.0,3.142205090068637,0.005500375098722436,2.1504676389367074,0.008114118981293056,55.32383402121024,0.006073092306484219,24.727282862754763,0.006748783141952111,7.446183271088684,35.2472255664822,95.15494484725282
512.9704999994332,117.41682974559707,0,0.0,3.2801993936969027,0.00561152114993555,2.2751116654592978,0.008219471106942496,54.64091170601565,0.0060401489543202526,24.33644547365983,0.00668275920362154,7.446183271088684,35.2472255664822,95.15494484725282
512.9804999994329,117.41682974559707,0,0.0,3.399120298181994,0.005706723349365381,2.3882358906336374,0.008314714053289613,53.9784296520004,0.00600816712342935,23.961631671500545,0.006619419946659226,7.446183271088684,35.2472255664822,95.15494484725282
512.9904999994327,117.41682974559707,0,0.0,3.505093658019952,0.005791229563157319,2.4918413607112546,0.008401681180560875,53.33457527513719,0.005977113921996419,23.601182492047,0.006558515831778555,7.446183271088684,35.2472255664822,95.15494484725282
513.0004999994325,117.41682974559707,0,0.0,3.601977979828144,0.005868405552865993,2.587124624241485,0.008481532913509686,52.70909009629711,0.00594695662388392,23.253725274194476,0.006499829159591948,7.446183271088684,35.2472255664822,95.15494484725282
513.0104999994322,117.41682974559707,0,0.0,3.6924840396303686,0.005940415273654486,2.675194568820496,0.008555117165135332,52.10190452234478,0.0059176596029631955,22.918320096170618,0.00644317017050618,7.446183271088684,35.2472255664822,95.15494484725282
513.020499999432,117.41682974559707,0,0.0,3.7782459908653943,0.006008654239058093,2.756787197819155,0.00862311626030937,51.511354531188985,0.005889193445590036,22.593853834284715,0.006388373506701199,7.444593251461002,35.385312193540436,94.56622658711501
513.0304999994318,117.41682974559707,0,0.0,3.860245911902297,0.0060740269006014135,2.832463765913664,0.008686109968350652,50.937255309512615,0.00586152896177835,22.27941531753462,0.006335294830860438,7.444593251461002,35.385312193540436,94.56622658711501
513.0404999994315,117.41682974559707,0,0.0,3.9393365600751924,0.006137123665814833,2.9029457375972862,0.008744605995148088,50.37958805094815,0.005834634298671523,21.974441956424855,0.006283808036825381,7.444593251461002,35.385312193540436,94.56622658711501
513.0504999994313,117.41682974559707,0,0.0,4.015973053531694,0.006198333253777899,2.9687170069769984,0.008799054701435808,49.83680801615073,0.00580848338855426,21.678161775653273,0.0062338028174224215,7.444593251461002,35.385312193540436,94.56622658711501
513.060499999431,117.41682974559707,0,0.447152577874474,4.147708105392832,0.006319657603495149,3.1129688671388926,0.008943013372697154,49.30900609453979,0.005783046569278713,21.390245928669984,0.00618518235064826,7.444593251461002,35.385312193540436,94.56622658711501
513.0704999994308,117.41682974559707,0,1.3708663436648025,4.687831397560316,0.006801219607995183,3.7279514470292745,0.009515414546799422,48.79551938168394,0.005758307445104971,21.10946969425332,0.00613786191011869,7.444593251461002,35.385312193540436,94.56622658711501
513.0804999994306,117.41682974559707,0,2.327215784887949,5.412907793948783,0.00743108032671201,4.373955523575633,0.010098479505488506,48.29499477059491,0.005734251872964539,20.835186389896016,0.006091774908851537,7.444593251461002,35.385312193540436,94.56622658711501
513.0904999994303,117.41682974559707,0,3.3075100568724776,6.070550645725148,0.007995134496679168,4.8151881214621355,0.010491045451184056,47.807601996631064,0.00571085129385592,20.567521348463973,0.0060468862820882135,7.444593251461002,35.385312193540436,94.56622658711501
513.1004999994301,117.41682974559707,0,4.302358639469016,6.546143079939999,0.008398690738566443,5.0492134118274095,0.010695927864386808,47.33350604621597,0.0056880759582518875,20.306807851852426,0.006003187622297814,7.444593251461002,35.385312193540436,94.56622658711501
513.1104999994299,117.41682974559707,0,5.301940048272467,6.824214513760639,0.008630982255757758,5.12568582577974,0.010758369208623107,46.871459421197606,0.005665902647115182,20.053093814946212,0.005960680141491856,7.444593251461002,35.385312193540436,94.56622658711501
513.1204999994296,117.41682974559707,0,6.296291744053338,6.926803671617588,0.008711563020500648,5.127870900606911,0.010758508831404357,46.42143528489717,0.005644308634189672,19.806415575473697,0.005919361542813443,7.444593251461002,35.385312193540436,94.56622658711501
513.1304999994294,117.41682974559707,1,7.275607025531121,6.9302890324223325,0.008711989567317384,5.130039337277361,0.010758508831404357,45.983468281410815,0.005623269797069307,19.566857162933406,0.005879217459513308,7.444593251461002,35.385312193540436,94.56622658711501
513.1404999994292,117.41682974559707,1,8.23052420819867,6.9337440120502345,0.008711989567317384,5.13348819662736,0.010758508831404357,45.55642058732745,0.005602765572332531,19.33428124390918,0.005840218062400563,7.444593251461002,35.385312193540436,94.56622658711501
513.1504999994289,117.41682974559707,1,9.15239392471444,6.939710552750983,0.008711989567317384,5.139449051923609,0.010758508831404357,45.140758783675125,0.005582763346127455,19.109180665201766,0.00580231703772131,7.444593251461002,35.385312193540436,94.56622658711501
513.1604999994287,117.64705882352959,1,9.598485993824486,7.161306349661209,0.008711989567317384,5.29443051872446,0.010758508831404357,44.73696684473286,0.005563229690270171,18.89200316461757,0.005765449794773177,7.444593251461002,35.385312193540436,94.56622658711501
513.1704999994284,117.64705882352959,1,9.598485993824486,10.105130694647768,0.008711989567317384,7.318080344518361,0.010758508831404357,44.34356994542447,0.005544144560850688,18.681924359457298,0.005729531505020797,7.444593251461002,35.385312193540436,94.56622658711501
513.1804999994282,117.64705882352959,1,9.598485993824486,16.411501291495362,0.008711989567317384,11.64928498445873,0.010758508831404357,43.95973748246074,0.005525514253374237,18.47702156105951,0.005694461805274836,7.444593251461002,35.385312193540436,94.56622658711501
513.190499999428,117.64705882352959,1,9.598485993824486,25.88586325177747,0.008711989567317384,18.154457033922824,0.010758508831404357,43.58530417958248,0.0055073287987657425,18.276414178437072,0.0056601410204855235,7.444593251461002,35.385312193540436,94.56622658711501
513.2004999994277,117.64705882352959,1,9.598485993824486,38.23163464374088,0.008711989567317384,24.752650784731003,0.010281414040246541,43.21916905416,0.005489577531286243,20.862286991899204,0.006088785038224651,7.444593251461002,35.385312193540436,94.56622658711501
513.2104999994275,117.64705882352959,1,9.598485993824486,50.848775651995055,0.008351613440226306,29.566888282842108,0.009463215460949179,46.607595249331176,0.00562583989634559,25.188471237330678,0.00680734559151079,7.444593251461002,35.385312193540436,94.56622658711501
513.2204999994273,117.64705882352959,1,9.598485993824486,58.32876730497571,0.007384049209512298,32.97898303307127,0.008668242428774604,53.17375973457378,0.005933481514264249,29.042790801464268,0.00744974977479477,7.444593251461002,35.385312193540436,94.56622658711501
513.230499999427,117.64705882352959,1,9.598485993824486,63.10801457317237,0.0064570722986361205,35.27661824182522,0.007985822825990072,58.66260939778753,0.006201227680606947,31.974561551588,0.007939249215181791,7.444593251461002,35.385312193540436,94.56622658711501
513.2404999994268,117.64705882352959,1,9.598485993824486,66.36951187947714,0.005694370362890435,36.701512573874226,0.0074262761728988765,62.77978163390118,0.006404432669127113,34.00865976756129,0.008279404363035902,7.444593251461002,35.385312193540436,94.56622658711501
513.2504999994266,117.64705882352959,1,9.598485993824486,68.58247751704263,0.005087595083172547,37.46039298616554,0.00697670951929542,65.73045910253349,0.006550952666693853,35.29413215472835,0.008494884203225882,7.444593251461002,35.385312193540436,94.56622658711501
513.2604999994263,117.64705882352959,1,9.598485993824486,70.00881510822539,0.004609427629729813,37.725427145834566,0.0066192045960310275,67.75242030313855,0.006652045363896277,35.993205093823384,0.008612675533773376,7.444593251461002,35.385312193540436,94.56622658711501
513.2704999994261,117.64705882352959,1,9.598485993824486,70.82103634018003,0.004234798497517919,37.62585657283247,0.0063368625652510955,69.0431007371518,0.006717309246617851,36.247225883056586,0.008656294405390473,7.444593251461002,35.385312193540436,94.56622658711501
513.2804999994258,117.64705882352959,1,9.598485993824486,71.14056573098466,0.003943787609324333,37.25675430743908,0.006115578706530332,69.75529567167365,0.0067542284293027,36.16906745223068,0.008644499459508794,7.444593251461002,35.385312193540436,94.56622658711501
513.2904999994256,117.64705882352959,1,9.598485993824486,70.98612425311725,0.0037217534929151427,36.61373269684228,0.00594442129812429,69.93422886111186,0.006769241338563547,35.762229331002374,0.008591397862937706,7.444593251461002,35.385312193540436,94.56622658711501
513.3004999994254,117.64705882352959,1,9.598485993824486,70.50125658282147,0.0035591838431062246,35.796077718565044,0.005815265103701478,69.72530879980462,0.006766008048986934,35.15027153155686,0.008507220890994179,7.444593251461002,35.385312193540436,94.56622658711501
513.3104999994251,117.64705882352959,1,9.598485993824486,69.70794552054282,0.0034476499266091693,34.86003415468477,0.005722417350383929,69.18674956417331,0.006746721215022986,34.39687387435302,0.008399031832533602,7.444593251461002,35.385312193540436,94.56622658711501
513.3204999994249,117.64705882352959,1,9.598485993824486,68.62740155519381,0.0033837280578814747,33.82144139474412,0.005662423957320314,68.3492560112115,0.006712934019151682,33.52815176864439,0.008271186123686096,7.444593251461002,35.385312193540436,94.56622658711501
513.3304999994247,117.64705882352959,0,9.598485993824486,67.24128519553571,0.003366405657413674,32.68044546150808,0.005633964484657531,67.22925822173254,0.006665379331559085,32.55610547303159,0.008125655429041138,7.444593251461002,35.385312193540436,94.56622658711501
513.3404999994244,117.64705882352959,0,9.598485993824486,64.7256136315364,0.003366405657413674,31.305387192475354,0.005631561678705896,66.10209725735714,0.006615920797258052,31.516205245250674,0.007968399327994391,7.444593251461002,35.385312193540436,94.56622658711501
513.3504999994242,117.64705882352959,0,9.598485993824486,60.47986973265454,0.003366405657413674,29.12951163544846,0.005631561678705896,65.01774976428429,0.006568397594917285,30.545061368147564,0.007822190119332181,7.444593251461002,35.385312193540436,94.56622658711501
513.360499999424,117.64705882352959,0,9.598485993824486,54.46654474811203,0.003366405657413674,26.06739190298252,0.005631561678705896,63.971976345328336,0.00652261336748203,29.647231497797627,0.00768776638029104,7.444593251461002,35.385312193540436,94.56622658711501
513.3704999994237,117.64705882352959,0,9.598485993824486,46.689193758766514,0.003366405657413674,22.1207463726444,0.005631561678705896,62.96297778200754,0.006478463426030115,28.813852437008787,0.007563679513428522,7.444593251461002,35.385312193540436,94.56622658711501
513.3804999994235,117.64705882352959,0,9.598485993824486,37.18787686510878,0.003366405657413674,17.30974127944378,0.005631561678705896,61.98785299078363,0.006435855114035685,28.037454704377666,0.0074486826868809235,7.444593251461002,35.385312193540436,94.56622658711501
513.3904999994232,117.64705882352959,0,9.598485993824486,26.04956907387058,0.003366405657413674,11.678117007377889,0.005631561678705896,61.04554794459014,0.006394705453677447,27.311730859599333,0.007341701578231108,7.444593251461002,35.385312193540436,94.56622658711501
513.400499999423,117.64705882352959,0,9.598485993824486,13.403185648571336,0.003366405657413674,5.29048192631212,0.005631561678705896,60.13493707984021,0.006354945671763539,26.630894169479987,0.007241809657108187,7.444593251461002,35.385312193540436,94.56622658711501
513.4104999994228,117.64705882352959,0,0.0,-0.31618765435004237,0.003530047972925448,-1.243851195539032,0.006121419856243494,59.25353924632536,0.006316511051321017,25.99000190550289,0.0071482071413894385,7.444593251461002,35.385312193540436,94.56622658711501
513.4204999994225,117.64705882352959,0,0.0,0.3886817485679632,0.004192681674833592,-0.2857736539669351,0.0070303115276794045,58.40124650364079,0.006279334370803407,25.385643522241246,0.007060202698212566,7.444593251461002,35.385312193540436,94.56622658711501
513.4304999994223,117.64705882352959,0,0.0,0.8486766304961733,0.004642911075744337,0.16022413770913424,0.007486692607256216,57.578101652902085,0.006243333326460582,24.81548556453511,0.006977196741423641,7.444593251461002,35.385312193540436,94.56622658711501
513.4404999994221,117.64705882352959,0,0.0,1.1525835029963347,0.004957020116573569,0.3996234460296484,0.007758414850064815,56.78166897254347,0.006208457592345639,24.275975086030616,0.006898663572714608,7.444593251461002,35.385312193540436,94.56622658711501
513.4504999994218,117.64705882352959,0,0.0,1.3569539018748595,0.00518367391938873,0.551872902449253,0.007950536501080007,56.01114184637677,0.006174663646460164,23.763917732946712,0.006824137609378261,7.444593251461002,35.385312193540436,94.56622658711501
513.4604999994216,117.64705882352959,0,0.0,1.497375782587611,0.005353933945291621,0.6637080144876006,0.008104788725358494,55.26550529132253,0.006141918028316093,23.27602680126832,0.006753206292889899,7.444593251461002,35.385312193540436,94.56622658711501
513.4704999994213,117.64705882352959,0,0.0,1.5970545023204887,0.005487635130216886,0.7543832392017076,0.008238168359840833,54.54277143081206,0.006110179718239904,22.809929909597738,0.0066855055376430945,7.444593251461002,35.385312193540436,94.56622658711501
513.4804999994211,117.64705882352959,0,0.0,1.6708895371111705,0.005597452064347725,0.8321562446050503,0.008357942986782562,53.842586746856796,0.006079406718315848,22.363742186100914,0.006620715328947813,7.444593251461002,35.385312193540436,94.56622658711501
513.4904999994209,117.64705882352959,0,0.0,1.7278571036716284,0.005691490913826533,0.9003085520878273,0.008467505055181047,53.164250189063026,0.006049567854429262,21.935258288902467,0.006558555467846798,7.444593251461002,35.385312193540436,94.56622658711501
513.5004999994206,117.64705882352959,0,0.0,1.7742405501964837,0.00577494183034199,0.9610455286620301,0.008568666640082254,52.50609820447154,0.0060206238182641475,21.523083595980008,0.0064987813229392885,7.444593251461002,35.385312193540436,94.56622658711501
513.5104999994204,117.64705882352959,0,0.0,1.8141290513647252,0.005851133710310122,1.015810068939321,0.00866256420841663,51.86797929832355,0.005992535204295399,21.12614058934422,0.006441179513308576,7.444593251461002,35.385312193540436,94.56622658711501
513.5204999994202,117.64705882352959,0,0.0,1.8495196846442816,0.005922206963718547,1.0649978604400996,0.008750022278093628,51.24929478097704,0.005965275218225966,20.74282255497614,0.006385564077679208,7.444593251461002,35.385312193540436,94.56622658711501
513.5304999994199,117.64705882352959,0,0.0,1.88228703830125,0.005989542265746299,1.1095833178964725,0.008831702989294404,50.64855775759075,0.005938807931761687,20.37230413809943,0.0063317729959739815,7.444593251461002,35.385312193540436,94.56622658711501
513.5404999994197,117.64705882352959,0,0.0,1.913701869017177,0.006054034673159778,1.1504060911556184,0.008908168049239221,50.065717042358216,0.0059130974849740895,20.013986261169315,0.006279664879081612,7.444593251461002,35.385312193540436,94.56622658711501
513.5504999994195,117.64705882352959,0,0.0,1.9438936190012468,0.0061162686352978935,1.1874518965626253,0.008979908886682882,49.5002142738739,0.005888121762717919,19.666601957250485,0.0062291162254404005,7.444593251461002,35.385312193540436,94.56622658711501
513.5604999994192,117.64705882352959,0,0.0,1.9735886602861736,0.006176629284138066,1.2214689018554168,0.009047362797589916,48.95069948755751,0.0058638482699169105,19.32967873272998,0.006180019027203805,7.444593251461002,35.385312193540436,94.56622658711501
513.570499999419,117.64705882352959,0,0.49243914718999693,2.0743029333629615,0.0063097678854050305,1.3608886868134888,0.009229029551974785,48.41772205468344,0.005840235013782602,19.00362443089068,0.006132278507529483,7.444593251461002,35.385312193540436,94.56622658711501
513.5804999994187,117.64705882352959,0,1.417977531450836,2.5852776679992564,0.006802503817445103,1.9890123899924896,0.009851793574162172,47.89892415199653,0.0058172949730353266,18.684991791699588,0.00608581185933753,7.444593251461002,35.385312193540436,94.56622658711501
513.5904999994185,117.64705882352959,0,2.375737455040707,3.265309313665406,0.00742932104466515,2.6256338248142113,0.010463946679505612,47.393398718295785,0.005795013788855269,18.373503825720412,0.006040554914253593,7.444593251461002,35.385312193540436,94.56622658711501
513.6004999994183,117.64705882352959,0,3.356987185032905,3.8712683788390763,0.00798351038329823,3.0427509626801728,0.010871042609703849,46.901819145375136,0.0057733486764154325,18.070126769192672,0.005996475108821347,7.444593251461002,35.385312193540436,94.56622658711501
513.610499999418,117.64705882352959,0,4.352308040089275,4.294594407765756,0.00837595459911969,3.2444053956863925,0.011082111103349057,46.42394889083038,0.005752276650261567,17.774687842072034,0.005953565378545024,7.444593251461002,35.385312193540436,94.56622658711501
513.6204999994178,117.64705882352959,0,5.35186448043505,4.523452432593035,0.008598489859266758,3.2836419006269644,0.011144980526009695,45.95889090704139,0.0057317653763271125,17.487732834211652,0.005911827287763705,7.444593251461002,35.385312193540436,94.56622658711501
513.6304999994176,117.64705882352959,0,6.345694712155474,4.580868449340235,0.00867103785341703,3.2499111954250157,0.011145092094007505,45.506868800323225,0.005711783523585463,17.209750540295346,0.005871258525401752,7.444593251461002,35.385312193540436,94.56622658711501
513.6404999994173,117.64705882352959,1,7.324007543012437,4.548888401034715,0.008671053568044774,3.2175104252894986,0.011145092094007505,45.067265998874504,0.005692319609699214,16.939938801703132,0.0058318446453721005,7.444593251461002,35.385312193540436,94.56622658711501
513.6504999994171,117.64705882352959,1,8.277470795047122,4.520158154170094,0.008671053568044774,3.188776564166681,0.011145092094007505,44.63980001265488,0.005673337683694062,16.679263178136814,0.005793555772880659,7.444593251461002,35.385312193540436,94.56622658711501
513.6604999994169,117.64705882352959,1,9.19747716230754,4.49752845821421,0.008671053568044774,3.1661436121782973,0.011145092094007505,44.22568077386773,0.005654780708260945,16.429501458551194,0.005756345538736742,7.444593251461002,35.385312193540436,94.56622658711501
513.6704999994166,117.76251226692852,1,9.598485993824486,4.758114361297709,0.008671053568044774,3.351985405711849,0.011145092094007505,43.82557256293231,0.005636609729296836,16.19140540532362,0.0057201492084607754,7.444593251461002,35.385312193540436,94.56622658711501
513.6804999994164,117.76251226692852,1,9.598485993824486,7.8382088785373,0.008671053568044774,5.5953903857271285,0.011145092094007505,43.43747937591451,0.0056187977304095775,15.963793755268604,0.005684881837001773,7.444593251461002,35.385312193540436,94.56622658711501
513.6904999994161,117.76251226692852,1,9.598485993824486,14.260732389154214,0.008671053568044774,10.27680193627096,0.011145092094007505,43.05955947055598,0.0056013786465770555,15.743160212541206,0.005650443599425159,7.444593251461002,35.385312193540436,94.56622658711501
513.7004999994159,117.76251226692852,1,9.598485993824486,23.82496530232293,0.008671053568044774,17.17625170186141,0.011107684956398687,42.69068236618207,0.005584367552652205,15.750424375659257,0.005653822871756034,7.444593251461002,35.385312193540436,94.56622658711501
513.7104999994157,117.76251226692852,1,9.598485993824486,36.22956095451837,0.008671053568044774,23.54811544920272,0.01047109489904555,42.329889960463284,0.0055677531547862515,19.21844462250349,0.006232117739825398,7.444593251461002,35.385312193540436,94.56622658711501
513.7204999994154,117.76251226692852,1,9.598485993824486,49.23554067449422,0.008369355565405046,28.321549721466305,0.009599894892275099,45.22910880332138,0.005683384888800946,23.749415437214765,0.006988366474097426,7.444593251461002,35.385312193540436,94.56622658711501
513.7304999994152,117.76251226692852,1,9.598485993824486,56.86927359922531,0.007419724784564364,31.692043125634186,0.008777020537640984,51.74607620127583,0.005989353666853755,27.63105598858153,0.007642497392140981,7.444593251461002,35.385312193540436,94.56622658711501
513.740499999415,117.76251226692852,1,9.598485993824486,61.66172235829277,0.006495695332252088,33.93012528950893,0.008075575073951088,57.22557508001572,0.006258691237105442,30.53665052469263,0.008135140326282667,7.444593251461002,35.385312193540436,94.56622658711501
513.7504999994147,117.76251226692852,1,9.598485993824486,64.92193704758668,0.005734439963325911,35.28531095714451,0.007502074595500597,61.33902477772395,0.006463663844269551,32.52306946666677,0.008474079435738215,7.444593251461002,35.385312193540436,94.56622658711501
513.7604999994145,117.76251226692852,1,9.598485993824486,67.13545608012507,0.0051288342468449625,35.96893949211434,0.007042048083641931,64.28943943155659,0.006611920510953178,33.749442073520584,0.008685757980878006,7.444593251461002,35.385312193540436,94.56622658711501
513.7704999994143,117.76251226692852,1,9.598485993824486,68.56500696566304,0.004651670772155723,36.15750767863498,0.006676631794006826,66.31414587946796,0.006714696373633027,34.38399835123816,0.00879819397653092,7.444593251461002,35.385312193540436,94.56622658711501
513.780499999414,117.76251226692852,1,9.598485993824486,69.38180614183702,0.004278011090338683,35.98264496718812,0.00638830047384959,67.60943971957636,0.0067815479434707535,34.571833482935574,0.00883555037831805,7.444593251461002,35.385312193540436,94.56622658711501
513.7904999994138,117.76251226692852,1,9.598485993824486,69.79870129873933,0.003987586132297334,35.642727160004604,0.0061625143163245195,68.4174976102448,0.006818732125670627,34.539291528292395,0.008817003187137922,7.444593251461002,35.385312193540436,94.56622658711501
513.8004999994135,117.76251226692852,1,9.598485993824486,69.84395159524249,0.00376483241861711,35.17428009276357,0.005988056840989635,68.78854957853565,0.006831875902381527,34.3173104778727,0.00875690571431412,7.444593251461002,35.385312193540436,94.56622658711501
513.8104999994133,117.76251226692852,1,9.598485993824486,69.52899627175996,0.0036008692565628487,34.54256412152855,0.005856619408284311,68.75674935684647,0.006826030076802909,33.89578559529868,0.008665623865032227,7.444593251461002,35.385312193540436,94.56622658711501
513.8204999994131,117.76251226692852,1,9.598485993824486,68.89346740546632,0.0034888448761902047,33.78044442736768,0.005762397022766386,68.37904326792261,0.006803854422511805,33.32066491680181,0.008550282007255319,7.444593251461002,35.385312193540436,94.56622658711501
513.8304999994128,117.76251226692852,1,9.598485993824486,67.95375987795144,0.0034251564017225545,32.905423992443374,0.005701900858794336,67.68576292016876,0.006766856651829179,32.61983809437224,0.00841522255227319,7.444593251461002,35.385312193540436,94.56622658711501
513.8404999994126,117.76251226692852,0,9.598485993824486,66.68705621871976,0.003408672960265874,31.917918785998786,0.005673849762471189,66.6972793829298,0.0067158647979073,31.806085920320353,0.00826233812252883,7.444593251461002,35.385312193540436,94.56622658711501
513.8504999994124,117.76251226692852,0,9.598485993824486,64.2255948877814,0.003408672960265874,30.665552752702503,0.005671838549546045,65.69786009042761,0.0066631924245074674,30.92061118150402,0.008098463254395201,7.444593251461002,35.385312193540436,94.56622658711501
513.8604999994121,117.76251226692852,0,9.598485993824486,59.99286976627292,0.003408672960265874,28.570422406534348,0.005671838549546045,64.73151212206136,0.0066123957745280425,30.101416431831087,0.007946613203896958,7.444593251461002,35.385312193540436,94.56622658711501
513.8704999994119,117.76251226692852,0,9.598485993824486,53.953409203407844,0.003408672960265874,25.557686842563363,0.005671838549546045,63.794981007305246,0.0065633040964785845,29.350571958357605,0.007807056559870408,7.444593251461002,35.385312193540436,94.56622658711501
513.8804999994117,117.76251226692852,0,9.598485993824486,46.114469524420045,0.003408672960265874,21.631348782756284,0.005671838549546045,62.88725325105306,0.006515815306618328,28.6596222860861,0.007678281723913823,7.444593251461002,35.385312193540436,94.56622658711501
513.8904999994114,117.76251226692852,0,9.598485993824486,36.51888649195891,0.003408672960265874,16.813274219688402,0.005671838549546045,62.006002173010465,0.00646984652314564,28.021018201024322,0.007558987514521068,7.444593251461002,35.385312193540436,94.56622658711501
513.9004999994112,117.76251226692852,0,9.598485993824486,25.258119815740784,0.003408672960265874,11.1499087844396,0.005671838549546045,61.150448353118435,0.006425325116921052,27.42829052251566,0.007448052697912539,7.444593251461002,35.385312193540436,94.56622658711501
513.910499999411,117.76251226692852,0,9.598485993824486,12.467344062335329,0.003408672960265874,4.709961474512998,0.005671838549546045,60.320169552072265,0.006382181934532578,26.87617462773546,0.007344510207000974,7.444593251461002,35.385312193540436,94.56622658711501
513.9204999994107,117.76251226692852,0,0.0,-0.44843882166098137,0.003612927745379969,-1.2931772262071934,0.006286452122848859,59.513091997828994,0.006340361088592578,26.359621042204147,0.007247525182661677,7.444593251461002,35.385312193540436,94.56622658711501
513.9304999994105,117.76251226692852,0,0.0,0.36504028626259144,0.0042492713238600184,-0.19942117135597526,0.0071916088385704695,58.72979016797367,0.006299796742650574,25.875728535355513,0.007156375910094886,7.444593251461002,35.385312193540436,94.56622658711501
513.9404999994102,117.76251226692852,0,0.0,0.940353914838512,0.004682654591423449,0.37445332707397805,0.007641212397144808,57.97094117378664,0.006260395737842332,25.42294841102411,0.007070436302406252,7.444593251461002,35.385312193540436,94.56622658711501
513.95049999941,117.76251226692852,0,0.0,1.3616398740049518,0.004985975636154266,0.7341169759968369,0.007903855543353664,57.233960005174055,0.006222126712698233,24.996926819805797,0.006989157463777228,7.444593251461002,35.385312193540436,94.56622658711501
513.9604999994098,117.76251226692852,0,0.0,1.6823888064017427,0.005205737258505572,0.9990265490217678,0.008085063701172976,56.51781113935644,0.0061849630329512606,24.593824366690484,0.006912053793747399,7.444593251461002,35.385312193540436,94.56622658711501
513.9704999994095,117.76251226692852,0,0.0,1.937188131591058,0.005371618743930281,1.2169166236743987,0.008226905947702357,55.82201625729933,0.006148869864073167,24.210867332608977,0.006838695580852589,7.444593251461002,35.385312193540436,94.56622658711501
513.9804999994093,117.76251226692852,0,0.0,2.148025443431434,0.005502570822144655,1.4071610107897894,0.008346646869324643,55.144759450279835,0.006113816795528792,23.845427990849405,0.006768704003420594,7.444593251461002,35.385312193540436,94.56622658711501
513.990499999409,117.76251226692852,0,0.0,2.3289746520826515,0.005610701703895536,1.5781038398530658,0.00845177908902659,54.48566150972728,0.006079771518438281,23.495375375422043,0.0067017463250208485,7.444593251461002,35.385312193540436,94.56622658711501
514.0004999994088,117.76251226692852,0,0.0,2.4894905154521463,0.005703754169000388,1.7341447086022321,0.008545889536103732,53.84470424195962,0.006046695261139917,23.15933147651531,0.0066375312834903045,7.444593251461002,35.385312193540436,94.56622658711501
514.0104999994086,117.76251226692852,0,0.0,2.635452676760728,0.005786684641012914,1.8775469925825399,0.008630958842877906,53.22038923501162,0.006014556885035252,22.835724977823208,0.006575804556439789,7.444593251461002,35.385312193540436,94.56622658711501
514.0204999994083,117.76251226692852,0,0.0,2.7705991627020228,0.005862671184488814,2.0097410049568976,0.008708271299371628,52.612498050406444,0.005983325354301349,22.52324353524369,0.0065163442366769075,7.443470885758743,35.48310896397167,94.09119581251065
514.0304999994081,117.76251226692852,0,0.0,2.8977622469727233,0.005933756390627445,2.1322143179029247,0.008778781264053577,52.02111496685354,0.005952964096356177,22.221173977077587,0.006458956817664367,7.443470885758743,35.48310896397167,94.09119581251065
514.0404999994079,117.76251226692852,0,0.0,3.0185497905989456,0.006001256986190736,2.2458746645168883,0.008843263190908385,51.44484741873412,0.005923445050483168,21.928470549621878,0.0064034735657782504,7.443470885758743,35.48310896397167,94.09119581251065
514.0504999994076,117.76251226692852,0,0.0,3.1339463771867737,0.006066025862174633,2.3514323279400817,0.008902377075578867,50.88351284699746,0.005894740525023579,21.644253251198204,0.006349747106137466,7.443470885758743,35.48310896397167,94.09119581251065
514.0604999994074,117.76251226692852,0,0.0,3.24501721299852,0.0061286192897591464,2.4499358134699776,0.008956700365089647,50.33722644810493,0.005866817180782425,21.368181414100917,0.006297648576053081,7.443470885758743,35.48310896397167,94.09119581251065
514.0704999994072,117.76251226692852,0,0.0,3.3522145880668535,0.006189403147892944,2.5419635462121897,0.009006743740203639,49.80466938846601,0.005839650333474234,21.099514280501776,0.0062470651445251345,7.443470885758743,35.48310896397167,94.09119581251065
514.0804999994069,117.76251226692852,0,0.6288970329307265,3.575005065868614,0.006368463887063322,2.8013541635169505,0.009235021341014327,49.28600006640126,0.00581320850011352,20.838095197900916,0.006197897694435055,7.443470885758743,35.48310896397167,94.09119581251065
514.0904999994067,117.76251226692852,0,1.5597913976002562,4.20470311962315,0.006900471889602927,3.5091045226307758,0.009861698757972145,48.78020111693177,0.0057874869044206205,20.58215790020193,0.0061500599213901875,7.443470885758743,35.48310896397167,94.09119581251065
514.1004999994065,117.76251226692852,0,2.521651092288311,4.95582388888371,0.007527836836738842,4.169188509109436,0.01043146247153376,48.28631698105714,0.005762468334163514,20.33138234955517,0.006103486914639142,7.443470885758743,35.48310896397167,94.09119581251065
514.1104999994062,117.76251226692852,0,3.5056253029040674,5.605255562975482,0.008061963440060209,4.603468314225629,0.010794389000712988,47.80463877032471,0.0057381217076146055,20.086156967135818,0.006058146667208395,7.443470885758743,35.48310896397167,94.09119581251065
514.120499999406,117.76251226692852,0,4.5022149455237415,6.063214421625573,0.008429098679599114,4.831392675114682,0.010971656584283862,47.33546408505776,0.005714413849211786,19.847092969555817,0.006014030999120479,7.443470885758743,35.48310896397167,94.09119581251065
514.1304999994057,117.76251226692852,0,5.5015466978143825,6.3268927992719775,0.00862886214518187,4.9051562754158,0.011011295433068174,46.87775773405483,0.005691321608246337,19.61429269342085,0.005971138661115266,7.443470885758743,35.48310896397167,94.09119581251065
514.1404999994055,117.76251226692852,1,6.493665472300014,6.4198156767866665,0.008682406613797935,4.9291955334224635,0.011011295433068174,46.431412145638134,0.0056688234403409294,19.387734045841743,0.005929462999551266,7.443470885758743,35.48310896397167,94.09119581251065
514.1504999994053,117.76251226692852,1,7.4688309396642305,6.4436005610417855,0.008682406613797935,4.952980417677582,0.011011295433068174,45.996530198788086,0.0056468926803283645,19.167659850187707,0.0058889843857651576,7.443470885758743,35.48310896397167,94.09119581251065
514.160499999405,117.76251226692852,1,8.4178034303599,6.4681294000610325,0.008682406613797935,4.97750607500555,0.011011295433068174,45.5722619453005,0.005625508635686649,18.954045739061947,0.005849667720126316,7.443470885758743,35.48310896397167,94.09119581251065
514.1704999994048,117.76251226692852,1,9.332105275838861,6.494968042168616,0.008682406613797935,5.00434188636329,0.011011295433068174,45.15921440039083,0.005604632676042479,18.74769015508439,0.005811461425715763,7.443470885758743,35.48310896397167,94.09119581251065
514.1804999994046,117.99410029498539,1,9.598485993824486,7.0482527170681895,0.008682406613797935,5.408361755084652,0.011011295433068174,44.7582098729594,0.005584221748932965,18.549612247505063,0.005774295400116576,7.443470885758743,35.48310896397167,94.09119581251065
514.1904999994043,117.99410029498539,1,9.598485993824486,10.687663090165433,0.008682406613797935,8.017886472536471,0.011011295433068174,44.367172669064125,0.005564269663748473,18.357953454633535,0.005738079547388565,7.443470885758743,35.48310896397167,94.09119581251065
514.2004999994041,117.99410029498539,1,9.598485993824486,17.650836839955605,0.008682406613797935,13.00219294050077,0.011011295433068174,43.98503575314806,0.005544791122398421,18.170417690566765,0.00570271106618191,7.443470885758743,35.48310896397167,94.09119581251065
514.2104999994039,117.99410029498539,1,9.598485993824486,27.722591062898044,0.008682406613797935,20.07676272561223,0.01095428955498268,43.611686986426335,0.0055257752017971425,18.325931454102598,0.005724515843804937,7.443470885758743,35.48310896397167,94.09119581251065
514.2204999994036,117.99410029498539,1,9.598485993824486,40.58620484673898,0.008682406613797935,26.313917677287925,0.010290690643373122,43.24614777078992,0.005507212984285922,21.969466478364538,0.006326035072476024,7.443470885758743,35.48310896397167,94.09119581251065
514.2304999994034,117.99410029498539,1,9.598485993824486,52.445818911957915,0.008175903411027478,30.909017717502874,0.009430801375642534,47.78680794895356,0.0056950924488349194,26.443667665136605,0.007067295676575687,7.443470885758743,35.48310896397167,94.09119581251065
514.2404999994031,117.99410029498539,1,9.598485993824486,59.28938407273226,0.0071940297184413205,34.14315017683216,0.008632152967430607,54.226678438685816,0.0060000042060515,30.22010488428081,0.007695357244735276,7.443470885758743,35.48310896397167,94.09119581251065
514.2504999994029,117.99410029498539,1,9.598485993824486,63.72060759261718,0.006296373669301538,36.28865650851577,0.007956406521143615,59.444044575693596,0.006254972900563417,33.02676263023625,0.008162510059252049,7.443470885758743,35.48310896397167,94.09119581251065
514.2604999994027,117.99410029498539,1,9.598485993824486,66.75126642411655,0.005565605524526536,37.58624836488475,0.007405829031832084,63.315108142835754,0.006445900096320473,34.937223600315406,0.008480447380588781,7.443470885758743,35.48310896397167,94.09119581251065
514.2704999994024,117.99410029498539,1,9.598485993824486,68.79261161041094,0.004985949998935759,38.24079948502467,0.0069649068488874906,66.06683296400796,0.006582262914011969,36.114552841186494,0.00867618725910886,7.443470885758743,35.48310896397167,94.09119581251065
514.2804999994022,117.99410029498539,1,9.598485993824486,70.08594023384899,0.004529788692726252,38.42069554345479,0.006614983770626168,67.93165283565239,0.00667518296424466,36.723050887284415,0.008777112316263049,7.443470885758743,35.48310896397167,94.09119581251065
514.290499999402,117.99410029498539,1,9.598485993824486,70.79260771062113,0.004172971404909528,38.25097845445004,0.0063391305757930965,69.09795245452565,0.006733861589857577,36.90207613787279,0.008806451237117003,7.443470885758743,35.48310896397167,94.09119581251065
514.3004999994017,117.99410029498539,1,9.598485993824486,71.02647275913849,0.003896588080785887,37.82315394423793,0.006123460023547504,69.71036447884626,0.006765393906744383,36.76166370308561,0.008782479874471144,7.443470885758743,35.48310896397167,94.09119581251065
514.3104999994015,117.99410029498539,1,9.598485993824486,70.87434644794328,0.00368672231321221,37.2056470035105,0.005957327919603392,69.874501357355,0.006775026445121643,36.38336126196571,0.00871880806986392,7.443470885758743,35.48310896397167,94.09119581251065
514.3204999994012,117.99410029498539,1,9.598485993824486,70.39052056221504,0.0035335883594882606,36.44288653584782,0.005832912263321617,69.66516458034491,0.0067664685224709765,35.8257230907836,0.008625204726618171,7.443470885758743,35.48310896397167,94.09119581251065
514.330499999401,117.99410029498539,1,9.598485993824486,69.60547820032106,0.003430865774116071,35.56235561733905,0.005744833948887134,69.13179671252493,0.006742175299847503,35.12889864456103,0.008508304957222,7.443470885758743,35.48310896397167,94.09119581251065
514.3404999994008,117.99410029498539,1,9.598485993824486,68.52952686768086,0.0033755003447023756,34.576950056480854,0.005689985875476228,68.29896101065542,0.006703468633336386,34.316365191298225,0.008372042959726945,7.443470885758743,35.48310896397167,94.09119581251065
514.3504999994005,117.99410029498539,0,9.598485993824486,67.09101280922718,0.003364864674637188,33.483209669263665,0.005667476027994544,67.20735404737525,0.0066519842493966965,33.397106640170506,0.008217927107871881,7.443470885758743,35.48310896397167,94.09119581251065
514.3604999994003,117.99410029498539,0,9.598485993824486,64.3076312356119,0.003364864674637188,32.041349467836554,0.005666953045200489,66.14170158438101,0.0066005220690470625,32.43513142459386,0.008056639620750934,7.443470885758743,35.48310896397167,94.09119581251065
514.3704999994001,117.99410029498539,0,9.598485993824486,59.77846863084381,0.003364864674637188,29.722093308789088,0.005666953045200489,65.11383945918584,0.006550893255096324,31.551523250627284,0.007908385247074427,7.443470885758743,35.48310896397167,94.09119581251065
514.3804999993998,117.99410029498539,0,9.598485993824486,53.47429831240398,0.003364864674637188,26.49172203554249,0.005666953045200489,64.12122171463177,0.0065029687516305395,30.739142820935367,0.0077719985479175096,7.443470885758743,35.48310896397167,94.09119581251065
514.3904999993996,117.99410029498539,0,9.598485993824486,45.40792165527376,0.003364864674637188,22.356935427892612,0.005666953045200489,63.162393369144304,0.006456645794877127,29.989491561773846,0.007646025901324433,7.443470885758743,35.48310896397167,94.09119581251065
514.4004999993994,117.99410029498539,0,9.598485993824486,35.62869766590195,0.003364864674637188,17.34300934887491,0.005666953045200489,62.23464720071627,0.0064118423916579145,29.29485341493809,0.007529215860475921,7.443470885758743,35.48310896397167,94.09119581251065
514.4104999993991,117.99410029498539,0,9.598485993824486,24.23262597232023,0.003364864674637188,11.499157347119635,0.005666953045200489,61.33678183129793,0.0063684860171521595,28.648624650693744,0.007420489895422994,7.443470885758743,35.48310896397167,94.09119581251065
514.4204999993989,117.99410029498539,0,9.598485993824486,11.35810657188152,0.003364864674637188,4.896524615193966,0.005666953045200489,60.46800612378026,0.0063265063109991596,28.045451864918068,0.007318917625661027,7.443470885758743,35.48310896397167,94.09119581251065
514.4304999993986,117.99410029498539,0,0.0,0.9181970849704264,0.003700481715998684,0.08513077199142849,0.006378946916346671,59.62594827689801,0.006285848578607512,27.4800875059089,0.00722369572026615,7.443470885758743,35.48310896397167,94.09119581251065
514.4404999993984,117.99410029498539,0,0.0,1.6418598571073053,0.004308449086544623,0.938964991950991,0.0071232523367026354,58.81052866091763,0.006246448280953188,26.949164529957763,0.007134129525113779,7.443470885758743,35.48310896397167,94.09119581251065
514.4504999993982,117.99410029498539,0,0.0,2.1409974685176363,0.004723929488584182,1.3799971023070299,0.00750453332095168,58.02150662659866,0.0062082333640453985,26.44992846297566,0.007049615561485009,7.443470885758743,35.48310896397167,94.09119581251065
514.4604999993979,117.99410029498539,0,0.0,2.4957876988162657,0.005016011989367682,1.6511801961419565,0.0077361041018240845,57.256604627094354,0.006171164321060185,25.978539759107118,0.006969623433544015,7.443470885758743,35.48310896397167,94.09119581251065
514.4704999993977,117.99410029498539,0,0.0,2.757308309732306,0.005228772678635853,1.8476584584259288,0.007901844012480482,56.51492714845777,0.006135204531744169,25.531633281439333,0.006893683320636457,7.443470885758743,35.48310896397167,94.09119581251065
514.4804999993975,117.99410029498539,0,0.0,2.958479163683866,0.005390343828017896,2.0075229177275657,0.008035250173968127,55.795951353636966,0.006100312755332179,25.106641380512823,0.006821379415854661,7.443470885758743,35.48310896397167,94.09119581251065
514.4904999993972,117.99410029498539,0,0.0,3.1201665411726753,0.005518689924703145,2.146222763761507,0.008150115368663998,55.09784914006226,0.006066453920455464,24.701040942800905,0.0067523452593548925,7.443470885758743,35.48310896397167,94.09119581251065
514.500499999397,117.99410029498539,0,0.0,3.2556699243380436,0.005625290498955026,2.2703948241895526,0.008252462178165868,54.42010767355213,0.006033592630434821,24.312726286609298,0.006686259102492118,7.443470885758743,35.48310896397167,94.09119581251065
514.5104999993968,117.99410029498539,0,0.0,3.373784166636351,0.005717487735660608,2.38348609034805,0.008345202400776582,53.762476087407755,0.006001689515117933,23.940187265897872,0.006622839412953547,7.443470885758743,35.48310896397167,94.09119581251065
514.5204999993965,117.99410029498539,0,0.0,3.4799789192601907,0.0057999830207328676,2.4872531362894446,0.008429964874791364,53.12337202575119,0.005970711878496964,23.58179892491885,0.006561840449973765,7.443470885758743,35.48310896397167,94.09119581251065
514.5304999993963,117.99410029498539,0,0.0,3.5777091510103185,0.005875792225624763,2.582795705087161,0.008507819699826464,52.502431212273464,0.005940627350765713,23.236202171772774,0.006503047860693978,7.443470885758743,35.48310896397167,94.09119581251065
514.540499999396,117.99410029498539,0,0.0,3.6694576897558266,0.005946854975733282,2.6712066796743,0.008579570581631715,51.89950100114979,0.005911400234732279,22.90249607104961,0.0064462747746896155,7.443470885758743,35.48310896397167,94.09119581251065
514.5504999993958,117.99410029498539,0,0.0,3.756669035429783,0.006014422852236424,2.7531766706177487,0.008645874929637077,51.31313525965234,0.005883001316022627,22.579588750630748,0.006391358278703441,7.443470885758743,35.48310896397167,94.09119581251065
514.5604999993956,117.99410029498539,0,0.0,3.840220977883436,0.00607930769925605,2.829251853915647,0.008707296279972609,50.74304452516804,0.005855401746512212,22.26657248209209,0.0063381561067842014,7.443470885758743,35.48310896397167,94.09119581251065
514.5704999993953,117.99410029498539,0,0.0,3.920929294233961,0.006142040091873808,2.9001719230516247,0.008764330100617819,50.18912803102403,0.005828569580005018,21.962914696805594,0.006286543879754715,7.443470885758743,35.48310896397167,94.09119581251065
514.5804999993951,117.99410029498539,0,0.0,3.9991806343536282,0.006202970029131909,2.9663898849624744,0.008817416686637236,49.65004942797446,0.005802478932871729,21.66785647194802,0.00623641270061798,7.443470885758743,35.48310896397167,94.09119581251065
514.5904999993949,117.99410029498539,0,0.81220201606152,4.2748385795863175,0.006456170433021668,3.298080379390557,0.00914043616556022,49.12576377055397,0.005777099741188244,21.381056384164786,0.006187666922534719,7.443470885758743,35.48310896397167,94.09119581251065
514.6004999993946,117.99410029498539,0,1.7499579332561088,4.928273167476711,0.007029010765626222,3.979586681698905,0.009762506892811659,48.61540733355915,0.00575242463469723,21.10098689418356,0.006140224221920564,7.443470885758743,35.48310896397167,94.09119581251065
514.6104999993944,117.99410029498539,0,2.716973068269756,5.64841916906502,0.007649349975230138,4.555000582968418,0.010276825173848326,48.11805804884669,0.005728429880391971,20.827507859791325,0.006094026686930649,7.443470885758743,35.48310896397167,94.09119581251065
514.6204999993942,117.99410029498539,0,3.704246371655628,6.240271451430723,0.008153309349555516,4.909412939701211,0.01058899360192504,47.63378137487604,0.0057050864410651434,20.56080493408276,0.0060490492907279555,7.443470885758743,35.48310896397167,94.09119581251065
514.6304999993939,117.99410029498539,0,4.7021811993437215,6.63600215433716,0.008486084032326183,5.076315096366466,0.01073184543819107,47.162622251335065,0.005682365620811891,20.30118618590403,0.006005287397414446,7.443470885758743,35.48310896397167,94.09119581251065
514.6404999993937,117.99410029498539,0,5.700864136481049,6.84249844922284,0.008655213825434218,5.108345462217251,0.010754520694241135,46.70352628549676,0.005660244050679586,20.048698983357372,0.005962740413198011,7.443470885758743,35.48310896397167,94.09119581251065
514.6504999993934,117.99410029498539,1,6.690359455660843,6.888306022424661,0.008687293954871248,5.111602573449284,0.010754520694241135,46.256348464900675,0.005638699738525256,19.803304793740775,0.005921400197529386,7.443470885758743,35.48310896397167,94.09119581251065
514.6604999993932,117.99410029498539,1,7.661004680605171,6.8921222492251335,0.008687293954871248,5.115418800249756,0.010754520694241135,45.82099808569273,0.005617709142194803,19.56499595822219,0.005881244630879892,7.443470885758743,35.48310896397167,94.09119581251065
514.670499999393,117.99410029498539,1,8.603692649942937,6.897802598132319,0.008687293954871248,5.121095697816028,0.010754520694241135,45.396817101438096,0.005597246287784711,19.333988275391956,0.005842235870855234,7.443470885758743,35.48310896397167,94.09119581251065
514.6804999993927,117.99410029498539,1,9.510126406385815,6.9062291192963325,0.008687293954871248,5.129519195269324,0.010754520694241135,44.98403663519343,0.0055772791793313094,19.110577652657128,0.005804319233434513,7.443470885758743,35.48310896397167,94.09119581251065
514.6904999993925,118.11023622047257,1,9.598485993824486,7.890918504389218,0.008687293954871248,5.8105878192384495,0.010754520694241135,44.583142855334174,0.00555777183234608,18.89530087031116,0.005767420976709524,7.443470885758743,35.48310896397167,94.09119581251065
514.7004999993923,118.11023622047257,1,9.598485993824486,12.194147607540394,0.008687293954871248,8.774931852644043,0.010754520694241135,44.192188483765996,0.005538721740068208,18.686267153135024,0.005731447706923138,7.443470885758743,35.48310896397167,94.09119581251065
514.710499999392,118.11023622047257,1,9.598485993824486,19.791378976936052,0.008687293954871248,14.005386240849251,0.010754520694241135,43.8105800981316,0.005520129699247006,18.481967859790274,0.005696296397825643,7.443470885758743,35.48310896397167,94.09119581251065
514.7204999993918,118.11023622047257,1,9.598485993824486,30.446427418808558,0.008687293954871248,21.07391513789535,0.010657230678987197,43.438149669092155,0.0055019835852104714,18.859673768749854,0.005757889915913529,7.443470885758743,35.48310896397167,94.09119581251065
514.7304999993916,118.11023622047257,1,9.598485993824486,43.82352093258433,0.008680643841882704,26.919613684145055,0.009965908600055116,43.21265610606337,0.005488566319535767,22.626561529555673,0.006382657473700053,7.443470885758743,35.48310896397167,94.09119581251065
514.7404999993913,118.11023622047257,1,9.598485993824486,54.24465821811778,0.007962596480408214,31.143423011182495,0.009135437373194878,49.236961520825545,0.005748071044721065,26.886722772255226,0.0070912084335974426,7.443470885758743,35.48310896397167,94.09119581251065
514.7504999993911,118.11023622047257,1,9.598485993824486,60.400463369069215,0.006977880403592126,34.0797678333073,0.008380647174215371,55.474916700059346,0.006047303941571434,30.389565911885985,0.007675466337068538,7.443470885758743,35.48310896397167,94.09119581251065
514.7604999993908,118.11023622047257,1,9.598485993824486,64.47108061884597,0.006115619515522838,36.00013529940749,0.007747781115483329,60.38588493288352,0.006288485112933563,32.94957623288545,0.008103086044477511,7.443470885758743,35.48310896397167,94.09119581251065
514.7704999993906,118.11023622047257,1,9.598485993824486,67.2603624111027,0.005420060682541062,37.13486754861485,0.007234253412078581,63.99135185246359,0.0064670163097028804,34.66373825415913,0.008389903004012808,7.443470885758743,35.48310896397167,94.09119581251065
514.7804999993904,118.11023622047257,1,9.598485993824486,69.12077672638821,0.0048696677794397986,37.675973502489555,0.006823795182181633,66.53062876017822,0.006593488317609671,35.69465317189867,0.008562897871095676,7.443470885758743,35.48310896397167,94.09119581251065
514.7904999993901,118.11023622047257,1,9.598485993824486,70.27303749877228,0.004437083874530867,37.77935172551981,0.006498426704582766,68.22797978004456,0.0066787072074179,36.19869671384227,0.008648096536066512,7.443470885758743,35.48310896397167,94.09119581251065
514.8004999993899,118.11023622047257,1,9.598485993824486,70.86766451619943,0.004099284941962369,37.56026442069176,0.006242267871997514,69.26195353674846,0.006731402525007753,36.305993416998604,0.008667155091746558,7.443470885758743,35.48310896397167,94.09119581251065
514.8104999993897,118.11023622047257,1,9.598485993824486,71.01089760552291,0.0038384795846068587,37.10256883737058,0.006042467805822717,69.76831154243071,0.006758243822993692,36.118002045475905,0.008636934552551124,7.443470885758743,35.48310896397167,94.09119581251065
514.8204999993894,118.11023622047257,1,9.598485993824486,70.78262929286176,0.003641688693301859,36.468348123823034,0.005889261732156883,69.84555537796476,0.006764124816291814,35.70957524155213,0.0085699048899769,7.443470885758743,35.48310896397167,94.09119581251065
514.8304999993892,118.11023622047257,1,9.598485993824486,70.23216170343106,0.003499912889064341,35.69756921085538,0.00577555600050457,69.5626985058369,0.006752467482096979,35.13400690499216,0.00847493800553211,7.443470885758743,35.48310896397167,94.09119581251065
514.840499999389,118.11023622047257,1,9.598485993824486,69.38540862588923,0.00340753391220126,34.81400159350902,0.005696587277421172,68.96391832068251,0.006725479382984659,34.42700957082847,0.008357954151927399,7.443470885758743,35.48310896397167,94.09119581251065
514.8504999993887,118.11023622047257,1,9.598485993824486,68.24737632692643,0.003362163975609821,33.827164119118834,0.005649783228505801,68.06895808839025,0.006684246051823896,33.608677096978894,0.008222307059189528,7.443470885758743,35.48310896397167,94.09119581251065
514.8604999993885,118.11023622047257,0,9.598485993824486,66.63144150715584,0.0033572036894661556,32.73048439541557,0.005634744533020773,66.96289909795144,0.006632180404157735,32.685066893700025,0.008069010287878155,7.443470885758743,35.48310896397167,94.09119581251065
514.8704999993882,118.11023622047257,0,9.598485993824486,63.491050420279024,0.0033572036894661556,31.146086784887693,0.005634744533020773,65.90647903033147,0.006581588887236145,31.757048536652327,0.007914893868032872,7.443470885758743,35.48310896397167,94.09119581251065
514.880499999388,118.11023622047257,0,9.598485993824486,58.600051404820334,0.0033572036894661556,28.678102406415093,0.005634744533020773,64.88711236761777,0.006532784291730024,30.906012259585967,0.007773525411601995,7.443470885758743,35.48310896397167,94.09119581251065
514.8904999993878,118.11023622047257,0,9.598485993824486,51.93757896488997,0.0033572036894661556,25.315983425144587,0.005634744533020773,63.902725628190964,0.006485651868868894,30.122378213949776,0.007643322329513376,7.443470885758743,35.48310896397167,94.09119581251065
514.9004999993875,118.11023622047257,0,9.598485993824486,43.524374533505714,0.0033572036894661556,21.07024428084058,0.005634744533020773,62.95178619880135,0.006440094668528999,29.398027961243518,0.007522923103635738,7.443470885758743,35.48310896397167,94.09119581251065
514.9104999993873,118.11023622047257,0,9.598485993824486,33.41926453180608,0.0033572036894661556,15.970556783313418,0.005634744533020773,62.0317282506932,0.0063960316905083865,28.725797741324246,0.0074111554245765,7.443470885758743,35.48310896397167,94.09119581251065
514.9204999993871,118.11023622047257,0,9.598485993824486,21.72647805798564,0.0033572036894661556,10.06951115697586,0.005634744533020773,61.14141088046131,0.00635339101220988,28.09956386108427,0.0073070088229252594,7.443470885758743,35.48310896397167,94.09119581251065
514.9304999993868,118.11023622047257,0,9.598485993824486,8.591643491326455,0.0033572036894661556,3.4516429211065804,0.005645728347070317,60.27993258089254,0.006312106179297081,27.514157518329633,0.007209611492759097,7.443470885758743,35.48310896397167,94.09119581251065
514.9404999993866,118.11023622047257,0,0.0,1.203346762707739,0.003841761600436752,0.4102178173661919,0.006559304504299288,59.44505439565686,0.006272122617265519,26.964718085926254,0.0071182105424893,7.443470885758743,35.48310896397167,94.09119581251065
514.9504999993864,118.11023622047257,0,0.0,1.7786818917783709,0.004402483253665262,1.0509396667424387,0.007198355417806101,58.56829083865032,0.0062345972808851785,26.356511443821308,0.007032154654175718,7.443470885758743,35.48310896397167,94.09119581251065
514.9604999993861,118.11023622047257,0,0.0,2.129040747208483,0.004787475926345468,1.3310534373468408,0.0075376604422100375,57.71911048642341,0.006198892517463694,25.763852250188112,0.006950876748314549,7.443470885758743,35.48310896397167,94.09119581251065
514.9704999993859,118.11023622047257,0,0.0,2.3503474872028955,0.005059757456744703,1.4731349460361929,0.007752749889180826,56.896804081689965,0.006164346851142844,25.20033967474055,0.0068738770101200684,7.443470885758743,35.48310896397167,94.09119581251065
514.9804999993856,118.11023622047257,0,0.0,2.489250372978906,0.0052595312244803,1.5557787071885527,0.007912934823800665,56.101214603961374,0.006130941142867809,24.662849615786303,0.006800712274534559,7.443470885758743,35.48310896397167,94.09119581251065
514.9904999993854,118.11023622047257,0,0.0,2.5754711593397808,0.005412459969682429,1.6103001813167719,0.008046045390492015,55.331433345912444,0.006098631555786495,24.14864627947324,0.006730990397664444,7.443470885758743,35.48310896397167,94.09119581251065
515.0004999993852,118.11023622047257,0,0.0,2.628150892527876,0.0055349332893094285,1.6496910166352845,0.008163610226472214,54.58561393968579,0.006067374239328441,23.655460244432444,0.006664365967380315,7.443470885758743,35.48310896397167,94.09119581251065
515.0104999993849,118.11023622047257,0,0.0,2.659572621368169,0.005637426261887197,1.6796563980060304,0.00827068724785379,53.863207731899216,0.00603712515924591,23.18146090774178,0.006600535901123847,7.443470885758743,35.48310896397167,94.09119581251065
515.0204999993847,118.11023622047257,0,0.0,2.6774459262292005,0.005726640477256522,1.7027850685688488,0.008369721638917502,53.16360390651653,0.006007844579023043,22.724904545078548,0.006539235146734459,7.442131059276363,35.600204772467514,93.64316244882603
515.0304999993845,118.11023622047257,0,0.0,2.686913652107943,0.005806868954462632,1.7206842127963857,0.008462070576292552,52.48525178145687,0.00597949194118149,22.284413862244822,0.006480232455741723,7.442131059276363,35.600204772467514,93.64316244882603
515.0404999993842,118.11023622047257,0,0.0,2.691313946533141,0.0058808672905059384,1.7344301125165886,0.008548612141946273,51.82779511044545,0.005952026989675936,21.858895649200644,0.006423326194390516,7.442131059276363,35.600204772467514,93.64316244882603
515.050499999384,118.11023622047257,0,0.0,2.6925579996315325,0.005950409306550254,1.7445673919483746,0.008629994449900097,51.19071445085372,0.005925415380397469,21.447139172254655,0.006368340634920949,7.442131059276363,35.600204772467514,93.64316244882603
515.0604999993838,118.11023622047257,0,0.0,2.692138313290072,0.006016641158361668,1.751811608273056,0.008706740436957102,50.57262313725787,0.00589962057831892,21.04829043813009,0.006315122613759282,7.442131059276363,35.600204772467514,93.64316244882603
515.0704999993835,118.11023622047257,0,0.0,2.6910589048654083,0.006080307717213325,1.756781476546121,0.00877929324098172,49.97326652901018,0.005874606353162585,20.66169746285894,0.006263538402830731,7.442131059276363,35.600204772467514,93.64316244882603
515.0804999993833,118.11023622047257,0,0.0,2.6896598494092014,0.006141897091496719,1.759670740694106,0.008848039147725357,49.392159636031096,0.005850343608140599,20.286446145324916,0.006213471100831982,7.442131059276363,35.600204772467514,93.64316244882603
515.090499999383,118.11023622047257,0,0.13303057135290006,2.69015392384205,0.006206064299115323,1.7636671189433462,0.008920502140461105,48.82813630070331,0.005826799568488271,19.922099589220803,0.006164818361982407,7.442131059276363,35.600204772467514,93.64316244882603
515.1004999993828,118.11023622047257,0,1.043435353305308,3.008638433319608,0.006563138043035436,2.185799466614105,0.00939423019378021,48.28090855457787,0.00580393605891828,19.568299684149462,0.00611749035169213,7.442131059276363,35.600204772467514,93.64316244882603
515.1104999993826,118.11023622047257,0,1.9893076167945407,3.628059751223207,0.007167451519284826,2.8160835959702895,0.010032575332347885,47.74886672746222,0.00578176799133254,19.22236179441873,0.006071411753628426,7.442131059276363,35.600204772467514,93.64316244882603
515.1204999993823,118.11023622047257,0,2.9622589436707094,4.254118125525647,0.007766668787986845,3.2825714905820504,0.010512058023992356,47.23152698339805,0.005760256212204172,18.88492776034482,0.006026535071719899,7.442131059276363,35.600204772467514,93.64316244882603
515.1304999993821,118.11023622047257,0,3.953114622585078,4.727705116233073,0.008227619774355656,3.5275110065283424,0.010787870725077309,46.729099553374056,0.005739362371679702,18.556594037064528,0.005982843770652405,7.442131059276363,35.600204772467514,93.64316244882603
515.1404999993819,118.11023622047257,0,4.952171824730427,5.00502041853059,0.008516098446131107,3.596308716962174,0.010902819597148557,46.24127867034112,0.005719061955034472,18.237269315593934,0.0059403367812142505,7.442131059276363,35.600204772467514,93.64316244882603
515.1504999993816,118.11023622047257,0,5.949483655982983,5.101806707903188,0.008646501378399176,3.54866219670228,0.010913141361680494,45.767170082853745,0.005699323924401196,17.927291832127494,0.0058990137383146245,7.442131059276363,35.600204772467514,93.64316244882603
515.1604999993814,118.11023622047257,1,6.935155274035003,5.060856300777772,0.008659010765161792,3.489755794385358,0.010913141361680494,45.30668741871345,0.0056801200338368356,17.62681957516619,0.005858864765005568,7.442131059276363,35.600204772467514,93.64316244882603
515.1704999993811,118.11023622047257,1,7.899637426884546,5.005234558024328,0.008659010765161792,3.434134051631914,0.010913141361680494,44.85955077104715,0.005661430601442182,17.33556436669377,0.005819865312015168,7.442131059276363,35.600204772467514,93.64316244882603
515.1804999993809,118.11023622047257,1,8.834002947301594,4.95505616231538,0.008659010765161792,3.3839532677348263,0.010913141361680494,44.425805755729534,0.005643207507581952,17.054860356043754,0.0057819749005297155,7.442131059276363,35.600204772467514,93.64316244882603
515.1904999993807,118.2266009852218,1,9.598485993824486,4.911688131385198,0.008659010765161792,3.340583274972367,0.010913141361680494,44.00601632222482,0.0056254067048836665,16.785586358117417,0.005745135677033797,7.442131059276363,35.600204772467514,93.64316244882603
515.2004999993804,118.2266009852218,1,9.598485993824486,6.59814869746578,0.008659010765161792,4.521660890858706,0.010913141361680494,43.60052789201083,0.005607982989817873,16.528330223885355,0.005709270132730954,7.442131059276363,35.600204772467514,93.64316244882603
515.2104999993802,118.2266009852218,1,9.598485993824486,11.680336358380632,0.008659010765161792,8.103191786789374,0.010913141361680494,43.206165337337964,0.005590959333251259,16.279421124330195,0.005674282252507623,7.442131059276363,35.600204772467514,93.64316244882603
515.22049999938,118.2266009852218,1,9.598485993824486,19.99981883396783,0.008659010765161792,13.972950403838766,0.010913141361680494,42.82228488480639,0.005574337761216505,16.03727965798587,0.005640070638690122,7.442131059276363,35.600204772467514,93.64316244882603
515.2304999993797,118.2266009852218,1,9.598485993824486,31.29326741039351,0.008659010765161792,20.94722051320005,0.010618427154451044,42.448116557993934,0.005558119018351894,17.53329253422286,0.00589443780947167,7.442131059276363,35.600204772467514,93.64316244882603
515.2404999993795,118.2266009852218,1,9.598485993824486,44.97345872920059,0.008601374023249996,26.275126306277773,0.009820725914700361,42.95374750633401,0.005573731631803004,21.786720859533084,0.006606869558138964,7.442131059276363,35.600204772467514,93.64316244882603
515.2504999993793,118.2266009852218,1,9.598485993824486,54.40519457869339,0.007782180329867952,30.106275159805932,0.00898513117262322,49.30470266664745,0.005858746682800907,25.905137015950032,0.007301120355201169,7.442131059276363,35.600204772467514,93.64316244882603
515.260499999379,118.2266009852218,1,9.598485993824486,60.02823408957996,0.00681527803922463,32.712303235250694,0.008249775503098153,55.27539941308583,0.0061499270901831365,29.13480775506421,0.007849754954085242,7.442131059276363,35.600204772467514,93.64316244882603
515.2704999993788,118.2266009852218,1,9.598485993824486,63.777366958783276,0.005990349056943846,34.35778774884048,0.007640511120381115,59.88250712080225,0.006379381840994576,31.422216161851868,0.008241252155709217,7.442131059276363,35.600204772467514,93.64316244882603
515.2804999993785,118.2266009852218,1,9.598485993824486,66.34276782887488,0.005329108814150107,35.26801169411033,0.007148852326277622,63.235066690004395,0.006548066954991497,32.898069681665085,0.008496899580027804,7.442131059276363,35.600204772467514,93.64316244882603
515.2904999993783,118.2266009852218,1,9.598485993824486,68.03481975030476,0.0048068724336073464,35.626106398557106,0.006757016704930613,65.57541168515635,0.006667088301685278,33.72934439518369,0.00864456998175371,7.442131059276363,35.600204772467514,93.64316244882603
515.3004999993781,118.2266009852218,1,9.598485993824486,69.05680013998388,0.004397013563452522,35.57993044943646,0.006447036782281039,67.117880154088,0.006746833820321633,34.06876544218124,0.008709696892156482,7.442131059276363,35.600204772467514,93.64316244882603
515.3104999993778,118.2266009852218,1,9.598485993824486,69.54806658366267,0.004077789617010629,35.237522561099695,0.00620353749271572,68.03029594358229,0.006795525221146986,34.04055148440088,0.008712952470389756,7.442131059276363,35.600204772467514,93.64316244882603
515.3204999993776,118.2266009852218,1,9.598485993824486,69.60550676450082,0.003832609598219618,34.67573658203015,0.006014272308381237,68.43848882497508,0.006819398421453546,33.739381538156664,0.008670220713110157,7.442131059276363,35.600204772467514,93.64316244882603
515.3304999993774,118.2266009852218,1,9.598485993824486,69.30254395633312,0.003649518396860641,33.952012383906464,0.005870054505058037,68.43354259273652,0.006822974637308362,33.235116511786,0.00859311441466426,7.442131059276363,35.600204772467514,93.64316244882603
515.3404999993771,118.2266009852218,1,9.598485993824486,68.68259339083981,0.003520413042315242,33.10238990535469,0.005764316131415912,68.07806321610136,0.00680935548490834,32.57692301668691,0.008489778219128923,7.442131059276363,35.600204772467514,93.64316244882603
515.3504999993769,118.2266009852218,1,9.598485993824486,67.76490973385367,0.003440522558529551,32.146163030898556,0.005692785173014172,67.40956989647,0.006780466171933845,31.79601201375825,0.008365503610736855,7.442131059276363,35.600204772467514,93.64316244882603
515.3604999993767,118.2266009852218,1,9.598485993824486,66.54788337316168,0.003408347126462857,31.08949915021471,0.005653393466198936,66.44176891323329,0.0067370843640906005,30.909322275786067,0.008223057659944256,7.442131059276363,35.600204772467514,93.64316244882603
515.3704999993764,118.2266009852218,0,9.598485993824486,64.58081848964837,0.0034077100821471593,29.90114287873785,0.005644952146092218,65.35132582488912,0.006686489925245266,29.927412158843527,0.008064199006810468,7.442131059276363,35.600204772467514,93.64316244882603
515.3804999993762,118.2266009852218,0,9.598485993824486,60.902494245327254,0.0034077100821471593,28.056915472906827,0.005644952146092218,64.31749559438092,0.006638116423292466,28.9817569138313,0.007911125329852874,7.442131059276363,35.600204772467514,93.64316244882603
515.390499999376,118.2266009852218,0,9.598485993824486,55.4303339044118,0.0034077100821471593,25.31946722974439,0.005644952146092218,63.31999894260051,0.006591434236546004,28.113255565732167,0.0077706184873425335,7.442131059276363,35.600204772467514,93.64316244882603
515.4004999993757,118.2266009852218,0,9.598485993824486,48.15399471174639,0.0034077100821471593,21.683799133577658,0.005644952146092218,62.357127490743345,0.006546330787000919,27.312834271385427,0.007641123909326476,7.442131059276363,35.600204772467514,93.64316244882603
515.4104999993755,118.2266009852218,0,9.598485993824486,39.10521379323427,0.0034077100821471593,17.16539660441964,0.005644952146092218,61.426898986099175,0.006502725396524231,26.571770437737005,0.007521303857630495,7.442131059276363,35.600204772467514,93.64316244882603
515.4204999993752,118.2266009852218,0,9.598485993824486,28.354490997642934,0.0034077100821471593,11.799523481144798,0.005644952146092218,60.527101735489744,0.006460535141068967,25.883333583624694,0.00741000621082333,7.442131059276363,35.600204772467514,93.64316244882603
515.430499999375,118.2266009852218,0,9.598485993824486,16.019737717344643,0.0034077100821471593,5.645080488880519,0.005644952146092218,59.656824412776025,0.0064196855093626775,25.24182645251198,0.00730623765750008,7.442131059276363,35.600204772467514,93.64316244882603
515.4404999993748,118.2266009852218,0,9.598485993824486,2.2919064644291414,0.0034099925581673025,-0.7803562876955832,0.005855620834628647,58.85252527009363,0.006379826160429523,24.682912802045564,0.007209140968235032,7.442131059276363,35.600204772467514,93.64316244882603
515.4504999993745,118.2266009852218,0,0.0,-1.2234661523523784,0.004040681920002803,-1.7823300744313517,0.006984135023618554,58.15764091331258,0.006338443037394427,24.303194541368256,0.007117975613102539,7.442131059276363,35.600204772467514,93.64316244882603
515.4604999993743,118.2266009852218,0,0.0,-0.4817223022090049,0.0045383313073755266,-0.9449725482989506,0.007585650180158915,57.47258003872751,0.0062982578987586186,23.940840399867724,0.007032100418111308,7.442131059276363,35.600204772467514,93.64316244882603
515.470499999374,118.2266009852218,0,0.0,0.06916877621772066,0.004882707140664676,-0.4225635896910198,0.007920382012290278,56.80150268815231,0.006259240912412199,23.596236252268696,0.006950955566287537,7.442131059276363,35.600204772467514,93.64316244882603
515.4804999993738,118.2266009852218,0,0.0,0.4946243775078667,0.005128710594507054,-0.03987767292599376,0.008140777294459422,56.14386072617799,0.006221347110019827,23.26749082285635,0.006874046760177604,7.442131059276363,35.600204772467514,93.64316244882603
515.4904999993736,118.2266009852218,0,0.0,0.8363456690597513,0.0053113730332362665,0.2725867401336366,0.008307216313921619,55.499872060288126,0.006184540499473496,22.952596708134056,0.006800936079550421,7.442131059276363,35.600204772467514,93.64316244882603
515.5004999993733,118.2266009852218,0,0.0,1.1212986410892878,0.005453058249115589,0.5434910788524672,0.008444245406681396,54.86983089205879,0.0061487844876116585,22.649941229619365,0.006731236684952842,7.442131059276363,35.600204772467514,93.64316244882603
515.5104999993731,118.2266009852218,0,0.0,1.3668989750979703,0.005568051055348704,0.7853910753232256,0.008562374098912365,54.25292234064535,0.0061140449408730296,22.35802984379934,0.006664608369823968,7.442131059276363,35.600204772467514,93.64316244882603
515.5204999993729,118.2266009852218,0,0.0,1.5844448678712224,0.0056654830547039495,1.0044279890482652,0.008666543573566625,53.649331255500925,0.006080287633686731,22.075634121667886,0.006600752967131235,7.442131059276363,35.600204772467514,93.64316244882603
515.5304999993726,118.2266009852218,0,0.0,1.781543402120398,0.005751197898274704,1.2043362735458243,0.008759429812204731,53.05936149935597,0.0060474760911987105,21.801923897990115,0.006539409898464243,7.442131059276363,35.600204772467514,93.64316244882603
515.5404999993724,118.2266009852218,0,0.0,1.9631391489714853,0.005828940415294753,1.3875512637343435,0.008842739476069504,52.48217413794869,0.006015578278854583,21.535993739611914,0.006480351867381137,7.442131059276363,35.600204772467514,93.64316244882603
515.5504999993722,118.2266009852218,0,0.0,2.1324916774864806,0.005901115576842626,1.5558902048863588,0.008917725103011807,51.91787162950299,0.005984562902815895,21.27708752437799,0.006423380669652386,7.442131059276363,35.600204772467514,93.64316244882603
515.5604999993719,118.2266009852218,0,0.0,2.292053443473921,0.00596927261845297,1.7110971250821878,0.008985395963208359,51.366695383916465,0.005954396183477195,21.024801658941602,0.006368323496795453,7.442131059276363,35.600204772467514,93.64316244882603
515.5704999993717,118.2266009852218,0,0.0,2.4433838503772285,0.006034413553699343,1.8544918403546338,0.00904660745811141,50.82775855536437,0.005925049809211759,20.77853904925616,0.006315029625655292,7.442131059276363,35.600204772467514,93.64316244882603
515.5804999993715,118.2266009852218,0,0.0,2.5875295708945623,0.006097190471109394,1.987172785968014,0.009102102857942078,50.30108067234528,0.005896496230928415,20.53779786141751,0.006263367352256574,7.442131059276363,35.600204772467514,93.64316244882603
515.5904999993712,118.2266009852218,0,0.0,2.725520747863482,0.006158031484198829,2.110387172395541,0.009152536357440226,49.78685088454799,0.005868704768403404,20.302421487443443,0.0062132214270533845,7.442131059276363,35.600204772467514,93.64316244882603
515.600499999371,118.2266009852218,0,0.4019672239808142,2.9028883527838154,0.006266658381853383,2.2954222875267485,0.009279575553036297,49.284591629193976,0.005841643991394526,20.072534590901093,0.00616449082633472,7.442131059276363,35.600204772467514,93.64316244882603
515.6104999993707,118.2266009852218,0,1.3238369404965855,3.476006860183839,0.006729458739615227,2.9846279664550885,0.009871839176038353,48.79298617561143,0.005815308266311937,19.846192173997142,0.006117087039267868,7.442131059276363,35.600204772467514,93.64316244882603
515.6204999993705,118.2266009852218,0,2.278754123164132,4.245116687772647,0.007353083639881531,3.7293911787205603,0.010498026768388067,48.31226528186247,0.005789687940684279,19.623050390439936,0.006070939351725104,7.442131059276363,35.600204772467514,93.64316244882603
515.6304999993703,118.2266009852218,0,3.258069404641916,4.953648787937235,0.007919149518397315,4.2577004682121125,0.010924888280202532,47.842089118134176,0.005764749565701869,19.403769976894083,0.006026008495604193,7.442131059276363,35.600204772467514,93.64316244882603
515.64049999937,118.2266009852218,0,4.252421100422787,5.4818094399143735,0.008328347102808421,4.559516261108145,0.01114894286406414,47.38266184689062,0.00574046299681009,19.188846891237187,0.005982282742332781,7.442131059276363,35.600204772467514,93.64316244882603
515.6504999993698,118.2266009852218,0,5.252002509226238,5.811123655841609,0.00856698259532377,4.688108855015534,0.011218420002602363,46.93427840863353,0.005716797965492438,18.978948334053857,0.005939760943396229,7.442131059276363,35.600204772467514,93.64316244882603
515.6604999993696,118.2266009852218,0,6.246851091822776,5.963081981053593,0.008653996986247288,4.732500262680136,0.011218679764736584,46.496140970594894,0.005693731841461946,18.774234491680964,0.005898439357057253,7.442131059276363,35.600204772467514,93.64316244882603
515.6704999993693,118.2266009852218,1,7.2271453638073035,6.007726151227214,0.00865512854636398,4.774635858393857,0.011218679764736584,46.06815232503873,0.00567124361176976,18.57471050577636,0.005858302738083681,7.442131059276363,35.600204772467514,93.64316244882603
515.6804999993691,118.2266009852218,1,8.183494805030453,6.049228140684795,0.00865512854636398,4.816137847851438,0.011218679764736584,45.650409615377455,0.005649310013507325,18.380548504785782,0.005819320676015629,7.442131059276363,35.600204772467514,93.64316244882603
515.6904999993689,118.2266009852218,1,9.10720857082078,6.092324690602137,0.00865512854636398,4.859233286915419,0.011218679764736584,45.24309494172451,0.005627890603599099,18.19293611333112,0.005781446665396377,7.442131059276363,35.600204772467514,93.64316244882603
515.7004999993686,118.34319526627229,1,9.598485993824486,6.293749350683538,0.00865512854636398,5.019968454139766,0.011218679764736584,44.84688149376794,0.005606945324580047,18.01276635677547,0.005744616245990893,7.442131059276363,35.600204772467514,93.64316244882603
515.7104999993684,118.34319526627229,1,9.598485993824486,9.0927914683727,0.00865512854636398,7.098795023998518,0.011218679764736584,44.46127519267306,0.005586445023335731,17.83952068399796,0.00570874493877654,7.442131059276363,35.600204772467514,93.64316244882603
515.7204999993681,118.34319526627229,1,9.598485993824486,15.247377866179438,0.00865512854636398,11.654458589177935,0.011218679764736584,44.083925884678685,0.0055664186081126835,17.670037474419587,0.0056737324376443235,7.442131059276363,35.600204772467514,93.64316244882603
515.7304999993679,118.34319526627229,1,9.598485993824486,24.56817006826409,0.00865512854636398,18.524313770110812,0.011202240121369611,43.71429518032188,0.005546866576093423,17.6012742672949,0.0056558135409247815,7.442131059276363,35.600204772467514,93.64316244882603
515.7404999993677,118.34319526627229,1,9.598485993824486,36.76031175631929,0.00865512854636398,25.159632455992387,0.010607810562311398,43.35237141945182,0.005527775491201314,20.884744127684414,0.006195180815944113,7.442131059276363,35.600204772467514,93.64316244882603
515.7504999993674,118.34319526627229,1,9.598485993824486,49.846814161994054,0.008384244558319534,30.165859766389094,0.009730963467399144,45.98429388607931,0.0056292841157241326,25.52266077727892,0.006960746237128766,7.442131059276363,35.600204772467514,93.64316244882603
515.7604999993672,118.34319526627229,1,9.598485993824486,57.69201116275146,0.007439962188935957,33.74843058062231,0.008890053107981376,52.535202518368635,0.005932927573440936,29.58773625611527,0.007635056167916677,7.442131059276363,35.600204772467514,93.64316244882603
515.770499999367,118.34319526627229,1,9.598485993824486,62.604180734080884,0.00650549230791476,36.16044824952199,0.008169294315882692,58.107485874163544,0.006203730657296578,32.67378028768401,0.00814741519650033,7.442131059276363,35.600204772467514,93.64316244882603
515.7804999993667,118.34319526627229,1,9.598485993824486,65.93811038866889,0.005732841912518495,37.65509102788639,0.007578677986243705,62.30308376567434,0.006410052340803472,34.81484162763852,0.008502427599038567,7.442131059276363,35.600204772467514,93.64316244882603
515.7904999993665,118.34319526627229,1,9.598485993824486,68.20620439870419,0.005117967387058909,38.45210002473894,0.00710461518080736,65.31549552387713,0.006558849038612211,36.16750783560278,0.008726042271089788,7.442131059276363,35.600204772467514,93.64316244882603
515.8004999993663,118.34319526627229,1,9.598485993824486,69.67048062663525,0.004633501003273077,38.72853715109571,0.006727927463178674,67.38587218999812,0.0066614830456149755,36.90421459415237,0.008846937979492365,7.442131059276363,35.600204772467514,93.64316244882603
515.810499999366,118.34319526627229,1,9.598485993824486,70.51319904104042,0.004253984300144731,38.62454238506799,0.0064306190021864475,68.71489793577472,0.006727751565792686,37.174277357475276,0.00889002551006172,7.442131059276363,35.600204772467514,93.64316244882603
515.8204999993658,118.34319526627229,1,9.598485993824486,70.86019173576412,0.003959259497699443,38.24126757391885,0.006197745953005232,69.45693991024044,0.0067652489224426585,37.0962908337111,0.00887508857285805,7.442131059276363,35.600204772467514,93.64316244882603
515.8304999993655,118.34319526627229,1,9.598485993824486,70.79954360176971,0.0037341680810780735,37.65102645222167,0.006017610490853879,69.72732763034355,0.006779656466903049,36.76040209551344,0.00881710442217901,7.442131059276363,35.600204772467514,93.64316244882603
515.8404999993653,118.34319526627229,1,9.598485993824486,70.3959447824236,0.0035679554440694377,36.90596291445052,0.005881565385509501,69.60782593820613,0.0067750555788876855,36.231300607612035,0.008726876813925385,7.442131059276363,35.600204772467514,93.64316244882603
515.8504999993651,118.34319526627229,1,9.598485993824486,69.68570262556864,0.0034535311973782675,36.037518032305364,0.00578356247258693,69.15318921972312,0.0067541864819960044,35.553490307404516,0.008611836777601255,7.442131059276363,35.600204772467514,93.64316244882603
515.8604999993648,118.34319526627229,1,9.598485993824486,68.68264434548242,0.003387040314158062,35.06181738560192,0.005719864639997983,68.39479428485726,0.0067186369447902105,34.75504458836584,0.00847661226344239,7.442131059276363,35.600204772467514,93.64316244882603
515.8704999993646,118.34319526627229,0,9.598485993824486,67.3753829353274,0.003367635044672371,33.97981354092346,0.005689004970006539,67.3444534737643,0.006669036616493653,33.84844309287397,0.00832330005577345,7.442131059276363,35.600204772467514,93.64316244882603
515.8804999993644,118.34319526627229,0,9.598485993824486,64.98928188744051,0.003367635044672371,32.66929713446679,0.005685982261157325,66.27036793340552,0.006616842775257161,32.8660950350107,0.008157374337668766,7.442131059276363,35.600204772467514,93.64316244882603
515.8904999993641,118.34319526627229,0,9.598485993824486,60.86609783877143,0.003367635044672371,30.540015924132693,0.005685982261157325,65.23818721505806,0.006566602345946355,31.95164281489449,0.008002759669165319,7.442131059276363,35.600204772467514,93.64316244882603
515.9004999993639,118.34319526627229,0,9.598485993824486,54.96535107563033,0.003367635044672371,27.48879881924504,0.005685982261157325,64.2413145802742,0.006518092730311681,31.112454685471562,0.0078607087590074,7.442131059276363,35.600204772467514,93.64316244882603
515.9104999993637,118.34319526627229,0,9.598485993824486,47.28904585420054,0.003367635044672371,23.5166418217702,0.005685982261157325,63.27786067347721,0.006471213116585183,30.339108814549352,0.007729674910982084,7.442131059276363,35.600204772467514,93.64316244882603
515.9204999993634,118.34319526627229,0,9.598485993824486,37.881900921842224,0.003367635044672371,18.646859322612624,0.005685982261157325,62.34650882617812,0.006425871975359439,29.623840213068483,0.007608326732004718,7.442131059276363,35.600204772467514,93.64316244882603
515.9304999993632,118.34319526627229,0,9.598485993824486,26.826844718575952,0.003367635044672371,12.92240187330467,0.005685982261157325,61.44493435004822,0.0063819953214548685,28.95958687559784,0.007495517187266433,7.442131059276363,35.600204772467514,93.64316244882603
515.9404999993629,118.34319526627229,0,9.598485993824486,14.252258796189,0.003367635044672371,6.409787596896871,0.005685982261157325,60.57197985525406,0.006339516901261147,28.3402899566013,0.0073902570128848415,7.442131059276363,35.600204772467514,93.64316244882603
515.9504999993627,118.34319526627229,0,0.0,0.5910861491729151,0.0035289437935791465,-0.31804820808954126,0.006136284430213653,59.72673424822002,0.006298372987623799,27.760896509823343,0.007291692159744279,7.442131059276363,35.600204772467514,93.64316244882603
515.9604999993625,118.34319526627229,0,0.0,1.3804095794064088,0.004188132075331422,0.7015572985546821,0.007020810228278316,58.907695445683316,0.006258506576745581,27.217249049803094,0.007199084526500015,7.442131059276363,35.600204772467514,93.64316244882603
515.9704999993622,118.34319526627229,0,0.0,1.9234309184733536,0.004636368115849765,1.2121983988745608,0.00745836761908164,58.11474315556316,0.006219841697333534,26.70665144553194,0.007111794036454788,7.442131059276363,35.600204772467514,93.64316244882603
515.980499999362,118.34319526627229,0,0.0,2.308424506047407,0.004949456941281589,1.5155528926853759,0.007713364664632866,57.34693023844743,0.006182330817248728,26.22546185137223,0.007029259842826166,7.442131059276363,35.600204772467514,93.64316244882603
515.9904999993618,118.34319526627229,0,0.0,2.591402280551714,0.005175747172357039,1.729386105297393,0.007889521893089937,56.60222459028821,0.006145938702106806,25.770020787533085,0.006950986020427402,7.442131059276363,35.600204772467514,93.64316244882603
516.0004999993615,118.34319526627229,0,0.0,2.8080905960518896,0.005346091346709124,1.9002449852333205,0.008028070845324236,55.8797508908634,0.006110629932053927,25.33723136108237,0.006876533628161747,7.442131059276363,35.600204772467514,93.64316244882603
516.0104999993613,118.34319526627229,0,0.0,2.9816305494310744,0.0054801868584250435,2.0472945486076886,0.008145840605144764,55.178999321728995,0.006076363894847777,24.92478451203779,0.006805515539446319,7.442131059276363,35.600204772467514,93.64316244882603
516.020499999361,118.34319526627229,0,0.0,3.126635580157426,0.005590616342620203,2.1785588928919855,0.008250060932533406,54.498400638312866,0.006043106020667407,24.530392487548845,0.0067375917639998385,7.441281923142333,35.67461406143357,93.32164286171033
516.0304999993608,118.34319526627229,0,0.0,3.252422956763943,0.0056854241496523215,2.2977394030717138,0.008344134882051586,53.8374134415226,0.006010821716387452,24.15213487889142,0.0066724646072871385,7.441281923142333,35.67461406143357,93.32164286171033
516.0404999993606,118.34319526627229,0,0.0,3.365250887516543,0.00576975897144017,2.4071016044920985,0.008429901438522633,53.19575135706307,0.0059794724895717855,23.788660896235132,0.006609874034588424,7.441281923142333,35.67461406143357,93.32164286171033
516.0504999993603,118.34319526627229,0,0.0,3.4689510915419626,0.005846921016207461,2.507890220547987,0.008508528452065343,52.57204474657012,0.005949026472021074,23.438488082372306,0.006549593248903944,7.441281923142333,35.67461406143357,93.32164286171033
516.0604999993601,118.34319526627229,0,0.0,3.5659437479081495,0.005919030442683517,2.6009789223819553,0.00858087059042882,51.96587571772192,0.005919452285728511,23.100365751356016,0.006491424441985293,7.441281923142333,35.67461406143357,93.32164286171033
516.0704999993599,118.34319526627229,0,0.0,3.6580600590081644,0.005987453728716794,2.687353323656664,0.008647617025942014,51.37704182853538,0.005890715128369456,22.773491935378985,0.006435195070280205,7.441281923142333,35.67461406143357,93.32164286171033
516.0804999993596,118.34319526627229,0,0.0,3.746306990653444,0.006053075344566932,2.7676213178911637,0.008709354080675814,50.8042911178125,0.005862786616736009,22.45686374635996,0.006380754538352443,7.441281923142333,35.67461406143357,93.32164286171033
516.0904999993594,118.34319526627229,0,0.0,3.831295007911046,0.006116471542410635,2.842281502651961,0.008766594496571816,50.24727369294712,0.005835638846241947,22.14963743747697,0.006327971141965582,7.441281923142333,35.67461406143357,93.32164286171033
516.1004999993592,118.34319526627229,0,0.0,3.9136808089197435,0.006178021292995469,2.912047146215501,0.008819793376376854,49.70583586908276,0.005809240647523045,21.85134431537921,0.0062767295156133576,7.441281923142333,35.67461406143357,93.32164286171033
516.1104999993589,118.34319526627229,0,0.7203582013936618,4.150523113149267,0.006392556448671958,3.1937868530700584,0.009092165592710411,49.17904497866956,0.005783561880920908,21.561604120601736,0.006226928423153099,7.441281923142333,35.67461406143357,93.32164286171033
516.1204999993587,118.34319526627229,0,1.6547237218107087,4.782881729403271,0.0069456615688645125,3.870733546227066,0.009709259757768395,48.6657602451246,0.00575859876960486,21.27857085332938,0.0061784800744695105,7.441281923142333,35.67461406143357,93.32164286171033
516.1304999993584,118.34319526627229,0,2.619205874660251,5.508894147238594,0.0075692791455804955,4.469673509860906,0.010242785913816476,48.166139474801746,0.005734324499538347,21.00229481180221,0.006131319916736934,7.441281923142333,35.67461406143357,93.32164286171033
516.1404999993582,118.34319526627229,0,3.60487749271227,6.1198416033383936,0.00808757322337829,4.848806435837839,0.010574714475982624,47.679411594524986,0.005710710255955104,20.732916548927363,0.006085416954322,7.441281923142333,35.67461406143357,93.32164286171033
516.150499999358,118.34319526627229,0,4.6021893239648275,6.537529543763572,0.008437132330319662,5.034766835751492,0.010732407791639411,47.20541886786468,0.005687730371405812,20.470511593309325,0.006040762911303293,7.441281923142333,35.67461406143357,93.32164286171033
516.1604999993577,118.34319526627229,0,5.6012465261101765,6.7645995920182855,0.008621858065166198,5.078658614069608,0.010763006520038334,46.74415980423811,0.00566535657375882,20.215421268453124,0.00599735523383387,7.441281923142333,35.67461406143357,93.32164286171033
516.1704999993575,118.34319526627229,1,6.592102205024545,6.826026951187622,0.008664612707147875,5.084393157001253,0.010763006520038334,46.29468560253078,0.005643567233945682,19.967564500080638,0.005955184816022285,7.441281923142333,35.67461406143357,93.32164286171033
516.1804999993573,118.34319526627229,1,7.565053531900713,6.832023665297838,0.008664612707147875,5.090388060142541,0.010763006520038334,45.856705188430425,0.00562234193944305,19.72671450925397,0.005914228978652406,7.441281923142333,35.67461406143357,93.32164286171033
516.190499999357,118.34319526627229,1,8.510925795389946,6.839693871386536,0.008664612707147875,5.098058266231238,0.010763006520038334,45.43046910397178,0.0056016518627301825,19.493272542590528,0.0058744495352999315,7.441281923142333,35.67461406143357,93.32164286171033
516.2004999993568,118.34319526627229,1,9.421330577342355,6.850090598301135,0.008664612707147875,5.108453580836317,0.010763006520038334,45.01553235528349,0.005581464139216909,19.267584934183184,0.005835791918608217,7.441281923142333,35.67461406143357,93.32164286171033
516.2104999993566,118.46001974333672,1,9.598485993824486,7.594046703209419,0.008664612707147875,5.626572364853756,0.010763006520038334,44.61220828164307,0.005561745675102846,19.050001696239327,0.005798182934001868,7.441281923142333,35.67461406143357,93.32164286171033
516.2204999993563,118.46001974333672,1,9.598485993824486,11.556861916880772,0.008664612707147875,8.36858001893492,0.010763006520038334,44.21951608215431,0.0055424862977667645,18.839059348042554,0.005761529645448685,7.441281923142333,35.67461406143357,93.32164286171033
516.2304999993561,118.46001974333672,1,9.598485993824486,18.827804199757153,0.008664612707147875,13.395789622103441,0.010763006520038334,43.83607770759728,0.005523690080795888,18.633029045531668,0.005725728099514778,7.441281923142333,35.67461406143357,93.32164286171033
516.2404999993558,118.46001974333672,1,9.598485993824486,29.1815185136899,0.008664612707147875,20.428677956681383,0.010710220742963803,43.46152535321671,0.005505348582930691,18.745530301663358,0.005742944404064282,7.441281923142333,35.67461406143357,93.32164286171033
516.2504999993556,118.46001974333672,1,9.598485993824486,42.288778301326154,0.008664612707147875,26.506876356820566,0.01006343239056158,43.095744598556635,0.005487446690279635,22.276108165492285,0.0063281545456006375,7.441281923142333,35.67461406143357,93.32164286171033
516.2604999993554,118.46001974333672,1,9.598485993824486,53.376942260700645,0.008041630555676414,30.897077903428006,0.009230252266827827,48.50796105164794,0.00571631794503821,26.587902839017804,0.00704477373165999,7.441281923142333,35.67461406143357,93.32164286171033
516.2704999993551,118.46001974333672,1,9.598485993824486,59.81806202675576,0.007057317107927643,33.9611540610321,0.008462166962159278,54.831500551735026,0.00601835188987538,30.195409375269755,0.0076462514225912465,7.441281923142333,35.67461406143357,93.32164286171033
516.2804999993549,118.46001974333672,1,9.598485993824486,64.03304562309408,0.006180170560188677,35.977078522322486,0.007815029712842644,59.86849949303973,0.006265493280460554,32.85615072169323,0.008090485982781994,7.441281923142333,35.67461406143357,93.32164286171033
516.2904999993547,118.46001974333672,1,9.598485993824486,66.91792014551486,0.005470061692705677,37.183681689249035,0.007288858532882858,63.58215651460627,0.006449323726259215,34.65339318149806,0.008390969224700357,7.441281923142333,35.67461406143357,93.32164286171033
516.3004999993544,118.46001974333672,1,9.598485993824486,68.85262744862551,0.004907847282637686,37.77907614752322,0.006867997204398121,66.20635824841575,0.006579977085245576,35.74783669735379,0.008574388812295976,7.441281923142333,35.67461406143357,93.32164286171033
516.3104999993542,118.46001974333672,1,9.598485993824486,70.0583622282692,0.004465850037411714,37.919424349049386,0.006534214034936108,67.97004721366511,0.006668435810798813,36.29927579969643,0.008667304716003514,7.441281923142333,35.67461406143357,93.32164286171033
516.320499999354,118.46001974333672,1,9.598485993824486,70.69581108438318,0.0041205100704776055,37.72680333202908,0.0062712853465647965,69.05639107546358,0.006723670378530522,36.441192706410554,0.008691943931492566,7.441281923142333,35.67461406143357,93.32164286171033
516.3304999993537,118.46001974333672,1,9.598485993824486,70.87637613457741,0.003853633675997842,37.288704215122465,0.006066060362706436,69.6042230805889,0.006752512958528361,36.27768029365105,0.008665636981067,7.441281923142333,35.67461406143357,93.32164286171033
516.3404999993535,118.46001974333672,1,9.598485993824486,70.6772332854358,0.0036517657027739553,36.66699877985582,0.00590841493660653,69.7158588748731,0.006760010785015499,35.88669376802062,0.008601334931443475,7.441281923142333,35.67461406143357,93.32164286171033
516.3504999993532,118.46001974333672,1,9.598485993824486,70.15309216707983,0.0035055621717181673,35.90524908731994,0.005790997745262923,69.46250216447035,0.006749724840767644,35.32353094777385,0.008508254062185007,7.441281923142333,35.67461406143357,93.32164286171033
516.360499999353,118.46001974333672,1,9.598485993824486,69.33217530036734,0.0034091533347861166,35.02851638898151,0.005708841746235377,68.88997320154071,0.006723956235931926,34.625305868651104,0.008392575404595943,7.441281923142333,35.67461406143357,93.32164286171033
516.3704999993528,118.46001974333672,1,9.598485993824486,68.22009085754097,0.003359845274836865,34.04730075751695,0.005659161717694196,68.02108496549347,0.006683886697741695,33.81381026714239,0.008257899967456754,7.441281923142333,35.67461406143357,93.32164286171033
516.3804999993525,118.46001974333672,0,9.598485993824486,66.6839765819938,0.0033528921488574595,32.956800905616184,0.005641400083571129,66.92048043551327,0.006632133587533358,32.89610894497178,0.008105415785977448,7.441281923142333,35.67461406143357,93.32164286171033
516.3904999993523,118.46001974333672,0,9.598485993824486,63.68809620332716,0.0033528921488574595,31.434185938533098,0.005641373126332369,65.86158316844299,0.006581371291166323,31.958299187788565,0.007949522099528624,7.441281923142333,35.67461406143357,93.32164286171033
516.4004999993521,118.46001974333672,0,9.598485993824486,58.94617624379607,0.0033528921488574595,29.028236456344498,0.005641373126332369,64.84076985809497,0.006532409985565766,31.098474092607656,0.007806535842347426,7.441281923142333,35.67461406143357,93.32164286171033
516.4104999993518,118.46001974333672,0,9.598485993824486,52.43236668629738,0.0033528921488574595,25.72283957833983,0.005641373126332369,63.85482749895176,0.00648513133599317,30.307007216210316,0.007674876472304514,7.441281923142333,35.67461406143357,93.32164286171033
516.4204999993516,118.46001974333672,0,9.598485993824486,44.163317304804664,0.0033528921488574595,21.52642736613403,0.005641373126332369,62.902001601254916,0.006439439228977687,29.575515864224066,0.007553161157406528,7.441281923142333,35.67461406143357,93.32164286171033
516.4304999993514,118.46001974333672,0,9.598485993824486,34.19784216600865,0.0033528921488574595,16.46890490218616,0.005641373126332369,61.98092963731943,0.006395248554276782,28.89692125340593,0.007440199246797619,7.441281923142333,35.67461406143357,93.32164286171033
516.4404999993511,118.46001974333672,0,9.598485993824486,22.634309153036146,0.0033528921488574595,10.600183067794962,0.005641373126332369,61.08941481853163,0.0063524872201939,28.264947751802424,0.007334964675186545,7.441281923142333,35.67461406143357,93.32164286171033
516.4504999993509,118.46001974333672,0,9.598485993824486,9.614727621919657,0.0033528921488574595,3.992327428023854,0.005642487945555891,60.22636716733882,0.006311090249543383,27.674219840723445,0.00723657223543246,7.441281923142333,35.67461406143357,93.32164286171033
516.4604999993506,118.46001974333672,0,0.0,1.1395132491754314,0.0037868997586950103,0.33212779212328014,0.006489965827275557,59.390743102011385,0.0062709995772026635,27.119990231967243,0.007144257448459685,7.441281923142333,35.67461406143357,93.32164286171033
516.4704999993504,118.46001974333672,0,0.0,1.8240235326820176,0.004366393044839626,1.0985764132714833,0.0071627792938913915,58.58149020533885,0.006232147682397889,26.599203746329074,0.007057359214294215,7.441281923142333,35.67461406143357,93.32164286171033
516.4804999993502,118.46001974333672,0,0.0,2.295679108327652,0.004763548768401031,1.5009432569581365,0.0075154189198200745,57.79789345684262,0.00619447322079262,26.108682567067827,0.006975302364902172,7.441281923142333,35.67461406143357,93.32164286171033
516.4904999993499,118.46001974333672,0,0.0,2.6306315791769723,0.005043779249703118,1.7527586955244558,0.007735196777183939,57.039011405216705,0.0061579325493563925,25.645041292755547,0.006897580254307102,7.441281923142333,35.67461406143357,93.32164286171033
516.5004999993497,118.46001974333672,0,0.0,2.8774065285965786,0.005248813540180122,1.937786095938507,0.007895862012675984,56.303013063136454,0.006122487732732274,25.205128917935298,0.006823743765453654,7.441281923142333,35.67461406143357,93.32164286171033
516.5104999993495,118.46001974333672,0,0.0,3.0669817163908704,0.005405285617989395,2.089400093785377,0.00802694662643173,55.58914009551745,0.00608810103123054,24.786278508660914,0.0067533953275155535,7.441281923142333,35.67461406143357,93.32164286171033
516.5204999993492,118.46001974333672,0,0.0,3.2192719303221797,0.005530204200824006,2.221441108603089,0.008140679076371643,54.89681979723462,0.006054733366398379,24.386324623717403,0.006686184558195914,7.441281923142333,35.67461406143357,93.32164286171033
516.530499999349,118.46001974333672,0,0.0,3.3469738711099546,0.005634438514872557,2.339936584347289,0.008242455057543478,54.22458158368837,0.006022348878587613,24.003271331143257,0.006621804026979997,7.441281923142333,35.67461406143357,93.32164286171033
516.5404999993488,118.46001974333672,0,0.0,3.4581938529565788,0.00572494125310875,2.4478048200535003,0.008334926580163349,53.571922192519146,0.005990912158685297,23.63544124195051,0.006559984789626676,7.441281923142333,35.67461406143357,93.32164286171033
516.5504999993485,118.46001974333672,0,0.0,3.5582295566775772,0.005806165906801272,2.5468009050179483,0.008419608949077392,52.93844710245387,0.005960387216381857,23.281491862393484,0.00650049211046284,7.441281923142333,35.67461406143357,93.32164286171033
516.5604999993483,118.46001974333672,0,0.0,3.6504438384934677,0.005880970337436671,2.6380489704561896,0.00849751773717935,52.322856873844806,0.005930741534068134,22.94012863851816,0.006443121395499039,7.441281923142333,35.67461406143357,93.32164286171033
516.570499999348,118.46001974333672,0,0.0,3.736974425940103,0.005951193558541396,2.7223792332485135,0.00856942571925267,51.72475734497845,0.005901943281297812,22.610265402468617,0.006387694298704734,7.441281923142333,35.67461406143357,93.32164286171033
516.5804999993478,118.46001974333672,0,0.0,3.8192939475789185,0.006018023677277416,2.8005713173769298,0.008635970536242203,51.14383560924205,0.005873960258616568,22.291053727120765,0.006334055321971328,7.441281923142333,35.67461406143357,93.32164286171033
516.5904999993476,118.46001974333672,0,0.0,3.8477121207111704,0.006082230829047627,2.82262142795817,0.008697688059638416,50.52836214842129,0.005847232296909485,21.925364302446393,0.006282068793912682,7.441281923142333,35.67461406143357,93.32164286171033
516.6004999993473,118.46001974333672,0,0.0,3.8122966951966353,0.006144295377276962,2.778470384988121,0.008754998210550697,49.9130414561148,0.005822879451597515,21.51346436572443,0.006231616091150249,7.441281923142333,35.67461406143357,93.32164286171033
516.6104999993471,118.46001974333672,0,0.13303057135290006,3.7791267432130895,0.006208896685080212,2.7358359676304347,0.008815937405289133,49.3113453877831,0.005799133172688683,21.112957325749925,0.006182593350803496,7.441281923142333,35.67461406143357,93.32164286171033
516.6204999993469,118.46001974333672,0,1.043435353305308,4.064219115282042,0.006566529861428797,3.1025366227583993,0.0092696230213937,48.7277476230481,0.005776142044733602,20.72308683703821,0.00613490954109519,7.441281923142333,35.67461406143357,93.32164286171033
516.6304999993466,118.46001974333672,0,1.9893076167945407,4.651498695545293,0.007171536577875657,3.6773335269294307,0.009887520418782825,48.1610512037323,0.005753898872077436,20.342091696009902,0.006088488286256131,7.441281923142333,35.67461406143357,93.32164286171033
516.6404999993464,118.46001974333672,0,2.9622589436707094,5.245613653028761,0.007771344222917467,4.09474548281366,0.010352277120313102,47.611134171856826,0.0057323689294963434,19.97002149648855,0.006043281157573008,7.441281923142333,35.67461406143357,93.32164286171033
516.6504999993462,118.46001974333672,0,3.953114622585078,5.687081184152596,0.008232745281308594,4.2969420740595226,0.010619121670751647,47.077099836768745,0.005711516198250325,19.60710300645821,0.005999271009973528,7.441281923142333,35.67461406143357,93.32164286171033
516.6604999993459,118.46001974333672,0,4.952171824730427,5.932651408670595,0.008521709841041815,4.328164133565667,0.010729457213102643,46.5587585150602,0.005691307471782136,19.253587577773175,0.005956456356958212,7.441281923142333,35.67461406143357,93.32164286171033
516.6704999993457,118.46001974333672,0,5.949483655982983,5.997657949931959,0.008652572962738586,4.247027903072945,0.01073886229543338,46.055790944954154,0.005671713302779087,18.909550960306053,0.005914836382866533,7.441281923142333,35.67461406143357,93.32164286171033
516.6804999993454,118.46001974333672,1,6.935155274035003,5.924567504022356,0.008665262190431655,4.15574849890654,0.01073886229543338,45.567248601726526,0.005652704511678407,18.575037749723116,0.005874400709994197,7.441281923142333,35.67461406143357,93.32164286171033
516.6904999993452,118.46001974333672,1,7.899637426884546,5.836916806358948,0.008665262190431655,4.068096326197685,0.01073886229543338,45.09300665124837,0.005634251958257194,18.250154346010202,0.005835124202188964,7.441281923142333,35.67461406143357,93.32164286171033
516.700499999345,118.46001974333672,1,8.834002947301594,5.754432646959631,0.008665262190431655,3.985612166798367,0.01073886229543338,44.63340261339515,0.00561631493638316,17.935640473051485,0.005796965764390078,7.441281923142333,35.67461406143357,93.32164286171033
516.7104999993447,118.46001974333672,1,9.598485993824486,5.678246107707997,0.008665262190431655,3.9094246033775124,0.01073886229543338,44.18809954350436,0.005598852177915768,17.632076345629017,0.005759867013974036,7.441281923142333,35.67461406143357,93.32164286171033
516.7204999993445,118.46001974333672,1,9.598485993824486,7.33596323803559,0.008665262190431655,5.028771140424985,0.01073886229543338,43.757590183189215,0.005581813423097401,17.340334563942307,0.005723749898590952,7.441281923142333,35.67461406143357,93.32164286171033
516.7304999993443,118.46001974333672,1,9.598485993824486,12.39792049643584,0.008665262190431655,8.492221819406373,0.01073886229543338,43.3397301377866,0.005565212375495746,17.05729667039549,0.005688517838043821,7.441281923142333,35.67461406143357,93.32164286171033
516.740499999344,118.46001974333672,1,9.598485993824486,20.705289906124495,0.008665262190431655,14.190237864515602,0.01073886229543338,42.93331180810136,0.0055490445215984315,16.781555258057715,0.0056540689566355,7.441281923142333,35.67461406143357,93.32164286171033
516.7504999993438,118.46001974333672,1,9.598485993824486,31.99578931546713,0.008665262190431655,21.128439622944022,0.010494919788331884,42.53795402235314,0.005533296190613573,17.94987918762807,0.005859150840927824,7.441281923142333,35.67461406143357,93.32164286171033
516.7604999993436,118.46001974333672,1,9.598485993824486,45.57057132364298,0.00858798987910277,26.411852685717964,0.009725988952140578,43.25688576194038,0.005558626104636628,22.027864622959033,0.006547495292018039,7.441281923142333,35.67461406143357,93.32164286171033
516.7704999993433,118.46001974333672,1,9.598485993824486,54.768754084614876,0.007747358499198545,30.180482284794117,0.008906901995842082,49.64286247679716,0.005848427295001363,26.05564193631881,0.007230883207937858,7.441281923142333,35.67461406143357,93.32164286171033
516.7804999993431,118.46001974333672,1,9.598485993824486,60.306361760186974,0.006781301490649147,32.7397124504772,0.008184473109882314,55.56718215911375,0.006138836505263878,29.22262555435053,0.007772612573667384,7.441281923142333,35.67461406143357,93.32164286171033
516.7904999993428,118.46001974333672,1,9.598485993824486,64.00007531003632,0.005960086025699341,34.34846321698614,0.007585663284578988,60.12371973700669,0.006367021137441346,31.462752216258274,0.008159803874177935,7.441281923142333,35.67461406143357,93.32164286171033
516.8004999993426,118.46001974333672,1,9.598485993824486,66.52105464777415,0.005302335439862253,35.23221834810042,0.007102353708764143,63.43097947359753,0.006534663088766399,32.902954148492846,0.008413207805444618,7.441281923142333,35.67461406143357,93.32164286171033
516.8104999993424,118.46001974333672,1,9.598485993824486,68.17879122186798,0.004783161525507518,35.57358520421724,0.006717216366640275,65.73134622762957,0.006652864448474373,33.70761578332335,0.008560117788690175,7.441281923142333,35.67461406143357,93.32164286171033
516.8204999993421,118.46001974333672,1,9.598485993824486,69.16627579067993,0.004375852220830185,35.513116565212734,0.00641253057640011,67.23860409619485,0.006732007227106946,34.027140548198304,0.008625634213247945,7.441281923142333,35.67461406143357,93.32164286171033
516.8304999993419,118.46001974333672,1,9.598485993824486,69.62744372213308,0.0040587194727057935,35.1601588006426,0.006173204957031955,68.12011892214093,0.006780305715319619,33.983753086183015,0.008630095375399483,7.441281923142333,35.67461406143357,93.32164286171033
516.8404999993417,118.46001974333672,1,9.598485993824486,69.66137133248915,0.0038153295019435016,34.59210722058826,0.005987276958920422,68.50113944448405,0.006803926940847523,33.67112755282845,0.008589073968763907,7.441281923142333,35.67461406143357,93.32164286171033
516.8504999993414,118.46001974333672,1,9.598485993824486,69.33480299124751,0.00363373509609706,33.86218023728677,0.005845690615795658,68.47223166662441,0.006807374378413815,33.157770739676785,0.008514040830242865,7.441281923142333,35.67461406143357,93.32164286171033
516.8604999993412,118.46001974333672,1,9.598485993824486,68.69381115597413,0.0035058812657543527,33.00747788373103,0.005742014414560496,68.09524712501853,0.006793743036662674,32.49194161992266,0.008413006578503635,7.441281923142333,35.67461406143357,93.32164286171033
516.870499999341,118.46001974333672,1,9.598485993824486,67.75842399595469,0.003427083900423595,32.04770533497942,0.005672095044007917,67.40753248336465,0.006764914013964409,31.705011380342935,0.008291153016252672,7.441281923142333,35.67461406143357,93.32164286171033
516.8804999993407,118.46001974333672,1,9.598485993824486,66.52459819378957,0.00339587402718613,30.987633113120985,0.0056339251271075455,66.42271026771375,0.006721654579003014,30.81301865112198,0.008151199861230696,7.441281923142333,35.67461406143357,93.32164286171033
516.8904999993405,118.46001974333672,0,9.598485993824486,64.52326348416773,0.0033953741324614524,29.79191110471307,0.005626146063424709,65.32279314188214,0.006671516680562548,29.82751263925271,0.007995088407105546,7.441281923142333,35.67461406143357,93.32164286171033
516.9004999993402,118.46001974333672,0,9.598485993824486,60.81033437719684,0.0033953741324614524,27.93347660700913,0.005626146063424709,64.27970700569166,0.0066235990315532045,28.88153420026721,0.007845099215354997,7.441281923142333,35.67461406143357,93.32164286171033
516.91049999934,118.46001974333672,0,9.598485993824486,55.31060456270491,0.0033953741324614524,25.191719399458616,0.005626146063424709,63.27424600934124,0.006577377283661145,28.011501682777862,0.007707378842648827,7.441281923142333,35.67461406143357,93.32164286171033
516.9204999993398,118.46001974333672,0,9.598485993824486,48.01227881984824,0.0033953741324614524,21.56089016843291,0.005626146063424709,62.30366639151873,0.00653274006047404,27.20839643279651,0.007580410819364658,7.441281923142333,35.67461406143357,93.32164286171033
516.9304999993395,118.46001974333672,0,9.598485993824486,38.947617086030256,0.0033953741324614524,17.057049363086463,0.005626146063424709,61.36643305896131,0.006489592065332244,26.464532916551363,0.007462890230682524,7.441281923142333,35.67461406143357,93.32164286171033
516.9404999993393,118.46001974333672,0,9.598485993824486,28.191323316962034,0.0033953741324614524,11.71691497318183,0.005626146063424709,60.460822839617705,0.006447860998478522,25.772635413604696,0.007353693184946375,7.441281923142333,35.67461406143357,93.32164286171033
516.9504999993391,118.46001974333672,0,9.598485993824486,15.858121749660256,0.0033953741324614524,5.597344791251097,0.005626146063424709,59.58488071710817,0.006407473529348119,25.126986493230696,0.007251850844743922,7.441281923142333,35.67461406143357,93.32164286171033
516.9604999993388,118.46001974333672,0,9.598485993824486,2.107383331997056,0.003400973824508212,-0.7932987330776733,0.005855178738942075,58.73754993300573,0.006368363959027089,24.522588407560278,0.007156527100881741,7.441281923142333,35.67461406143357,93.32164286171033
516.9704999993386,118.46001974333672,0,0.0,-1.2504165038371076,0.004045091982420796,-1.828133157492819,0.006970678622324313,57.91767254666648,0.006330487671085686,23.954545535264753,0.007066999612877953,7.441281923142333,35.67461406143357,93.32164286171033
516.9804999993383,118.46001974333672,0,0.0,-0.6901231527560059,0.004540888226664575,-1.18437544681866,0.007559741185366171,57.126018562851236,0.006293728535498308,23.422808640965414,0.0069826430377931065,7.441281923142333,35.67461406143357,93.32164286171033
516.9904999993381,118.46001974333672,0,0.0,-0.3042921410534465,0.0048839907518939026,-0.8292328158047431,0.007891426085242697,56.36126557914399,0.0062580311788901204,22.923702023313307,0.006902911158838823,7.441281923142333,35.67461406143357,93.32164286171033
517.0004999993379,118.46001974333672,0,0.0,-0.030757087056655585,0.005129091161359516,-0.5953789750030793,0.008113887791107244,55.62146648972366,0.006223375669042716,22.452512296458096,0.006827321330660702,7.441281923142333,35.67461406143357,93.32164286171033
517.0104999993376,118.46001974333672,0,0.0,0.17061681665386264,0.005311084671122426,-0.41673523543134294,0.008285734070596492,54.904616009034015,0.006189730849819026,22.005843757841316,0.0067554458270196295,7.441281923142333,35.67461406143357,93.32164286171033
517.0204999993374,118.46001974333672,0,0.0,0.3255622004438896,0.005452246904999624,-0.26673396287797324,0.00843065613491044,54.2098706915143,0.006157062350409374,21.58101511583986,0.0066869066548579685,7.440611330226822,35.73348702023254,93.10400708599715
517.0304999993372,118.46001974333672,0,0.0,0.4498841969010021,0.005566806100034136,-0.13493350677311522,0.008558649159476421,53.53609988212377,0.006125346073715846,21.175124399412702,0.006621371271450773,7.440611330226822,35.73348702023254,93.10400708599715
517.0404999993369,118.46001974333672,0,0.0,0.5543063603075984,0.005663857284757979,-0.016143307146188057,0.008674278557294359,52.88199611903483,0.006094545406247216,20.7863953317531,0.0065585482969749915,7.440611330226822,35.73348702023254,93.10400708599715
517.0504999993367,118.46001974333672,0,0.0,0.6458028709698276,0.005749220517143544,0.09242446402826587,0.00877991106966661,52.24718668069677,0.006064623150302633,20.413429881081683,0.006498183066563866,7.440611330226822,35.73348702023254,93.10400708599715
517.0604999993365,118.46001974333672,0,0.0,0.7281687533923478,0.005826625840343764,0.19178401396257438,0.0088769877246716,51.63084148494552,0.0060355552147864375,20.054305766327595,0.006440053418949306,7.440611330226822,35.73348702023254,93.10400708599715
517.0704999993362,118.46001974333672,0,0.0,0.8044528256116772,0.005898468896527765,0.28329750040889934,0.008966531685221296,51.03189857609427,0.00600730634610096,19.708034024643986,0.006383965742653566,7.440611330226822,35.73348702023254,93.10400708599715
517.080499999336,118.46001974333672,0,0.0,0.9285867549238809,0.005966295478606285,0.4199888467123447,0.009049373593944027,50.5027839432494,0.005979257089486158,19.435605837529053,0.006329751241717818,7.440611330226822,35.73348702023254,93.10400708599715
517.0904999993357,118.46001974333672,0,0.0,1.1834605771664197,0.006031138113747928,0.6844089599304537,0.009126285757721985,50.05716720132783,0.0059494253839148265,19.29685407712418,0.006277262681862722,7.440611330226822,35.73348702023254,93.10400708599715
517.1004999993355,118.46001974333672,0,0.0,1.4158773504697804,0.006093637255289479,0.9223762102619144,0.009197021209735718,49.60972259941657,0.005920453009756659,19.148452235250097,0.006226371475219357,7.440611330226822,35.73348702023254,93.10400708599715
517.1104999993353,118.46001974333672,0,0.0,1.6312072931836905,0.006154203927340922,1.1384717458533409,0.009261316888383558,49.16469772833963,0.005892290205282165,18.994469468716495,0.0061769650364295456,7.440611330226822,35.73348702023254,93.10400708599715
517.120499999335,118.46001974333672,0,0.49243914718999693,1.9035295493087174,0.006287155118212203,1.447707292727106,0.009441850849752735,48.72470564925079,0.005864873168719846,18.838025229867128,0.006128944646298955,7.440611330226822,35.73348702023254,93.10400708599715
517.1304999993348,118.46001974333672,0,1.417977531450836,2.573066793237067,0.00677797870806849,2.254191041710209,0.010081305913692535,48.288446685726065,0.005838199097403851,18.677888664286158,0.006082224115054346,7.440611330226822,35.73348702023254,93.10400708599715
517.1404999993346,118.46001974333672,0,2.375737455040707,3.401708661926711,0.007402235973964955,3.0619912934481857,0.010711183644863675,47.85782678292078,0.005812233635821497,18.51596752949657,0.006036736252813999,7.440611330226822,35.73348702023254,93.10400708599715
517.1504999993343,118.46001974333672,0,3.356987185032905,4.147748334090586,0.007954127841922325,3.633159216132384,0.011128262602608869,47.43375996040678,0.0057869390330594975,18.35356619013625,0.0059924459294348,7.440611330226822,35.73348702023254,93.10400708599715
517.1604999993341,118.46001974333672,0,4.352308040089275,4.7040951179714385,0.00834504965864602,3.9722525954742833,0.011341456545736331,47.016010779285295,0.005762291201752539,18.191314113351723,0.005949343983651813,7.440611330226822,35.73348702023254,93.10400708599715
517.1704999993339,118.46001974333672,0,5.35186448043505,5.059046031708265,0.008566959093590102,4.134424801148327,0.011400699167924305,46.604947927700046,0.005738268037553656,18.02982868656475,0.005907430148306498,7.440611330226822,35.73348702023254,93.10400708599715
517.1804999993336,118.46001974333672,0,6.345694712155474,5.235616404669902,0.008639554735976163,4.219505862899028,0.011400699167924305,46.200945211082534,0.005714845288687215,17.869785299212325,0.005866700463904661,7.440611330226822,35.73348702023254,93.10400708599715
517.1904999993334,118.46001974333672,1,7.324007543012437,5.316098607653032,0.00863958793484027,4.29952805425029,0.011400699167924305,45.80351990686318,0.0056920043452238275,17.711377420811345,0.005827138955430894,7.440611330226822,35.73348702023254,93.10400708599715
517.2004999993331,118.46001974333672,1,8.277470795047122,5.391829442937743,0.00863958793484027,4.375258740846158,0.011400699167924305,45.41256921053862,0.005669732844204619,17.55438626272259,0.005788714309958024,7.440611330226822,35.73348702023254,93.10400708599715
517.2104999993329,118.46001974333672,1,9.19747716230754,5.46593254765872,0.00863958793484027,4.449361845567135,0.011400699167924305,45.02954236818322,0.00564798781292107,17.400674259132238,0.0057513789588944765,7.440611330226822,35.73348702023254,93.10400708599715
517.2204999993327,118.5770750988143,1,9.598485993824486,5.818090963155345,0.00863958793484027,4.734780804093671,0.011400699167924305,44.65629533075903,0.005626699287037417,17.25345939094517,0.0057150671721057115,7.440611330226822,35.73348702023254,93.10400708599715
517.2304999993324,118.5770750988143,1,9.598485993824486,8.9862031006428,0.00863958793484027,7.155833223579472,0.011400699167924305,44.29205810193711,0.005605831977157792,17.11216575614044,0.005679693110355421,7.440611330226822,35.73348702023254,93.10400708599715
517.2404999993322,118.5770750988143,1,9.598485993824486,15.492438297199811,0.00863958793484027,12.107672418683602,0.011400699167924305,43.93479741064973,0.005585427181333336,16.973130764313144,0.005645156244118572,7.440611330226822,35.73348702023254,93.10400708599715
517.250499999332,118.5770750988143,1,9.598485993824486,25.13662799465842,0.00863958793484027,19.268515334934037,0.011326508324914282,43.583450055374904,0.005565491870405409,17.276300270359645,0.005684704082632411,7.440611330226822,35.73348702023254,93.10400708599715
517.2604999993317,118.5770750988143,1,9.598485993824486,37.614463915705656,0.00863958793484027,25.725960436171057,0.010624185613916185,43.23781560548408,0.0055460207997044784,21.17853765676531,0.006322904277907671,7.440611330226822,35.73348702023254,93.10400708599715
517.2704999993315,118.5770750988143,1,9.598485993824486,50.49540173833031,0.008310829837392399,30.630672570473163,0.009720728451244276,46.37378904507299,0.005668902445688772,25.923511906757373,0.00710299036476203,7.440611330226822,35.73348702023254,93.10400708599715
517.2804999993313,118.5770750988143,1,9.598485993824486,58.030352218273414,0.007353475990088272,34.126271967623,0.008875100841857485,52.90433843000323,0.005973018759584545,29.96201180469507,0.007770479176208582,7.440611330226822,35.73348702023254,93.10400708599715
517.290499999331,118.5770750988143,1,9.598485993824486,62.781100534159805,0.006431766092433331,36.463583078547344,0.008156204250398093,58.361627027506984,0.006238083914200571,32.98992687408108,0.008270804694313454,7.440611330226822,35.73348702023254,93.10400708599715
517.3004999993308,118.5770750988143,1,9.598485993824486,66.00943422147324,0.005674303473295931,37.89262966526722,0.007569251555932796,62.44902823904096,0.006438563941833284,35.071206253502865,0.00861342781213028,7.440611330226822,35.73348702023254,93.10400708599715
517.3104999993305,118.5770750988143,1,9.598485993824486,68.20261924638409,0.00507250672660013,38.63667588429947,0.007099026994805731,65.37522258175814,0.00658247931372723,36.37121521779817,0.0088257939536401,7.440611330226822,35.73348702023254,93.10400708599715
517.3204999993303,118.5770750988143,1,9.598485993824486,69.613990392942,0.0045987999364021,38.87214717869193,0.00672591587384209,67.37831237676946,0.006681140925990326,37.06333160436275,0.008936833509810128,7.440611330226822,35.73348702023254,93.10400708599715
517.3304999993301,118.5770750988143,1,9.598485993824486,70.41223088992619,0.004228018205432867,38.73287646000064,0.006431730942804355,68.65536778389841,0.00674417506374264,37.29714886484056,0.008971467633007534,7.440611330226822,35.73348702023254,93.10400708599715
517.3404999993298,118.5770750988143,1,9.598485993824486,70.7246738338338,0.003940477496882776,38.32123697558173,0.00620159343516766,69.35711667186881,0.006779014912152166,37.18986123696314,0.008949261953792725,7.440611330226822,35.73348702023254,93.10400708599715
517.3504999993296,118.5770750988143,1,9.598485993824486,70.63763827981546,0.0037215368082576675,37.70818902624362,0.0060239779265463264,69.59471586122642,0.006791162487895379,36.82940922291376,0.00888489524351864,7.440611330226822,35.73348702023254,93.10400708599715
517.3604999993294,118.5770750988143,1,9.598485993824486,70.20852519884683,0.00356076204678029,36.9421067143508,0.005890333349583453,69.44779161264239,0.006784562526662696,36.27965401231977,0.00878897514835226,7.440611330226822,35.73348702023254,93.10400708599715
517.3704999993291,118.5770750988143,1,9.598485993824486,69.47426652144979,0.0034514004964435897,36.05465669128851,0.0057947676882717574,68.96846301114321,0.0067618492352335986,35.583701662177056,0.00866870284607428,7.440611330226822,35.73348702023254,93.10400708599715
517.3804999993289,118.5770750988143,1,9.598485993824486,68.44601925533601,0.0033899687627507247,35.059923094986196,0.005733731762384106,68.18508392212318,0.006724488372255285,34.76783087651368,0.00852846623053131,7.440611330226822,35.73348702023254,93.10400708599715
517.3904999993287,118.5770750988143,0,9.598485993824486,67.09212800790851,0.0033750659292283787,33.957156364701895,0.005705966632755801,67.12124649949637,0.0066734701937639015,33.84349176769322,0.008370124107776211,7.440611330226822,35.73348702023254,93.10400708599715
517.4004999993284,118.5770750988143,0,9.598485993824486,64.51299383565271,0.0033750659292283787,32.5735837136279,0.005704243045818152,66.06032915176688,0.006621266788783282,32.85584027795802,0.00820130670942838,7.440611330226822,35.73348702023254,93.10400708599715
517.4104999993282,118.5770750988143,0,9.598485993824486,60.18122787540025,0.0033750659292283787,30.32353922776679,0.005704243045818152,65.03794228065853,0.006570943367059345,31.943885221804543,0.00804522256921421,7.440611330226822,35.73348702023254,93.10400708599715
517.420499999328,118.5770750988143,0,9.598485993824486,54.06334527516113,0.0033750659292283787,27.139555479073643,0.005704243045818152,64.05080114662772,0.006522338314377228,31.10742531033616,0.007901797068877977,7.440611330226822,35.73348702023254,93.10400708599715
517.4304999993277,118.5770750988143,0,9.598485993824486,46.164164388863405,0.0033750659292283787,23.024128098622196,0.005704243045818152,63.09627954808671,0.006475353084881875,30.336983238853534,0.00776947396480657,7.440611330226822,35.73348702023254,93.10400708599715
517.4404999993275,118.5770750988143,0,9.598485993824486,36.532720562248315,0.0033750659292283787,18.002857302341546,0.005704243045818152,62.17279027869938,0.006429903219859988,29.624417619978203,0.007646913497386854,7.440611330226822,35.73348702023254,93.10400708599715
517.4504999993272,118.5770750988143,0,9.598485993824486,25.261065294187105,0.0033750659292283787,12.123975014416503,0.005704243045818152,61.279201699910814,0.006385909990299943,28.963021384865048,0.007532961224849474,7.440611330226822,35.73348702023254,93.10400708599715
517.460499999327,118.5770750988143,0,9.598485993824486,12.480139420452165,0.0033750659292283787,5.455883934629662,0.005704243045818152,60.41356909332727,0.006343308489865665,28.34668736999179,0.00742662148594511,7.440611330226822,35.73348702023254,93.10400708599715
517.4704999993268,118.5770750988143,0,0.0,0.5053777476132577,0.0036272719040494643,-0.33057470362154273,0.0063035483960081585,59.57462547198417,0.0063020425091212945,27.769902236169088,0.0073270345848891315,7.440611330226822,35.73348702023254,93.10400708599715
517.4804999993265,118.5770750988143,0,0.0,1.2643131572126038,0.004252934074967446,0.6155110434748154,0.007115826224877341,58.762385615182964,0.006262044317205396,27.229312517515357,0.007233457346036858,7.440611330226822,35.73348702023254,93.10400708599715
517.4904999993263,118.5770750988143,0,0.0,1.7910146230084991,0.004679723798600094,1.1016006504159792,0.007524059848827356,57.97574696209534,0.006223239037240505,26.72201436904432,0.0071452449065387575,7.440611330226822,35.73348702023254,93.10400708599715
517.500499999326,118.5770750988143,0,0.0,2.1682420383608507,0.004979085654070871,1.3990027397593847,0.0077664502937298185,57.213415106321676,0.006185587668179457,26.243882489206754,0.00706183158103927,7.440611330226822,35.73348702023254,93.10400708599715
517.5104999993258,118.5770750988143,0,0.0,2.4490018141207948,0.005196588272818646,1.614109139957253,0.007936542455148476,56.47445829819204,0.00614905102495158,25.791536473129,0.006982717125894345,7.440611330226822,35.73348702023254,93.10400708599715
517.5204999993256,118.5770750988143,0,0.0,2.666954674253755,0.005361309371982396,1.7889544260167383,0.00807160829724328,55.757182067912225,0.0061135952111379096,25.361806013902978,0.006907459211030883,7.440611330226822,35.73348702023254,93.10400708599715
517.5304999993253,118.5770750988143,0,0.0,2.8436043416301735,0.005491812842388502,1.940630091180068,0.008186931681089039,55.06081017171548,0.006079185283842483,24.952049068109872,0.006835668014863235,7.440611330226822,35.73348702023254,93.10400708599715
517.5404999993251,118.5770750988143,0,0.0,2.9930049613195364,0.005599957433762951,2.0767659212845007,0.008289138065148003,54.384882215387414,0.00604578160570535,24.560325793269286,0.00676700133684411,7.440611330226822,35.73348702023254,93.10400708599715
517.5504999993249,118.5770750988143,0,0.0,3.1239758486530134,0.005693324417263312,2.2008338831542567,0.008381393371256452,53.72807560775002,0.006013350390370998,24.184685420475798,0.006701159742318578,7.440611330226822,35.73348702023254,93.10400708599715
517.5604999993246,118.5770750988143,0,0.0,3.2421448880549244,0.005776765949974208,2.3147096037793835,0.008465442798726425,53.089858054994934,0.005981858186883959,23.823479291741197,0.0066378816832018805,7.440611330226822,35.73348702023254,93.10400708599715
517.5704999993244,118.5770750988143,0,0.0,3.351402952662061,0.00585339243407975,2.4198835461058734,0.00854241759396823,52.46992870856723,0.005951268040811807,23.475569759641097,0.006576938977747448,7.440611330226822,35.73348702023254,93.10400708599715
517.5804999993242,118.5770750988143,0,0.0,3.454071576165065,0.005925202002704041,2.517253315443414,0.008613158215931222,51.867113950324736,0.005921549264679708,23.13967901359209,0.006518132644694646,7.440611330226822,35.73348702023254,93.10400708599715
517.5904999993239,118.5770750988143,0,0.0,3.551617827627499,0.005993482409390798,2.6075253667216622,0.008678347888188928,51.28097538309395,0.005892671797059107,22.814720810165603,0.006461289026762511,7.440611330226822,35.73348702023254,93.10400708599715
517.6004999993237,118.5770750988143,0,0.0,3.645256589289173,0.006059067437091144,2.6915779375339417,0.008738570901800328,50.71127901618041,0.005864602337667887,22.500021968593057,0.0064062564402149,7.440611330226822,35.73348702023254,93.10400708599715
517.6104999993235,118.5770750988143,0,0.0,3.735598757200672,0.006122500279812798,2.769943784257523,0.008794339338825655,50.156949968747696,0.0058373136395349235,22.194709998999045,0.006352902229856721,7.440611330226822,35.73348702023254,93.10400708599715
517.6204999993232,118.5770750988143,0,0.0,3.823013583138608,0.00618413811749959,2.8430727776595113,0.008846107535246771,49.617608135601124,0.0058107790194444455,21.89804341665802,0.0063011100961872304,7.440611330226822,35.73348702023254,93.10400708599715
517.630499999323,118.5770750988143,0,0.9044208555242937,4.153066796789275,0.006479086742382326,3.2399153415972317,0.009222799410217291,49.09325714823764,0.005784963813822101,21.60992769186039,0.006250777892381475,7.440611330226822,35.73348702023254,93.10400708599715
517.6404999993227,118.5770750988143,0,1.8454854387771407,4.832598272181656,0.007066468616718636,3.934557273461962,0.009847872139507429,48.58198182684408,0.005759869129005498,21.328312894441627,0.006201818202073247,7.440611330226822,35.73348702023254,93.10400708599715
517.6504999993225,118.5770750988143,0,2.814943338155539,5.5519071431755656,0.007678945705784246,4.497903659663667,0.010344118516398916,48.08387344704021,0.0057354678306921585,21.053261627225133,0.006154170241061387,7.440611330226822,35.73348702023254,93.10400708599715
517.6604999993223,118.5770750988143,0,3.803722128912657,6.13106067257619,0.00816547444821224,4.839150088693819,0.010637941409308998,47.59905050472705,0.0057117260272594,20.785240282025956,0.006107806631080865,7.440611330226822,35.73348702023254,93.10400708599715
517.670499999322,118.5770750988143,0,4.802180574347627,6.51345898722602,0.008480883017822908,4.996993885916199,0.010766512590784809,47.12672233353383,0.005688618667696789,20.524311312335417,0.006062719656580189,7.440611330226822,35.73348702023254,93.10400708599715
517.6804999993218,118.5770750988143,0,5.800389643742231,6.7096041711913035,0.008635603164046457,5.027128422938354,0.010782266530788521,46.66666860064954,0.005666121510019724,20.270544588570424,0.006018904614239208,7.440611330226822,35.73348702023254,93.10400708599715
517.6904999993216,118.5770750988143,1,6.788427744205053,6.75176629172727,0.008659707613456337,5.036665664709842,0.010782266530788521,46.218769808601664,0.005644208669883187,20.02411693984395,0.005976348310465913,7.440611330226822,35.73348702023254,93.10400708599715
517.7004999993213,118.5770750988143,1,7.756675584009768,6.761624339691526,0.008659707613456337,5.046523145499378,0.010782266530788521,45.78213141145412,0.005622860689630103,19.78472491157779,0.005935023395757102,7.440611330226822,35.73348702023254,93.10400708599715
517.7104999993211,118.5770750988143,1,8.696096110490291,6.77321438657696,0.008659707613456337,5.058113004405724,0.010782266530788521,45.35696984392891,0.0056020487569369065,19.552742029227208,0.0058948869858197975,7.440611330226822,35.73348702023254,93.10400708599715
517.7204999993209,118.5770750988143,1,9.598485993824486,6.7876966900629645,0.008659707613456337,5.07259530789173,0.010782266530788521,44.9435477552793,0.005581736104439825,19.32870656512925,0.005855879591770603,7.440611330226822,35.73348702023254,93.10400708599715
517.7304999993206,118.69436201780422,1,9.598485993824486,8.054382338100654,0.008659707613456337,5.956045006649768,0.010782266530788521,44.54168330308677,0.005561888553767769,19.112979775217223,0.005817922805153437,7.440611330226822,35.73348702023254,93.10400708599715
517.7404999993204,118.69436201780422,1,9.598485993824486,12.69929528400598,0.008659707613456337,9.181358321550585,0.010782266530788521,44.149834664953985,0.0055425096975365885,18.90325524796275,0.0057809191702350975,7.440611330226822,35.73348702023254,93.10400708599715
517.7504999993201,118.69436201780422,1,9.598485993824486,20.617541547679274,0.008659707613456337,14.675632991217077,0.010782266530788521,43.76745457505495,0.005523596875261707,18.698264160622312,0.00574476357054907,7.440611330226822,35.73348702023254,93.10400708599715
517.7604999993199,118.69436201780422,1,9.598485993824486,31.562822710774327,0.008659707613456337,21.86627046911241,0.010646760737633001,43.39374663186754,0.005505141448003536,19.300269442741385,0.005842804162482477,7.440611330226822,35.73348702023254,93.10400708599715
517.7704999993197,118.69436201780422,1,9.598485993824486,45.08639393741652,0.008627054790865975,27.61071790751896,0.00992130251855089,43.570993845513726,0.005506009334269911,23.24413873774234,0.006496281292690225,7.440611330226822,35.73348702023254,93.10400708599715
517.7804999993194,118.69436201780422,1,9.598485993824486,54.91753343616192,0.0078433830215513,31.731335417408985,0.009087503820193656,49.83394024660373,0.005781296936462553,27.48976643705699,0.007202194473053816,7.440611330226822,35.73348702023254,93.10400708599715
517.7904999993192,118.69436201780422,1,9.598485993824486,60.78770622240429,0.006864897830195421,34.578358962637424,0.008338793463762876,55.94240671549533,0.00607560709885508,30.927136297830334,0.00777523876141167,7.440611330226822,35.73348702023254,93.10400708599715
517.800499999319,118.69436201780422,1,9.598485993824486,64.6870498869417,0.006021016833114975,36.423860833156176,0.007714249715701459,60.69589310097349,0.006309434866371032,33.41518896239339,0.008190492939812203,7.440611330226822,35.73348702023254,93.10400708599715
517.8104999993187,118.69436201780422,1,9.598485993824486,67.35095871810258,0.005342896356527588,37.49719512209589,0.007208708908826741,64.16652252149694,0.0064814345000726095,35.065850098022615,0.008466281995678891,7.440611330226822,35.73348702023254,93.10400708599715
517.8204999993185,118.69436201780422,1,9.598485993824486,69.11887285984237,0.004807147364176964,37.99243908037032,0.006805254427147634,66.59677936502719,0.00660254985485247,36.04420671897572,0.008630054399793776,7.440611330226822,35.73348702023254,93.10400708599715
517.8304999993182,118.69436201780422,1,9.598485993824486,70.19697673683916,0.004386581821903355,38.0593248131161,0.006485815472491946,68.20679382383125,0.006683420816686766,36.506030041338036,0.008707742241643907,7.440611330226822,35.73348702023254,93.10400708599715
517.840499999318,118.69436201780422,1,9.598485993824486,70.7291994939909,0.004058599135287918,37.81000687804784,0.006234604375191975,69.17099622273163,0.006732594507467718,36.58008496108041,0.008720755416618153,7.440611330226822,35.73348702023254,93.10400708599715
517.8504999993178,118.69436201780422,1,9.598485993824486,70.82383388179713,0.0038060132656840715,37.32911460344635,0.006039053210089414,69.62035081475776,0.00675653615839553,36.36517895661327,0.008685554443684478,7.440611330226822,35.73348702023254,93.10400708599715
517.8604999993175,118.69436201780422,1,9.598485993824486,70.55326198972192,0.003616303666006137,36.6745861172511,0.0058896189824760815,69.64996855870059,0.006759954831373935,35.93432179740329,0.008614300245774148,7.440611330226822,35.73348702023254,93.10400708599715
517.8704999993173,118.69436201780422,1,9.598485993824486,69.96361270226507,0.0034808268251226436,35.884833310902955,0.005779404084044312,69.3261146282845,0.006746142088984942,35.33942709977515,0.008515610699734754,7.440611330226822,35.73348702023254,93.10400708599715
517.8804999993171,118.69436201780422,1,9.598485993824486,69.08047133277155,0.0033943806738616147,34.982923638267174,0.005703890175668165,68.6893999342467,0.006717172025399847,34.614323061548944,0.008395127454761335,7.440611330226822,35.73348702023254,93.10400708599715
517.8904999993168,118.69436201780422,1,9.598485993824486,67.90426881231811,0.0033549649967510816,33.975899475708516,0.005660743549778603,67.75737747547207,0.006673988425491092,33.77763570663533,0.008255953163882801,7.440611330226822,35.73348702023254,93.10400708599715
517.9004999993166,118.69436201780422,0,9.598485993824486,66.1495315860034,0.003352421032878191,32.850196521251576,0.005649401833851113,66.65035729006755,0.006621476145458924,32.83655214538736,0.008099271717992766,7.440611330226822,35.73348702023254,93.10400708599715
517.9104999993164,118.69436201780422,0,9.598485993824486,62.783760224878925,0.003352421032878191,31.13493070462066,0.005649401833851113,65.59907924252639,0.0065709731174657905,31.913017652646154,0.007945459057963405,7.440611330226822,35.73348702023254,93.10400708599715
517.9204999993161,118.69436201780422,0,9.598485993824486,57.66037242745433,0.003352421032878191,28.52287595975696,0.005649401833851113,64.58487002158415,0.006522248975294175,31.065588638742827,0.007804274256300725,7.440611330226822,35.73348702023254,93.10400708599715
517.9304999993159,118.69436201780422,0,9.598485993824486,50.76390516028088,0.003352421032878191,25.006202086670996,0.005649401833851113,63.60569693928499,0.00647518995546293,30.284948131197908,0.007674154004977505,7.440611330226822,35.73348702023254,93.10400708599715
517.9404999993156,118.69436201780422,0,9.598485993824486,42.11857982122198,0.003352421032878191,20.597244211642796,0.005649401833851113,62.65907706563179,0.006429703377429797,29.562898960335072,0.007553753328862937,7.440611330226822,35.73348702023254,93.10400708599715
517.9504999993154,118.69436201780422,0,9.598485993824486,31.79203415479875,0.003352421032878191,15.330489293856779,0.005649401833851113,61.743515083463464,0.006385708728711918,28.89241005406455,0.007441913938605681,7.440611330226822,35.73348702023254,93.10400708599715
517.9604999993152,118.69436201780422,0,9.598485993824486,19.893811940170966,0.003352421032878191,9.261877301107424,0.005649401833851113,60.857830167775056,0.006343132524607554,28.267566039290493,0.007337637386225308,7.440611330226822,35.73348702023254,93.10400708599715
517.9704999993149,118.69436201780422,0,9.598485993824486,6.573654496223435,0.003352421032878191,2.5739544067787974,0.005708271780214808,60.000142620606,0.006301911559649392,27.683083632689215,0.007240062192611399,7.440611330226822,35.73348702023254,93.10400708599715
517.9804999993147,118.69436201780422,0,0.0,1.30688280550596,0.003937087131693757,0.5416979211803334,0.006682192478922578,59.169303360310906,0.006261991338227119,27.134226371478285,0.007148444167109845,7.440611330226822,35.73348702023254,93.10400708599715
517.9904999993145,118.69436201780422,0,0.0,1.9399984473028695,0.004471505849165967,1.196654894760301,0.0072559740901623855,58.36537765620928,0.0062232963314078436,26.6184846658101,0.007062139284466884,7.440611330226822,35.73348702023254,93.10400708599715
518.0004999993142,118.69436201780422,0,0.0,2.3792547014732817,0.004839920042438328,1.5537447664881485,0.007567643867789452,57.586641410354346,0.006185772387046075,26.132379305836228,0.0069805859109677085,7.440611330226822,35.73348702023254,93.10400708599715
518.010499999314,118.69436201780422,0,0.0,2.693795564212852,0.0051018270049259865,1.7861146583183807,0.007769274478678031,56.83201157443054,0.006149379159133939,25.67244360997227,0.006903288153158141,7.440611330226822,35.73348702023254,93.10400708599715
518.0204999993138,118.69436201780422,0,0.0,2.92786983245811,0.005295185876904163,1.9619982236951943,0.007920902411029041,56.10063347001656,0.006114076349341169,25.235772478432704,0.006829806304514439,7.4397893600564755,35.805782373513615,92.90599865274571
518.0304999993135,118.69436201780422,0,0.0,3.1096820857417806,0.005444225934464133,2.1086884343595176,0.008046699235865545,55.39097341830668,0.006079826826598373,24.819730672833753,0.0067597515402672195,7.4397893600564755,35.805782373513615,92.90599865274571
518.0404999993133,118.69436201780422,0,0.0,3.2572530512480102,0.005564421741216403,2.237519344434036,0.00815678067212952,54.70233907152353,0.006046593534922014,24.422098697637324,0.006692781494899349,7.4397893600564755,35.805782373513615,92.90599865274571
518.050499999313,118.69436201780422,0,0.0,3.3822322041046293,0.005665663926758442,2.3536627023674876,0.008255697529972367,54.034194566623945,0.006014338268178496,24.041094954751184,0.006628595961406228,7.4397893600564755,35.805782373513615,92.90599865274571
518.0604999993128,118.69436201780422,0,0.0,3.4920220245562246,0.005754280431582035,2.4596666520858874,0.008345754425673197,53.38527000352273,0.00598302627458416,23.675048017608162,0.006566932535383268,7.4397893600564755,35.805782373513615,92.90599865274571
518.0704999993126,118.69436201780422,0,0.0,3.5913524127704353,0.00583432577102558,2.557015403181831,0.008428315573743694,52.75505248231258,0.005952623504349858,23.32254534709852,0.006507562231046536,7.4397893600564755,35.805782373513615,92.90599865274571
518.0804999993123,118.69436201780422,0,0.0,3.6833703248944225,0.0059084032326723376,2.646841222890056,0.008504324809210057,52.14313279166652,0.005923095316455002,22.982474800767793,0.006450285439841153,7.4397893600564755,35.805782373513615,92.90599865274571
518.0904999993121,118.69436201780422,0,0.0,3.7700479345381637,0.005978189076218629,2.7299517662833517,0.008574516136389513,51.54837502321361,0.005894410545277494,22.653740084673146,0.0063949282201466555,7.4397893600564755,35.805782373513615,92.90599865274571
518.1004999993119,118.69436201780422,0,0.0,3.8526410476882815,0.006044767238684008,2.8070038551670886,0.008639502108937198,50.97035479891177,0.00586653878774468,22.33541613968559,0.006341338851706967,7.4397893600564755,35.805782373513615,92.90599865274571
518.1104999993116,118.69436201780422,0,0.0,3.932065212785278,0.006108842913249849,2.8786692428308047,0.008699813871553334,50.40873150083095,0.00583944915081291,22.02679844691005,0.006289384871142419,7.4397893600564755,35.805782373513615,92.90599865274571
518.1204999993114,118.69436201780422,0,0.0,4.008867255539484,0.006170878641850405,2.9454639377345133,0.008755920510351541,49.862470708169695,0.005813113961506909,21.72714827018223,0.00623895047128265,7.4397893600564755,35.805782373513615,92.90599865274571
518.1304999993112,118.69436201780422,0,0.447152577874474,4.140433511317628,0.006292588482347994,3.089928216187873,0.00890052405251013,49.331432572342216,0.0057875025301813675,21.43613449083127,0.006189934140074965,7.4397893600564755,35.805782373513615,92.90599865274571
518.1404999993109,118.69436201780422,0,1.3708663436648025,4.678320324871683,0.006772528394936274,3.7002609990713684,0.009468899371197551,48.81464893396356,0.0057625993147745035,21.15241611044033,0.006142247129126985,7.4397893600564755,35.805782373513615,92.90599865274571
518.1504999993107,118.69436201780422,0,2.327215784887949,5.400236376559796,0.007399921595364153,4.340848964805373,0.010047409223976164,48.31127043518181,0.0057383884880478665,20.87540353763474,0.006095819361147588,7.4397893600564755,35.805782373513615,92.90599865274571
518.1604999993104,118.69436201780422,0,3.3075100568724776,6.0548097235850005,0.007961605234645027,4.778430597386567,0.010437121199644666,47.82123630360114,0.0057148406835236904,20.60521821320073,0.006050612843489182,7.4397893600564755,35.805782373513615,92.90599865274571
518.1704999993102,118.69436201780422,0,4.302358639469016,6.528209124527707,0.008363658705641472,5.0105767762550615,0.010640839209649667,47.34441569180464,0.005691927157671041,20.342084901087013,0.006006616939141205,7.4397893600564755,35.805782373513615,92.90599865274571
518.18049999931,118.69436201780422,0,5.301940048272467,6.805358550315663,0.008595633734311837,5.086430650586907,0.0107033211705418,46.880040044492375,0.005669623287176276,20.08610477106524,0.005963831120287489,7.4397893600564755,35.805782373513615,92.90599865274571
518.1904999993097,118.69436201780422,0,6.296291744053338,6.907941826420735,0.00867671184702,5.088086888474735,0.01070349100211122,46.42786786293825,0.0056479055851259355,19.837324382864924,0.0059222513802075355,7.4397893600564755,35.805782373513615,92.90599865274571
518.2004999993095,118.69436201780422,1,7.275607025531121,6.910990558775998,0.00867722317295456,5.089674026298061,0.01070349100211122,45.987649826854614,0.005626750892908387,19.595728021889606,0.0058818615826303,7.4397893600564755,35.805782373513615,92.90599865274571
518.2104999993093,118.69436201780422,1,8.23052420819867,6.913873700808292,0.00867722317295456,5.092556616057268,0.01070349100211122,45.558720956602976,0.00560613724278484,19.361240593990573,0.005842630225162657,7.4397893600564755,35.805782373513615,92.90599865274571
518.220499999309,118.69436201780422,1,9.15239392471444,6.8839676776058125,0.00867722317295456,5.0626504563200605,0.01070349100211122,45.10010847721312,0.005586247835132527,19.09307251397818,0.005804509560656094,7.4397893600564755,35.805782373513615,92.90599865274571
518.2304999993088,118.81188118811886,1,9.598485993824486,6.988117187011721,0.00867722317295456,5.099521740577437,0.01070349100211122,44.62475543145023,0.005568778532267265,18.757067476458985,0.005767433787093535,7.4397893600564755,35.805782373513615,92.90599865274571
518.2404999993086,118.81188118811886,1,9.598485993824486,9.822111585304068,0.00867722317295456,7.004219226438385,0.01070349100211122,44.15848759103046,0.005551641276650303,18.4315638323627,0.005731317058172413,7.4397893600564755,35.805782373513615,92.90599865274571
518.2504999993083,118.81188118811886,1,9.598485993824486,16.026455451585406,0.00867722317295456,11.214032761315075,0.01070349100211122,43.70613697212496,0.005535016173812224,18.114461857361096,0.005696058230476154,7.4397893600564755,35.805782373513615,92.90599865274571
518.2604999993081,118.81188118811886,1,9.598485993824486,25.404834254383722,0.00867722317295456,17.594574007393177,0.01070349100211122,43.26689925861362,0.0055188890417462244,17.8045286523376,0.005661557006292584,7.4397893600564755,35.805782373513615,92.90599865274571
518.2704999993078,118.81188118811886,1,9.598485993824486,37.6578731133542,0.00867722317295456,24.09584828728445,0.010236049279100854,42.839885065791705,0.005503241203451985,20.228125306905334,0.006080836798221758,7.4397893600564755,35.805782373513615,92.90599865274571
518.2804999993076,118.81188118811886,1,9.598485993824486,50.25265511729758,0.008328975829815056,28.790129385815696,0.009422177269091064,46.060207964547466,0.005637044467521048,24.428106276468885,0.006795745085557974,7.4397893600564755,35.805782373513615,92.90599865274571
518.2904999993074,118.81188118811886,1,9.598485993824486,57.66814152872854,0.007367106308598707,32.07477971598251,0.008631448206152898,52.53031586535475,0.005945452526374864,28.15631909267185,0.007434789025872237,7.4397893600564755,35.805782373513615,92.90599865274571
518.3004999993071,118.81188118811886,1,9.598485993824486,62.360821015780466,0.006443857125141036,34.24736220208538,0.007953447140180921,57.93134827620818,0.006214425344489472,30.963221676226162,0.007920953915436336,7.4397893600564755,35.805782373513615,92.90599865274571
518.3104999993069,118.81188118811886,1,9.598485993824486,65.53907033985128,0.005684813505334834,35.55341845935066,0.007398112660682629,61.96597110240579,0.006418895486356915,32.877229015403174,0.008258157804179234,7.4397893600564755,35.805782373513615,92.90599865274571
518.3204999993067,118.81188118811886,1,9.598485993824486,67.67684815030937,0.005081593592759934,36.200610778075955,0.006952355909409237,64.84002800321517,0.0065667528814308904,34.04843414555566,0.008471222319878475,7.4397893600564755,35.805782373513615,92.90599865274571
518.3304999993064,118.81188118811886,1,9.598485993824486,69.03394742300937,0.004606768603797323,36.35986840985162,0.006598185984237462,66.79193902070516,0.006669276374536135,34.63947880452427,0.008587158358455943,7.4397893600564755,35.805782373513615,92.90599865274571
518.3404999993062,118.81188118811886,1,9.598485993824486,69.78234168544464,0.004235261793298253,36.16015484118962,0.006318719890920509,68.01865866414627,0.006736061719811705,34.791541463573836,0.008629423350405327,7.4397893600564755,35.805782373513615,92.90599865274571
518.350499999306,118.81188118811886,1,9.598485993824486,70.04355617279344,0.0039472519982049585,35.696199187813235,0.006099931288798146,68.67165134173125,0.006774562742611945,34.61659710830078,0.008616663608104256,7.4397893600564755,35.805782373513615,92.90599865274571
518.3604999993057,118.81188118811886,1,9.598485993824486,69.90836030223869,0.0037280248686157183,35.03860542385215,0.005930957487184896,68.86287355056538,0.006790309995133671,34.198982080529206,0.008562892221924929,7.4397893600564755,35.805782373513615,92.90599865274571
518.3704999993055,118.81188118811886,1,9.598485993824486,69.43553467558161,0.0035671471209735325,34.23459285671143,0.0058037503601398276,68.67192221845616,0.006787243717650012,33.599802671596436,0.008478247675888877,7.4397893600564755,35.805782373513615,92.90599865274571
518.3804999993052,118.81188118811886,1,9.598485993824486,68.65903489361617,0.0034577888818254653,33.31351686807277,0.0057127072803748735,68.15148822416084,0.006768007565492001,32.86080461289101,0.008369695432246799,7.4397893600564755,35.805782373513615,92.90599865274571
518.390499999305,118.81188118811886,1,9.598485993824486,67.59209902238682,0.003396425506535024,32.29062449218775,0.005654462841942124,67.33002452886866,0.006734078976955859,32.00780866090542,0.008241501843595175,7.4397893600564755,35.805782373513615,92.90599865274571
518.4004999993048,118.81188118811886,0,9.598485993824486,66.20266628122575,0.0033816103531553003,31.1656242643328,0.0056278125885138065,66.23139995462314,0.006686461574999126,31.052290582002943,0.008095530072954216,7.4397893600564755,35.805782373513615,92.90599865274571
518.4104999993045,118.81188118811886,0,9.598485993824486,63.58838477389452,0.0033816103531553003,29.779442321255356,0.0056260887730431525,65.13974279351862,0.006637647838456842,30.03629702815491,0.007938910673391513,7.4397893600564755,35.805782373513615,92.90599865274571
518.4204999993043,118.81188118811886,0,9.598485993824486,59.222139125353856,0.0033816103531553003,27.572973780396165,0.0056260887730431525,64.08944083570745,0.00659066917904191,29.093027668443,0.007793873078373209,7.4397893600564755,35.805782373513615,92.90599865274571
518.4304999993041,118.81188118811886,0,9.598485993824486,53.06791511511865,0.0033816103531553003,24.478554040480013,0.0056260887730431525,63.076993331631854,0.006545362357993082,28.223012455552347,0.007660488890532967,7.4397893600564755,35.805782373513615,92.90599865274571
518.4404999993038,118.81188118811886,0,9.598485993824486,45.13037319637079,0.0033816103531553003,20.49835850070777,0.0056260887730431525,62.10024968122866,0.0065016274070827705,27.41733074098641,0.007537327315493447,7.4397893600564755,35.805782373513615,92.90599865274571
518.4504999993036,118.81188118811886,0,9.598485993824486,35.45567436623407,0.0033816103531553003,15.655400465278612,0.0056260887730431525,61.15693413552358,0.006459373318749797,26.66862071276353,0.007423156865944747,7.4397893600564755,35.805782373513615,92.90599865274571
518.4604999993034,118.81188118811886,0,9.598485993824486,24.133803009899925,0.0033816103531553003,9.994500830644533,0.0056260887730431525,60.24570396477136,0.0064185195701617756,25.970599499817816,0.007316916540076036,7.4397893600564755,35.805782373513615,92.90599865274571
518.4704999993031,118.81188118811886,0,9.598485993824486,11.296137700048973,0.0033816103531553003,3.5808419218879957,0.0056260887730431525,59.36510178543935,0.006379001278412333,25.31741173518862,0.0072176913443100284,7.4397893600564755,35.805782373513615,92.90599865274571
518.4804999993029,118.81188118811886,0,0.0,-1.3644694757030127,0.0036055985377071,-2.2102731131852282,0.006276945105989432,58.51307263841001,0.0063407579598250075,24.70396575518258,0.007124691423605922,7.4397893600564755,35.805782373513615,92.90599865274571
518.4904999993026,118.81188118811886,0,0.0,-0.662399075620125,0.004244473006149562,-1.2388392586394135,0.007175785809634747,57.68987129540619,0.0063037159947840265,24.12764070429328,0.0070372340526755894,7.4397893600564755,35.805782373513615,92.90599865274571
518.5004999993024,118.81188118811886,0,0.0,-0.1942291188231735,0.0046793546110858305,-0.7664331575006851,0.007632644388536976,56.89535849421685,0.006267784910225048,23.586427014838087,0.006954726835412175,7.4397893600564755,35.805782373513615,92.90599865274571
518.5104999993022,118.81188118811886,0,0.0,0.12485103461586888,0.00498351145974225,-0.4959761044445967,0.007908310353681211,56.12735162962867,0.006232922127468687,23.07636883876243,0.006876649841709848,7.4397893600564755,35.805782373513615,92.90599865274571
518.5204999993019,118.81188118811886,0,0.0,0.34874264515947484,0.005203675933119777,-0.3114786511448884,0.008105126847264986,55.38452023846334,0.006199092444615449,22.593866789758355,0.006802542504217454,7.4397893600564755,35.805782373513615,92.90599865274571
518.5304999993017,118.81188118811886,0,0.0,0.5113418993918959,0.005369670132603165,-0.16760094876002007,0.008263811176684474,54.665447027097656,0.00616626867011456,22.135382918449714,0.006731996825896066,7.4397893600564755,35.805782373513615,92.90599865274571
518.5404999993015,118.81188118811886,0,0.0,0.6347076126240303,0.005500534642312394,-0.045700451994170166,0.008401011245447149,53.96858847789563,0.006134414393286228,21.698403573595854,0.006664652854394135,7.4397893600564755,35.805782373513615,92.90599865274571
518.5504999993012,118.81188118811886,0,0.0,0.7330169062347265,0.005608434393677279,0.06224450267568038,0.008523904260776352,53.293270138539434,0.006103491934367588,21.280908564445966,0.006600194359736366,7.4397893600564755,35.805782373513615,92.90599865274571
518.560499999301,118.81188118811886,0,0.0,0.8148601738818195,0.005701148387852959,0.15951450928452626,0.008635890767403918,52.63856007572467,0.00607347250731287,20.880679178302795,0.006538344536044788,7.4397893600564755,35.805782373513615,92.90599865274571
518.5704999993008,118.81188118811886,0,0.0,0.8861662848410923,0.00578365702277198,0.248257789635141,0.008738826856396717,52.0032943363563,0.006044319527155114,20.496285319575918,0.0064788617167339385,7.4397893600564755,35.805782373513615,92.90599865274571
518.5804999993005,118.81188118811886,0,0.0,0.9508024717630104,0.005859154488816997,0.3299101670468332,0.008833904572721743,51.38704796604562,0.006015996782635489,20.126570022231935,0.006421535153989914,7.4397893600564755,35.805782373513615,92.90599865274571
518.5904999993003,118.81188118811886,0,0.0,1.010740967875683,0.005929694512232589,0.4050031997166972,0.008922005308140425,50.7890490804105,0.005988478416233685,19.76998711122228,0.006366181180727291,7.4397893600564755,35.805782373513615,92.90599865274571
518.6004999993,118.81188118811886,0,0.0,1.0676912474030082,0.005996602180650161,0.4744761407016007,0.009003845706664222,50.208298140285876,0.00596173091083357,19.425680142305083,0.006312639725239903,7.4397893600564755,35.805782373513615,92.90599865274571
518.6104999992998,118.81188118811886,0,0.0,1.1228200535830712,0.0060607367622524675,0.5391602096849972,0.009080038819150614,49.64447736746471,0.0059357214259232885,19.09296765450165,0.006260771106518612,7.4397893600564755,35.805782373513615,92.90599865274571
518.6204999992996,118.81188118811886,0,0.0,1.1763495723912154,0.006122659497642307,0.5992104015580253,0.009151123340025782,49.09688802722436,0.005910427929089246,18.770681763021052,0.006210453288971853,7.4397893600564755,35.805782373513615,92.90599865274571
518.6304999992993,118.81188118811886,0,0.0,1.228880113207481,0.0061827406380955624,0.6553186951927055,0.009217579711853306,48.564644910244375,0.005885820325515742,18.458306770485606,0.006161579482937558,7.4397893600564755,35.805782373513615,92.90599865274571
518.6404999992991,118.81188118811886,0,0.9044208555242937,1.5258014809281875,0.006475666408818783,1.0625089971132828,0.009634022834332717,48.04792415480596,0.005861856009835918,18.15615548824798,0.006114056002840554,7.4397893600564755,35.805782373513615,92.90599865274571
518.6504999992989,118.81188118811886,0,1.8454854387771407,2.170737426022886,0.007060312138953105,1.7866880318502005,0.010314814968161801,47.543473154368996,0.005838582191999373,17.85935366797643,0.006067802967820321,7.4397893600564755,35.805782373513615,92.90599865274571
518.6604999992986,118.81188118811886,0,2.814943338155539,2.85635513186614,0.007670377613415583,2.367547335045436,0.010854523835913331,47.051734476574396,0.00581595908432086,17.569144618530487,0.006022766364626387,7.4397893600564755,35.805782373513615,92.90599865274571
518.6704999992984,118.81188118811886,0,3.803722128912657,3.403870413630999,0.008155169918850715,2.709148832827278,0.011175029107103369,46.57323350459951,0.005793941782063629,17.28668014668056,0.005978924474323194,7.4397893600564755,35.805782373513615,92.90599865274571
518.6804999992981,118.81188118811886,0,4.802180574347627,3.755369275446861,0.008468502900197418,2.8536158388572703,0.011316911758439747,46.10763745336444,0.005772506715647897,17.011944397980095,0.0059362738860459455,7.4397893600564755,35.805782373513615,92.90599865274571
518.6904999992979,118.81188118811886,0,5.800389643742231,3.9219860761916783,0.008620948418004249,2.860483302834937,0.011335600205655202,45.654519094858586,0.005751621582561709,16.74550127705345,0.0058948138831810305,7.4397893600564755,35.805782373513615,92.90599865274571
518.7004999992977,118.81188118811886,1,6.788427744205053,3.937321426959593,0.00864375087197473,2.8448201361915464,0.011335600205655202,45.21376543576483,0.00573125857695161,16.487610427639638,0.005854535619716094,7.4397893600564755,35.805782373513615,92.90599865274571
518.7104999992974,118.81188118811886,1,7.756675584009768,4.017033296247536,0.00864375087197473,2.92453200547949,0.011335600205655202,44.865753312141926,0.005710161590895073,16.341140253362745,0.005815416123973627,7.4397893600564755,35.805782373513615,92.90599865274571
518.7204999992972,118.81188118811886,1,8.696096110490291,4.194231414397848,0.00864375087197473,3.101730480970083,0.011335600205655202,44.56778204962137,0.005687559789324007,16.28637494182177,0.005777416677808079,7.4397893600564755,35.805782373513615,92.90599865274571
518.730499999297,118.81188118811886,1,9.598485993824486,4.358431578527005,0.00864375087197473,3.265931280759288,0.011335600205655202,44.26683668339303,0.005665507732551257,16.223530250360934,0.005740481538199657,7.4397893600564755,35.805782373513615,92.90599865274571
518.7404999992967,118.81188118811886,1,9.598485993824486,5.763059960158282,0.00864375087197473,4.360280811089183,0.011335600205655202,43.96750115368209,0.0056439068079483685,16.15865961383725,0.005704535649352459,7.4397893600564755,35.805782373513615,92.90599865274571
518.7504999992965,118.81188118811886,1,9.598485993824486,10.53088788525957,0.00864375087197473,7.97876746338419,0.011335600205655202,43.667560907239356,0.0056227792508709235,16.08888588726652,0.005669484701712572,7.4397893600564755,35.805782373513615,92.90599865274571
518.7604999992963,118.81188118811886,1,9.598485993824486,18.557634420280802,0.00864375087197473,14.042932988515801,0.011335600205655202,43.36716338420178,0.00560214240587514,16.01320540948269,0.005635226509302359,7.4397893600564755,35.805782373513615,92.90599865274571
518.770499999296,118.81188118811886,1,9.598485993824486,29.595262626686218,0.00864375087197473,21.34992956019847,0.011020715822155861,43.066934273796015,0.005581988066510109,17.7822775360331,0.005909124824111973,7.4397893600564755,35.805782373513615,92.90599865274571
518.7804999992958,118.81188118811886,1,9.598485993824486,43.30124374275933,0.008639032608067206,27.137379159590196,0.010182665695779981,42.865537543987294,0.00556534784531433,22.405970088630724,0.0066589173058518416,7.4397893600564755,35.805782373513615,92.90599865274571
518.7904999992955,118.81188118811886,1,9.598485993824486,53.89213720799656,0.007928601961714897,31.410393978492408,0.009295276197793169,48.89866632747813,0.005821040030205128,26.936580081927385,0.007398769837732537,7.4397893600564755,35.805782373513615,92.90599865274571
518.8004999992953,118.81188118811886,1,9.598485993824486,60.01365489402241,0.00694873575611259,34.3734862303422,0.008508396032063081,55.12544072443732,0.00611705044534586,30.544056957307372,0.007989547613539694,7.4397893600564755,35.805782373513615,92.90599865274571
518.8104999992951,118.81188118811886,1,9.598485993824486,64.04707998472027,0.006094610500797339,36.29801092408163,0.0078541046788264,60.00755776065465,0.006354065461454522,33.15009922212127,0.00841419054019647,7.4397893600564755,35.805782373513615,92.90599865274571
518.8204999992948,118.81188118811886,1,9.598485993824486,66.81567516751741,0.005407325194771094,37.42355534460129,0.007325449432363148,63.58908842716458,0.0065285115204682205,34.88207939192692,0.008693313238988885,7.4397893600564755,35.805782373513615,92.90599865274571
518.8304999992946,118.81188118811886,1,9.598485993824486,68.66732442740621,0.004864180148818804,37.94860479751775,0.006904050593219929,66.1134014793047,0.00665128695993289,35.915574233834434,0.008856152428918906,7.4397893600564755,35.805782373513615,92.90599865274571
518.8404999992944,118.81188118811886,1,9.598485993824486,69.8178109446905,0.004437736945865783,38.032569876531525,0.006570696060781782,67.80374862487007,0.006733193982389144,36.41385600439403,0.008929979384966674,7.4397893600564755,35.805782373513615,92.90599865274571
518.8504999992941,118.81188118811886,1,9.598485993824486,70.41435944390881,0.0041052008495739666,37.79260057211744,0.0063087521094329635,68.83603024677406,0.006782879988463205,36.51081008992121,0.008937148892327005,7.4397893600564755,35.805782373513615,92.90599865274571
518.8604999992939,118.81188118811886,1,9.598485993824486,70.56106931528473,0.003849087197691924,37.313464967230516,0.006104903781639086,69.34333305597532,0.0068069133515002,36.30993655462523,0.0088948986323905,7.4397893600564755,35.805782373513615,92.90599865274571
518.8704999992937,118.81188118811886,1,9.598485993824486,70.33534320977766,0.0036567081377103907,36.657356835410326,0.005949105788504987,69.42233057943083,0.006810090477298792,35.887082325006816,0.008815879813521308,7.4397893600564755,35.805782373513615,92.90599865274571
518.8804999992934,118.81188118811886,1,9.598485993824486,69.7843156072098,0.003519351512744604,35.86385545737471,0.005834121042312266,69.13978078649886,0.0067957418369509505,35.295750619835935,0.008709009608534197,7.4397893600564755,35.805782373513615,92.90599865274571
518.8904999992932,118.81188118811886,1,9.598485993824486,68.93179868267127,0.0034317181868611323,34.95579088994765,0.005755157929025534,68.5375411438377,0.006765972782547758,34.57136616612306,0.008580148079335709,7.4397893600564755,35.805782373513615,92.90599865274571
518.900499999293,118.81188118811886,1,9.598485993824486,67.77978946690489,0.0033917933873956322,33.94118202028558,0.005709734419380665,67.63324009421493,0.006721746983822475,33.733139340541136,0.008432486989936712,7.4397893600564755,35.805782373513615,92.90599865274571
518.9104999992927,118.81188118811886,0,9.598485993824486,66.03666143571076,0.003389236008710294,32.80701747536728,0.005697325461548571,66.54910985540216,0.006668041135349096,32.787508585987474,0.008267116083738727,7.4397893600564755,35.805782373513615,92.90599865274571
518.9204999992925,118.81188118811886,0,9.598485993824486,62.65578211047585,0.003389236008710294,31.080576439877348,0.005697325461548571,65.51938372695307,0.006616352869856973,31.85684509022014,0.008104519531435166,7.4397893600564755,35.805782373513615,92.90599865274571
518.9304999992922,118.81188118811886,0,9.598485993824486,57.48854149128335,0.003389236008710294,28.428224336046714,0.005697325461548571,64.52465393161854,0.006566449935631063,31.005528220015243,0.007955424225189371,7.4397893600564755,35.805782373513615,92.90599865274571
518.940499999292,118.81188118811886,0,9.598485993824486,50.51935598181997,0.003389236008710294,24.841927304487193,0.005697325461548571,63.56283647283152,0.006518222027854805,30.22351180156176,0.007818154800308239,7.4397893600564755,35.805782373513615,92.90599865274571
518.9504999992918,118.81188118811886,0,9.598485993824486,41.77502410385439,0.003389236008710294,20.335703971004904,0.005697325461548571,62.63241180284298,0.006471573082021123,29.50239128756064,0.007691269738857212,7.4397893600564755,35.805782373513615,92.90599865274571
518.9604999992915,118.81188118811886,0,9.598485993824486,31.322888234651575,0.003389236008710294,14.944436556919797,0.005697325461548571,61.731362585060445,0.006426424120768351,28.834680159372695,0.007573527633567018,7.4397893600564755,35.805782373513615,92.90599865274571
518.9704999992913,118.81188118811886,0,9.598485993824486,19.27489601080528,0.003389236008710294,8.726092024197678,0.005697325461548571,60.85843148706338,0.006382705390434604,28.213937145218623,0.007463858335961268,7.4397893600564755,35.805782373513615,92.90599865274571
518.980499999291,118.81188118811886,0,9.598485993824486,5.784781724595505,0.003389236008710294,1.8915081644977567,0.005767978691946983,60.0126777753425,0.006340350480694552,27.634836662248063,0.007361338417775717,7.4397893600564755,35.805782373513615,92.90599865274571
518.9904999992908,118.81188118811886,0,0.0,0.5953265015890397,0.003962464329119969,-0.08896225469335928,0.0067850946688897025,59.19230561236948,0.006299309408353172,27.092196638587783,0.007265170234570293,7.4397893600564755,35.805782373513615,92.90599865274571
